account_number,bank_name,date,description,debit,credit,balance
93671569562,METROPOLITAN BANK,01/01/2024,CLG-FASHION TEXTILES LTD,0.0,0.0,0.0
93671569562,METROPOLITAN BANK,01/01/2024,UPI/DR/496942500719/Biplab Sen/6730921641@pay,0.0,0.0,0.0
93671569562,METROPOLITAN BANK,01/01/2024,CHQ PAID-Arpita Banerjee-MICR,0.0,0.0,0.0
93671569562,METROPOLITAN BANK,01/01/2024,NEFT-881690419635-HIGHWAY DEVELOPERS INDIA,0.0,0.0,0.0
93671569562,METROPOLITAN BANK,02/01/2024,CLG-TECHVISION SYSTEMS,0.0,0.0,0.0
93671569562,METROPOLITAN BANK,02/01/2024,REVERSAL-NEFT-881690419635-HIGHWAY DEVELOPERS INDIA,0.0,0.0,0.0
93671569562,METROPOLITAN BANK,04/01/2024,CLG-CONSUMER PRODUCTS INDIA,0.0,0.0,0.0
93671569562,METROPOLITAN BANK,04/01/2024,UPI/DR/486666800739/Debashis Bose/7870456292@pay,0.0,0.0,0.0
93671569562,METROPOLITAN BANK,05/01/2024,ATM WDL-85314,0.0,0.0,0.0
93671569562,METROPOLITAN BANK,06/01/2024,CASH DEPOSIT-Debashis Chatterjee,0.0,0.0,0.0
93671569562,METROPOLITAN BANK,06/01/2024,IMPS-838639492466-CODEBASE SOLUTIONS,0.0,0.0,0.0
93671569562,METROPOLITAN BANK,08/01/2024,CLG-APEX HEAVY INDUSTRIES,0.0,0.0,0.0
93671569562,METROPOLITAN BANK,08/01/2024,NEFT-650878725285-LOAN DISBURSEMENT-CONSUMER PRODUCTS INDIA,0.0,0.0,0.0
93671569562,METROPOLITAN BANK,08/01/2024,CASH WITHDRAWAL-Sourav Bose,0.0,0.0,0.0
93671569562,METROPOLITAN BANK,08/01/2024,CHQ PAID-Amit Banerjee-MICR,0.0,0.0,0.0
93671569562,METROPOLITAN BANK,09/01/2024,IMPS-203440089592-Sreya Dutta,0.0,0.0,0.0
93671569562,METROPOLITAN BANK,11/01/2024,RTGS-ICICR105590319966-Debashis Banerjee,0.0,0.0,0.0
93671569562,METROPOLITAN BANK,11/01/2024,IMPS-310111293434-Arpita Mukherjee,0.0,0.0,0.0
93671569562,METROPOLITAN BANK,12/01/2024,CASH WITHDRAWAL-Moumita Bose,0.0,0.0,0.0
93671569562,METROPOLITAN BANK,16/01/2024,NEFT-127200081540-Amit Ghosh,0.0,0.0,0.0
93671569562,METROPOLITAN BANK,16/01/2024,IMPS-308719414819-Debashis Sen,0.0,0.0,0.0
93671569562,METROPOLITAN BANK,17/01/2024,UPI/CR/355621077289/Moumita Mukherjee/8937315499@pay,0.0,0.0,0.0
93671569562,METROPOLITAN BANK,18/01/2024,RTGS-ICICR657360752741-Moumita Bose,0.0,0.0,0.0
93671569562,METROPOLITAN BANK,18/01/2024,UPI/DR/310263638042/Moumita Dutta/6894485994@pay,0.0,0.0,0.0
93671569562,METROPOLITAN BANK,19/01/2024,NEFT-464418688163-HOUSING DEVELOPERS CORP,0.0,0.0,0.0
93671569562,METROPOLITAN BANK,19/01/2024,IMPS-475069892924-HOUSING DEVELOPERS CORP,0.0,0.0,0.0
93671569562,METROPOLITAN BANK,20/01/2024,NEFT-201804809021-Arpita Mukherjee,0.0,0.0,0.0
93671569562,METROPOLITAN BANK,20/01/2024,NEFT Dr-269804199403-GST PAYMENT-GSTIN 24A8686,0.0,0.0,0.0
93671569562,METROPOLITAN BANK,22/01/2024,NEFT-256368434252-Arpita Chatterjee,0.0,0.0,0.0
93671569562,METROPOLITAN BANK,22/01/2024,NEFT-132378208179-Debashis Chatterjee,0.0,0.0,0.0
93671569562,METROPOLITAN BANK,22/01/2024,RTGS-ICICR601023058507-COTTON MILLS CORP,0.0,0.0,0.0
93671569562,METROPOLITAN BANK,22/01/2024,CHQ PAID-Sreya Sen-MICR,0.0,0.0,0.0
93671569562,METROPOLITAN BANK,23/01/2024,SERVICE CHARGES-Foreign Currency Markup,0.0,0.0,0.0
93671569562,METROPOLITAN BANK,24/01/2024,IMPS-808503722605-Moumita Dutta,0.0,0.0,0.0
93671569562,METROPOLITAN BANK,24/01/2024,RTGS-ICICR828905483489-Debashis Ghosh,0.0,0.0,0.0
93671569562,METROPOLITAN BANK,25/01/2024,IMPS-534948991247-MEDCARE LABORATORIES,0.0,0.0,0.0
93671569562,METROPOLITAN BANK,25/01/2024,CASH WITHDRAWAL-Debashis Banerjee,0.0,0.0,0.0
93671569562,METROPOLITAN BANK,25/01/2024,CHQ PAID-Debashis Ghosh-MICR,0.0,0.0,0.0
93671569562,METROPOLITAN BANK,25/01/2024,UPI/CR/872404401177/Moumita Banerjee/8525801944@pay,0.0,0.0,0.0
93671569562,METROPOLITAN BANK,27/01/2024,IMPS-814862894400-INVESTMENT SERVICES INDIA,0.0,0.0,0.0
93671569562,METROPOLITAN BANK,27/01/2024,NEFT-106607876577-Sujit Banerjee,0.0,0.0,0.0
93671569562,METROPOLITAN BANK,27/01/2024,NEFT-168260467478-FINANCE SOLUTIONS INDIA,0.0,0.0,0.0
93671569562,METROPOLITAN BANK,27/01/2024,NEFT-860475651689-APEX HEAVY INDUSTRIES,0.0,0.0,0.0
93671569562,METROPOLITAN BANK,29/01/2024,RTGS-ICICR178481609913-Sreya Mukherjee,0.0,0.0,0.0
93671569562,METROPOLITAN BANK,29/01/2024,NEFT-189684361699-Biplab Chatterjee,0.0,0.0,0.0
93671569562,METROPOLITAN BANK,29/01/2024,IMPS-785792545578-RETAIL SOLUTIONS INDIA,0.0,0.0,0.0
93671569562,METROPOLITAN BANK,30/01/2024,UPI/CR/551567021449/Moumita Mukherjee/6533253673@pay,0.0,0.0,0.0
93671569562,METROPOLITAN BANK,30/01/2024,ATM WDL-67742,0.0,0.0,0.0
93671569562,METROPOLITAN BANK,30/01/2024,UPI/CR/388903249604/Biplab Das/6931576782@pay,0.0,0.0,0.0
93671569562,METROPOLITAN BANK,31/01/2024,RTGS-ICICR797245374644-MINDWAVE CONSULTING,0.0,0.0,0.0
93671569562,METROPOLITAN BANK,31/01/2024,NEFT-344200194818-INDUSTRIAL COMPONENTS INDIA,0.0,0.0,0.0
93671569562,METROPOLITAN BANK,01/02/2024,IMPS-906950229842-Sourav Chatterjee,0.0,0.0,0.0
93671569562,METROPOLITAN BANK,01/02/2024,CHQ PAID-Sourav Mukherjee-MICR,0.0,0.0,0.0
93671569562,METROPOLITAN BANK,01/02/2024,CASH WITHDRAWAL-Sreya Sen,0.0,0.0,0.0
93671569562,METROPOLITAN BANK,01/02/2024,NEFT-439264017694-Sourav Ghosh,0.0,0.0,0.0
93671569562,METROPOLITAN BANK,01/02/2024,RTGS-ICICR178564805888-Arpita Sen,0.0,0.0,0.0
93671569562,METROPOLITAN BANK,02/02/2024,IMPS-469537322449-Sreya Das,0.0,0.0,0.0
93671569562,METROPOLITAN BANK,03/02/2024,NEFT-437438058738-Biplab Dutta,0.0,0.0,0.0
93671569562,METROPOLITAN BANK,03/02/2024,CLG-URBAN CONSTRUCTIONS,0.0,0.0,0.0
93671569562,METROPOLITAN BANK,05/02/2024,IMPS-962549050302-URBAN ESTATES INDIA,0.0,0.0,0.0
93671569562,METROPOLITAN BANK,05/02/2024,IMPS-443482908498-METROPOLITAN BUILDERS,0.0,0.0,0.0
93671569562,METROPOLITAN BANK,06/02/2024,NEFT-689175035951-Sourav Chatterjee,0.0,0.0,0.0
93671569562,METROPOLITAN BANK,06/02/2024,CASH DEPOSIT-Sreya Sen,0.0,0.0,0.0
93671569562,METROPOLITAN BANK,06/02/2024,REVERSAL-CLG-URBAN CONSTRUCTIONS,0.0,0.0,0.0
93671569562,METROPOLITAN BANK,06/02/2024,RTGS-ICICR631750769971-CONSUMER PRODUCTS INDIA,0.0,0.0,0.0
93671569562,METROPOLITAN BANK,07/02/2024,NEFT-593325184831-COTTON MILLS CORP,0.0,0.0,0.0
93671569562,METROPOLITAN BANK,08/02/2024,UPI/DR/874286073909/Moumita Chatterjee/7835389899@pay,0.0,0.0,0.0
93671569562,METROPOLITAN BANK,08/02/2024,CHQ PAID-Sourav Das-MICR,0.0,0.0,0.0
93671569562,METROPOLITAN BANK,08/02/2024,NEFT-553008549182-MOTOR INDUSTRIES LTD,0.0,0.0,0.0
93671569562,METROPOLITAN BANK,09/02/2024,CLG-MEDCARE LABORATORIES,0.0,0.0,0.0
93671569562,METROPOLITAN BANK,09/02/2024,UPI/CR/460105906010/Arpita Ghosh/8996115660@pay,0.0,0.0,0.0
93671569562,METROPOLITAN BANK,09/02/2024,RTGS-ICICR976694996183-CONSTRUCTION SOLUTIONS LTD,0.0,0.0,0.0
93671569562,METROPOLITAN BANK,09/02/2024,RTGS-ICICR558604298079-Debashis Ghosh,0.0,0.0,0.0
93671569562,METROPOLITAN BANK,09/02/2024,CASH DEPOSIT-Arpita Mukherjee,0.0,0.0,0.0
93671569562,METROPOLITAN BANK,12/02/2024,CHQ PAID-Debashis Mukherjee-MICR,0.0,0.0,0.0
93671569562,METROPOLITAN BANK,12/02/2024,UPI/CR/429902441432/Arpita Chatterjee/7441615548@pay,0.0,0.0,0.0
93671569562,METROPOLITAN BANK,12/02/2024,NEFT-412174678169-HOUSING DEVELOPERS CORP,0.0,0.0,0.0
93671569562,METROPOLITAN BANK,12/02/2024,CASH DEPOSIT-Amit Dutta,0.0,0.0,0.0
93671569562,METROPOLITAN BANK,12/02/2024,CASH WITHDRAWAL-Sujit Ghosh,0.0,0.0,0.0
93671569562,METROPOLITAN BANK,13/02/2024,IMPS-631622638972-Debashis Bose,0.0,0.0,0.0
93671569562,METROPOLITAN BANK,13/02/2024,CASH WITHDRAWAL-Debashis Das,0.0,0.0,0.0
93671569562,METROPOLITAN BANK,13/02/2024,IMPS-243995820572-HEALTHPLUS PHARMA LTD,0.0,0.0,0.0
93671569562,METROPOLITAN BANK,15/02/2024,CHQ PAID-Biplab Ghosh-MICR,0.0,0.0,0.0
93671569562,METROPOLITAN BANK,15/02/2024,CLG-PREMIUM PROPERTIES LTD,0.0,0.0,0.0
93671569562,METROPOLITAN BANK,16/02/2024,CASH WITHDRAWAL-Amit Banerjee,0.0,0.0,0.0
93671569562,METROPOLITAN BANK,17/02/2024,NEFT-499127759824-Moumita Bose,0.0,0.0,0.0
93671569562,METROPOLITAN BANK,17/02/2024,CASH DEPOSIT-Sourav Ghosh,0.0,0.0,0.0
93671569562,METROPOLITAN BANK,17/02/2024,ATM WDL-60533,0.0,0.0,0.0
93671569562,METROPOLITAN BANK,17/02/2024,CASH WITHDRAWAL-Sujit Banerjee,0.0,0.0,0.0
93671569562,METROPOLITAN BANK,17/02/2024,CLG-APEX HEAVY INDUSTRIES,0.0,0.0,0.0
93671569562,METROPOLITAN BANK,17/02/2024,NEFT-648133157934-Sourav Banerjee,0.0,0.0,0.0
93671569562,METROPOLITAN BANK,17/02/2024,IMPS-893722544502-Sujit Mukherjee,0.0,0.0,0.0
93671569562,METROPOLITAN BANK,17/02/2024,RTGS-ICICR502107000382-MEDCARE LABORATORIES,0.0,0.0,0.0
93671569562,METROPOLITAN BANK,19/02/2024,NEFT-376652335954-DIGITAL SOLUTIONS INDIA,0.0,0.0,0.0
93671569562,METROPOLITAN BANK,19/02/2024,CASH WITHDRAWAL-Sujit Dutta,0.0,0.0,0.0
93671569562,METROPOLITAN BANK,19/02/2024,IMPS-722122313334-Debashis Dutta,0.0,0.0,0.0
93671569562,METROPOLITAN BANK,20/02/2024,NEFT Dr-549420003929-GST PAYMENT-GSTIN 88D3086,0.0,0.0,0.0
93671569562,METROPOLITAN BANK,21/02/2024,RTGS-ICICR721065563710-Amit Sen,0.0,0.0,0.0
93671569562,METROPOLITAN BANK,22/02/2024,CHQ PAID-Arpita Ghosh-MICR,0.0,0.0,0.0
93671569562,METROPOLITAN BANK,22/02/2024,RTGS-ICICR871438276136-Amit Das,0.0,0.0,0.0
93671569562,METROPOLITAN BANK,24/02/2024,IMPS-283429523453-INVESTMENT SERVICES INDIA,0.0,0.0,0.0
93671569562,METROPOLITAN BANK,24/02/2024,ATM WDL-75307,0.0,0.0,0.0
93671569562,METROPOLITAN BANK,26/02/2024,IMPS-716223296311-HEALTHPLUS PHARMA LTD,0.0,0.0,0.0
93671569562,METROPOLITAN BANK,27/02/2024,CLG-URBAN CONSTRUCTIONS,0.0,0.0,0.0
93671569562,METROPOLITAN BANK,27/02/2024,RTGS-ICICR315703963001-THERMAL SYSTEMS LTD,0.0,0.0,0.0
93671569562,METROPOLITAN BANK,28/02/2024,NEFT-299435734742-DAILY NEEDS LIMITED,0.0,0.0,0.0
93671569562,METROPOLITAN BANK,28/02/2024,NEFT-745935636803-LIFELINE PHARMACEUTICAL,0.0,0.0,0.0
93671569562,METROPOLITAN BANK,28/02/2024,Service Charges-Demat Account AMC,0.0,0.0,0.0
93671569562,METROPOLITAN BANK,28/02/2024,Service Charges-Account Maintenance,0.0,0.0,0.0
93671569562,METROPOLITAN BANK,28/02/2024,Service Charges-Cheque Book Charges,0.0,0.0,0.0
93671569562,METROPOLITAN BANK,29/02/2024,NEFT-489362978698-Arpita Mukherjee,0.0,0.0,0.0
93671569562,METROPOLITAN BANK,29/02/2024,CHQ PAID-Sourav Mukherjee-MICR,0.0,0.0,0.0
93671569562,METROPOLITAN BANK,29/02/2024,CLG-HEALTHCARE PRODUCTS LTD,0.0,0.0,0.0
93671569562,METROPOLITAN BANK,01/03/2024,CASH DEPOSIT-Biplab Ghosh,0.0,0.0,0.0
93671569562,METROPOLITAN BANK,01/03/2024,NEFT-802245550023-Debashis Das,0.0,0.0,0.0
93671569562,METROPOLITAN BANK,01/03/2024,NEFT-141639186569-CARGO SOLUTIONS LTD,0.0,0.0,0.0
93671569562,METROPOLITAN BANK,04/03/2024,CASH WITHDRAWAL-Sreya Das,0.0,0.0,0.0
93671569562,METROPOLITAN BANK,05/03/2024,NEFT-754533932323-PREMIUM INFRASTRUCTURE,0.0,0.0,0.0
93671569562,METROPOLITAN BANK,06/03/2024,NEFT-720874953961-APEX HEAVY INDUSTRIES,0.0,0.0,0.0
93671569562,METROPOLITAN BANK,06/03/2024,UPI/DR/938228273657/Arpita Dutta/9815443082@pay,0.0,0.0,0.0
93671569562,METROPOLITAN BANK,07/03/2024,CHQ PAID-Amit Mukherjee-MICR,0.0,0.0,0.0
93671569562,METROPOLITAN BANK,09/03/2024,SERVICE CHARGES-SMS Alert Charges,0.0,0.0,0.0
93671569562,METROPOLITAN BANK,09/03/2024,RTGS-ICICR667538531993-Arpita Dutta,0.0,0.0,0.0
93671569562,METROPOLITAN BANK,11/03/2024,CLG-INFOCORE TECHNOLOGIES,0.0,0.0,0.0
93671569562,METROPOLITAN BANK,12/03/2024,NEFT-150314809406-COTTON MILLS CORP,0.0,0.0,0.0
93671569562,METROPOLITAN BANK,12/03/2024,CHQ PAID-Sourav Ghosh-MICR,0.0,0.0,0.0
93671569562,METROPOLITAN BANK,12/03/2024,CASH WITHDRAWAL-Moumita Bose,0.0,0.0,0.0
93671569562,METROPOLITAN BANK,12/03/2024,IMPS-767182568503-Debashis Bose,0.0,0.0,0.0
93671569562,METROPOLITAN BANK,12/03/2024,CLG-FINANCE SOLUTIONS INDIA,0.0,0.0,0.0
93671569562,METROPOLITAN BANK,13/03/2024,IMPS-699348237428-AUTOMOTIVE PARTS CORP,0.0,0.0,0.0
93671569562,METROPOLITAN BANK,15/03/2024,IMPS-530660066073-PRECISION ENGINEERING WORKS,0.0,0.0,0.0
93671569562,METROPOLITAN BANK,15/03/2024,Dividend Cr-CONSTRUCTION SOLUTIONS LTD-EQUITY SHARES,0.0,0.0,0.0
93671569562,METROPOLITAN BANK,16/03/2024,Dividend Cr-INVESTMENT SERVICES INDIA-EQUITY SHARES,0.0,0.0,0.0
93671569562,METROPOLITAN BANK,18/03/2024,NEFT-356818469317-Sujit Banerjee,0.0,0.0,0.0
93671569562,METROPOLITAN BANK,18/03/2024,RTGS-ICICR833426810191-PREMIUM INFRASTRUCTURE,0.0,0.0,0.0
93671569562,METROPOLITAN BANK,20/03/2024,UPI/CR/192676079687/Sreya Das/6895935167@pay,0.0,0.0,0.0
93671569562,METROPOLITAN BANK,20/03/2024,NEFT Dr-555018204946-GST PAYMENT-GSTIN 17B4289,0.0,0.0,0.0
93671569562,METROPOLITAN BANK,20/03/2024,FAILED-INSUFFICIENT FUNDS-CASH WITHDRAWAL-Biplab Bose,0.0,0.0,0.0
93671569562,METROPOLITAN BANK,20/03/2024,RTGS-ICICR349326708987-FASHION TEXTILES LTD,0.0,0.0,0.0
93671569562,METROPOLITAN BANK,21/03/2024,SERVICE CHARGES-Online Banking Charges,0.0,0.0,0.0
93671569562,METROPOLITAN BANK,21/03/2024,UPI/CR/858543900722/Sujit Sen/6039526571@pay,0.0,0.0,0.0
93671569562,METROPOLITAN BANK,22/03/2024,ATM WDL-10375,0.0,0.0,0.0
93671569562,METROPOLITAN BANK,23/03/2024,CASH WITHDRAWAL-Biplab Mukherjee,0.0,0.0,0.0
93671569562,METROPOLITAN BANK,26/03/2024,NEFT-533332686973-CONSUMER PRODUCTS INDIA,0.0,0.0,0.0
93671569562,METROPOLITAN BANK,26/03/2024,ATM WDL-33416,0.0,0.0,0.0
93671569562,METROPOLITAN BANK,27/03/2024,NEFT-414653573821-Debashis Mukherjee,0.0,0.0,0.0
93671569562,METROPOLITAN BANK,27/03/2024,CHQ PAID-Sreya Mukherjee-MICR,0.0,0.0,0.0
93671569562,METROPOLITAN BANK,27/03/2024,IMPS-366258800986-Biplab Banerjee,0.0,0.0,0.0
93671569562,METROPOLITAN BANK,27/03/2024,RTGS-ICICR808270980424-Amit Banerjee,0.0,0.0,0.0
93671569562,METROPOLITAN BANK,27/03/2024,CLG-FABRIC INDUSTRIES INDIA,0.0,0.0,0.0
93671569562,METROPOLITAN BANK,28/03/2024,IMPS-138756513515-URBAN CONSTRUCTIONS,0.0,0.0,0.0
93671569562,METROPOLITAN BANK,28/03/2024,CASH WITHDRAWAL-Biplab Das,0.0,0.0,0.0
93671569562,METROPOLITAN BANK,28/03/2024,UPI/CR/412410978580/Amit Dutta/6601041769@pay,0.0,0.0,0.0
93671569562,METROPOLITAN BANK,28/03/2024,RTGS-ICICR191404519333-Sujit Das,0.0,0.0,0.0
93671569562,METROPOLITAN BANK,28/03/2024,Dividend Cr-HIGHWAY DEVELOPERS INDIA-EQUITY SHARES,0.0,0.0,0.0
93671569562,METROPOLITAN BANK,28/03/2024,CLG-GATEWAY PROJECTS LTD,0.0,0.0,0.0
93671569562,METROPOLITAN BANK,28/03/2024,Service Charges-SMS Alert Charges,0.0,0.0,0.0
93671569562,METROPOLITAN BANK,28/03/2024,Service Charges-Account Maintenance,0.0,0.0,0.0
93671569562,METROPOLITAN BANK,28/03/2024,Service Charges-Statement Charges,0.0,0.0,0.0
93671569562,METROPOLITAN BANK,30/03/2024,NEFT-712702748091-INVESTMENT SERVICES INDIA,0.0,0.0,0.0
93671569562,METROPOLITAN BANK,30/03/2024,IMPS-790841784891-Arpita Sen,0.0,0.0,0.0
93671569562,METROPOLITAN BANK,30/03/2024,CLG-CYBERCRAFT SYSTEMS,0.0,0.0,0.0
34068224171,INDUSBANK LIMITED,01/01/2024,IMPS-332825958695-CONSTRUCTION SOLUTIONS LTD,0.0,0.0,0.0
34068224171,INDUSBANK LIMITED,01/01/2024,SERVICE CHARGES-SMS Alert Charges,0.0,0.0,0.0
34068224171,INDUSBANK LIMITED,02/01/2024,RTGS-ICICR669789855869-Debashis Sen,0.0,0.0,0.0
34068224171,INDUSBANK LIMITED,02/01/2024,CLG-HEALTHCARE PRODUCTS LTD,0.0,0.0,0.0
34068224171,INDUSBANK LIMITED,02/01/2024,NEFT-726341209659-Debashis Chatterjee,0.0,0.0,0.0
34068224171,INDUSBANK LIMITED,03/01/2024,CLG-CAPITAL VENTURES INDIA,0.0,0.0,0.0
34068224171,INDUSBANK LIMITED,03/01/2024,CHQ PAID-Sreya Mukherjee-MICR,0.0,0.0,0.0
34068224171,INDUSBANK LIMITED,03/01/2024,CLG-URBAN CONSTRUCTIONS,0.0,0.0,0.0
34068224171,INDUSBANK LIMITED,03/01/2024,CHQ PAID-Biplab Dutta-MICR,0.0,0.0,0.0
34068224171,INDUSBANK LIMITED,04/01/2024,CLG-URBAN ESTATES INDIA,0.0,0.0,0.0
34068224171,INDUSBANK LIMITED,04/01/2024,CLG-URBAN CONSTRUCTIONS,0.0,0.0,0.0
34068224171,INDUSBANK LIMITED,04/01/2024,IMPS-450737107064-Biplab Chatterjee,0.0,0.0,0.0
34068224171,INDUSBANK LIMITED,05/01/2024,NEFT-460883934750-Sujit Sen,0.0,0.0,0.0
34068224171,INDUSBANK LIMITED,05/01/2024,CLG-SUPPLY CHAIN CORP,0.0,0.0,0.0
34068224171,INDUSBANK LIMITED,06/01/2024,UPI/CR/663620378225/Sourav Dutta/6255452984@pay,0.0,0.0,0.0
34068224171,INDUSBANK LIMITED,08/01/2024,ATM WDL-22818,0.0,0.0,0.0
34068224171,INDUSBANK LIMITED,09/01/2024,UPI/CR/957586074964/Moumita Chatterjee/7827279887@pay,0.0,0.0,0.0
34068224171,INDUSBANK LIMITED,09/01/2024,RTGS-ICICR694152386411-MOTOR INDUSTRIES LTD,0.0,0.0,0.0
34068224171,INDUSBANK LIMITED,09/01/2024,CLG-HIGHWAY DEVELOPERS INDIA,0.0,0.0,0.0
34068224171,INDUSBANK LIMITED,11/01/2024,CLG-THERMAL SYSTEMS LTD,0.0,0.0,0.0
34068224171,INDUSBANK LIMITED,12/01/2024,NEFT-681162874975-PREMIUM INFRASTRUCTURE,0.0,0.0,0.0
34068224171,INDUSBANK LIMITED,13/01/2024,UPI/CR/451240120409/Arpita Mukherjee/6096550720@pay,0.0,0.0,0.0
34068224171,INDUSBANK LIMITED,15/01/2024,IMPS-372414255374-PERSONAL CARE LTD,0.0,0.0,0.0
34068224171,INDUSBANK LIMITED,15/01/2024,UPI/CR/827879283173/Moumita Das/6801023201@pay,0.0,0.0,0.0
34068224171,INDUSBANK LIMITED,15/01/2024,RTGS-ICICR406650879120-Biplab Bose,0.0,0.0,0.0
34068224171,INDUSBANK LIMITED,16/01/2024,RTGS-ICICR425692516542-Biplab Mukherjee,0.0,0.0,0.0
34068224171,INDUSBANK LIMITED,17/01/2024,CLG-MINDWAVE CONSULTING,0.0,0.0,0.0
34068224171,INDUSBANK LIMITED,17/01/2024,SERVICE CHARGES-NEFT/RTGS Charges,0.0,0.0,0.0
34068224171,INDUSBANK LIMITED,17/01/2024,NEFT-226549398508-THERMAL SYSTEMS LTD,0.0,0.0,0.0
34068224171,INDUSBANK LIMITED,17/01/2024,IMPS-646541084296-INFOCORE TECHNOLOGIES,0.0,0.0,0.0
34068224171,INDUSBANK LIMITED,18/01/2024,UPI/DR/854662006788/Sourav Bose/9460338544@pay,0.0,0.0,0.0
34068224171,INDUSBANK LIMITED,18/01/2024,IMPS-941910093672-MOTOR INDUSTRIES LTD,0.0,0.0,0.0
34068224171,INDUSBANK LIMITED,18/01/2024,CHQ PAID-Arpita Bose-MICR,0.0,0.0,0.0
34068224171,INDUSBANK LIMITED,19/01/2024,IMPS-985644642663-Amit Chatterjee,0.0,0.0,0.0
34068224171,INDUSBANK LIMITED,20/01/2024,UPI/DR/380209614650/Sujit Mukherjee/8435246132@pay,0.0,0.0,0.0
34068224171,INDUSBANK LIMITED,22/01/2024,NEFT-405024929549-FABRIC INDUSTRIES INDIA,0.0,0.0,0.0
34068224171,INDUSBANK LIMITED,23/01/2024,CASH DEPOSIT-Sujit Mukherjee,0.0,0.0,0.0
34068224171,INDUSBANK LIMITED,24/01/2024,CASH DEPOSIT-Sujit Banerjee,0.0,0.0,0.0
34068224171,INDUSBANK LIMITED,24/01/2024,IMPS-316395605051-CONSTRUCTION SOLUTIONS LTD,0.0,0.0,0.0
34068224171,INDUSBANK LIMITED,25/01/2024,CHQ PAID-Arpita Banerjee-MICR,0.0,0.0,0.0
34068224171,INDUSBANK LIMITED,27/01/2024,NEFT-256628219425-Sujit Sen,0.0,0.0,0.0
34068224171,INDUSBANK LIMITED,27/01/2024,NEFT-853425720551-Biplab Mukherjee,0.0,0.0,0.0
34068224171,INDUSBANK LIMITED,27/01/2024,CLG-SOFTWAVE TECHNOLOGIES,0.0,0.0,0.0
34068224171,INDUSBANK LIMITED,27/01/2024,CASH DEPOSIT-Amit Dutta,0.0,0.0,0.0
34068224171,INDUSBANK LIMITED,29/01/2024,UPI/CR/568609341618/Sourav Dutta/7947589516@pay,0.0,0.0,0.0
34068224171,INDUSBANK LIMITED,30/01/2024,IMPS-199978623088-URBAN CONSTRUCTIONS,0.0,0.0,0.0
34068224171,INDUSBANK LIMITED,30/01/2024,UPI/DR/319011992581/Sujit Mukherjee/8459688825@pay,0.0,0.0,0.0
34068224171,INDUSBANK LIMITED,30/01/2024,RTGS-ICICR629304592808-Amit Das,0.0,0.0,0.0
34068224171,INDUSBANK LIMITED,31/01/2024,IMPS-391960169668-MEDCARE LABORATORIES,0.0,0.0,0.0
34068224171,INDUSBANK LIMITED,01/02/2024,UPI/CR/766815255507/Biplab Chatterjee/9732135875@pay,0.0,0.0,0.0
34068224171,INDUSBANK LIMITED,01/02/2024,UPI/CR/676536493360/Debashis Bose/9892665695@pay,0.0,0.0,0.0
34068224171,INDUSBANK LIMITED,01/02/2024,NEFT-579208235883-METROPOLITAN BUILDERS,0.0,0.0,0.0
34068224171,INDUSBANK LIMITED,02/02/2024,RTGS-ICICR418445097935-RETAIL SOLUTIONS INDIA,0.0,0.0,0.0
34068224171,INDUSBANK LIMITED,02/02/2024,CLG-MEDCARE LABORATORIES,0.0,0.0,0.0
34068224171,INDUSBANK LIMITED,03/02/2024,IMPS-236020219390-HEALTHCARE PRODUCTS LTD,0.0,0.0,0.0
34068224171,INDUSBANK LIMITED,03/02/2024,IMPS-987325588162-Moumita Dutta,0.0,0.0,0.0
34068224171,INDUSBANK LIMITED,05/02/2024,NEFT-334880454488-MEDCARE LABORATORIES,0.0,0.0,0.0
34068224171,INDUSBANK LIMITED,05/02/2024,CHQ PAID-Biplab Chatterjee-MICR,0.0,0.0,0.0
34068224171,INDUSBANK LIMITED,06/02/2024,IMPS-926943581722-FABRIC INDUSTRIES INDIA,0.0,0.0,0.0
34068224171,INDUSBANK LIMITED,07/02/2024,NEFT Dr-748037584551-UTILITY SUBSCRIPTION,0.0,0.0,0.0
34068224171,INDUSBANK LIMITED,07/02/2024,CLG-URBAN CONSTRUCTIONS,0.0,0.0,0.0
34068224171,INDUSBANK LIMITED,07/02/2024,RTGS-ICICR118460914780-CONSUMER PRODUCTS INDIA,0.0,0.0,0.0
34068224171,INDUSBANK LIMITED,08/02/2024,NEFT-711338573680-CREDIT SERVICES LTD,0.0,0.0,0.0
34068224171,INDUSBANK LIMITED,09/02/2024,CASH WITHDRAWAL-Sujit Chatterjee,0.0,0.0,0.0
34068224171,INDUSBANK LIMITED,10/02/2024,CLG-CYBERCRAFT SYSTEMS,0.0,0.0,0.0
34068224171,INDUSBANK LIMITED,10/02/2024,REVERSAL-NEFT-711338573680-CREDIT SERVICES LTD,0.0,0.0,0.0
34068224171,INDUSBANK LIMITED,10/02/2024,IMPS-811196746303-PERSONAL CARE LTD,0.0,0.0,0.0
34068224171,INDUSBANK LIMITED,10/02/2024,IMPS-863314852683-HEALTHPLUS PHARMA LTD,0.0,0.0,0.0
34068224171,INDUSBANK LIMITED,12/02/2024,CHQ PAID-Moumita Das-MICR,0.0,0.0,0.0
34068224171,INDUSBANK LIMITED,12/02/2024,CLG-CYBERCRAFT SYSTEMS,0.0,0.0,0.0
34068224171,INDUSBANK LIMITED,12/02/2024,NEFT-722751383093-METROPOLITAN BUILDERS,0.0,0.0,0.0
34068224171,INDUSBANK LIMITED,12/02/2024,IMPS-386711333675-Biplab Dutta,0.0,0.0,0.0
34068224171,INDUSBANK LIMITED,13/02/2024,IMPS-229672250840-Sourav Bose,0.0,0.0,0.0
34068224171,INDUSBANK LIMITED,13/02/2024,IMPS-291458747402-DIGITAL SOLUTIONS INDIA,0.0,0.0,0.0
34068224171,INDUSBANK LIMITED,14/02/2024,ATM WDL-64288,0.0,0.0,0.0
34068224171,INDUSBANK LIMITED,14/02/2024,NEFT Dr-982155916435-UTILITY SUBSCRIPTION,0.0,0.0,0.0
34068224171,INDUSBANK LIMITED,14/02/2024,CHQ PAID-Debashis Mukherjee-MICR,0.0,0.0,0.0
34068224171,INDUSBANK LIMITED,14/02/2024,RTGS-ICICR224207147482-CODEBASE SOLUTIONS,0.0,0.0,0.0
34068224171,INDUSBANK LIMITED,15/02/2024,RTGS-ICICR512535454526-NETFORGE TECHNOLOGIES,0.0,0.0,0.0
34068224171,INDUSBANK LIMITED,15/02/2024,CASH WITHDRAWAL-Amit Das,0.0,0.0,0.0
34068224171,INDUSBANK LIMITED,15/02/2024,UPI/CR/127098656863/Amit Sen/6346545138@pay,0.0,0.0,0.0
34068224171,INDUSBANK LIMITED,15/02/2024,NEFT-663968501413-SOFTWAVE TECHNOLOGIES,0.0,0.0,0.0
34068224171,INDUSBANK LIMITED,15/02/2024,NEFT-684160712560-Moumita Ghosh,0.0,0.0,0.0
34068224171,INDUSBANK LIMITED,16/02/2024,NEFT-752697218886-Sujit Chatterjee,0.0,0.0,0.0
34068224171,INDUSBANK LIMITED,16/02/2024,NEFT-288107249408-Sreya Dutta,0.0,0.0,0.0
34068224171,INDUSBANK LIMITED,17/02/2024,NEFT-497020784348-METROPOLITAN BUILDERS,0.0,0.0,0.0
34068224171,INDUSBANK LIMITED,20/02/2024,CHQ PAID-Arpita Mukherjee-MICR,0.0,0.0,0.0
34068224171,INDUSBANK LIMITED,20/02/2024,UPI/DR/940080836940/Biplab Banerjee/6623973149@pay,0.0,0.0,0.0
34068224171,INDUSBANK LIMITED,21/02/2024,UPI/CR/118692522892/Amit Banerjee/6720919916@pay,0.0,0.0,0.0
34068224171,INDUSBANK LIMITED,21/02/2024,CASH WITHDRAWAL-Sourav Banerjee,0.0,0.0,0.0
34068224171,INDUSBANK LIMITED,21/02/2024,IMPS-533378097194-Amit Sen,0.0,0.0,0.0
34068224171,INDUSBANK LIMITED,22/02/2024,CASH WITHDRAWAL-Sourav Mukherjee,0.0,0.0,0.0
34068224171,INDUSBANK LIMITED,22/02/2024,UPI/CR/348875155602/Sreya Das/9912223848@pay,0.0,0.0,0.0
34068224171,INDUSBANK LIMITED,22/02/2024,IMPS-722445992263-Sreya Sen,0.0,0.0,0.0
34068224171,INDUSBANK LIMITED,23/02/2024,NEFT-338804176013-Sreya Ghosh,0.0,0.0,0.0
34068224171,INDUSBANK LIMITED,24/02/2024,CHQ PAID-Moumita Dutta-MICR,0.0,0.0,0.0
34068224171,INDUSBANK LIMITED,24/02/2024,IMPS-223368703784-Sujit Ghosh,0.0,0.0,0.0
34068224171,INDUSBANK LIMITED,26/02/2024,IMPS-544132950798-CLOUDTECH SERVICES,0.0,0.0,0.0
34068224171,INDUSBANK LIMITED,26/02/2024,CHQ PAID-Sujit Chatterjee-MICR,0.0,0.0,0.0
34068224171,INDUSBANK LIMITED,27/02/2024,SERVICE CHARGES-Statement Charges,0.0,0.0,0.0
34068224171,INDUSBANK LIMITED,27/02/2024,CLG-WEBSTREAM LIMITED,0.0,0.0,0.0
34068224171,INDUSBANK LIMITED,28/02/2024,NEFT-764824582345-FABRIC INDUSTRIES INDIA,0.0,0.0,0.0
34068224171,INDUSBANK LIMITED,28/02/2024,CLG-FINANCE SOLUTIONS INDIA,0.0,0.0,0.0
34068224171,INDUSBANK LIMITED,28/02/2024,Service Charges-Demat Account AMC,0.0,0.0,0.0
34068224171,INDUSBANK LIMITED,01/03/2024,CASH DEPOSIT-Sujit Chatterjee,0.0,0.0,0.0
34068224171,INDUSBANK LIMITED,01/03/2024,NEFT-871908033928-METROPOLITAN BUILDERS,0.0,0.0,0.0
34068224171,INDUSBANK LIMITED,01/03/2024,NEFT-267999854085-MOTOR INDUSTRIES LTD,0.0,0.0,0.0
34068224171,INDUSBANK LIMITED,04/03/2024,IMPS-791810828925-Sujit Chatterjee,0.0,0.0,0.0
34068224171,INDUSBANK LIMITED,04/03/2024,IMPS-127123589284-Moumita Mukherjee,0.0,0.0,0.0
34068224171,INDUSBANK LIMITED,04/03/2024,SERVICE CHARGES-Online Banking Charges,0.0,0.0,0.0
34068224171,INDUSBANK LIMITED,04/03/2024,RTGS-ICICR635893966836-HIGHWAY DEVELOPERS INDIA,0.0,0.0,0.0
34068224171,INDUSBANK LIMITED,05/03/2024,CHQ PAID-Sourav Bose-MICR,0.0,0.0,0.0
34068224171,INDUSBANK LIMITED,05/03/2024,NEFT-457067134864-Moumita Chatterjee,0.0,0.0,0.0
34068224171,INDUSBANK LIMITED,05/03/2024,CASH DEPOSIT-Moumita Mukherjee,0.0,0.0,0.0
34068224171,INDUSBANK LIMITED,05/03/2024,NEFT-730185163872-CYBERCRAFT SYSTEMS,0.0,0.0,0.0
34068224171,INDUSBANK LIMITED,06/03/2024,ATM WDL-55042,0.0,0.0,0.0
34068224171,INDUSBANK LIMITED,06/03/2024,REVERSAL-CASH DEPOSIT-Moumita Mukherjee,0.0,0.0,0.0
34068224171,INDUSBANK LIMITED,06/03/2024,UPI/CR/442187200778/Arpita Mukherjee/7355363860@pay,0.0,0.0,0.0
34068224171,INDUSBANK LIMITED,07/03/2024,NEFT Dr-538780079401-INSURANCE SUBSCRIPTION,0.0,0.0,0.0
34068224171,INDUSBANK LIMITED,07/03/2024,NEFT-308620924065-Moumita Mukherjee,0.0,0.0,0.0
34068224171,INDUSBANK LIMITED,07/03/2024,IMPS-957755519646-FABRIC INDUSTRIES INDIA,0.0,0.0,0.0
34068224171,INDUSBANK LIMITED,07/03/2024,IMPS-964604185796-FOOD INDUSTRIES CORP,0.0,0.0,0.0
34068224171,INDUSBANK LIMITED,07/03/2024,CASH WITHDRAWAL-Arpita Das,0.0,0.0,0.0
34068224171,INDUSBANK LIMITED,09/03/2024,NEFT-928356291303-Amit Banerjee,0.0,0.0,0.0
34068224171,INDUSBANK LIMITED,09/03/2024,CHQ PAID-Biplab Mukherjee-MICR,0.0,0.0,0.0
34068224171,INDUSBANK LIMITED,11/03/2024,UPI/DR/837398205041/Arpita Das/6953329982@pay,0.0,0.0,0.0
34068224171,INDUSBANK LIMITED,11/03/2024,RTGS-ICICR368056278627-Amit Sen,0.0,0.0,0.0
34068224171,INDUSBANK LIMITED,12/03/2024,RTGS-ICICR679593603959-WELLNESS BRANDS INDIA,0.0,0.0,0.0
34068224171,INDUSBANK LIMITED,12/03/2024,RTGS-ICICR327809746327-GATEWAY PROJECTS LTD,0.0,0.0,0.0
34068224171,INDUSBANK LIMITED,13/03/2024,CASH DEPOSIT-Sourav Mukherjee,0.0,0.0,0.0
34068224171,INDUSBANK LIMITED,13/03/2024,IMPS-632532016651-Sreya Dutta,0.0,0.0,0.0
34068224171,INDUSBANK LIMITED,14/03/2024,RTGS-ICICR695881771098-Sujit Sen,0.0,0.0,0.0
34068224171,INDUSBANK LIMITED,14/03/2024,NEFT Dr-497203025608-INSURANCE SUBSCRIPTION,0.0,0.0,0.0
34068224171,INDUSBANK LIMITED,14/03/2024,UPI/CR/824870473349/Amit Banerjee/8116282177@pay,0.0,0.0,0.0
34068224171,INDUSBANK LIMITED,15/03/2024,IMPS-655319040390-Sourav Chatterjee,0.0,0.0,0.0
34068224171,INDUSBANK LIMITED,15/03/2024,UPI/CR/202722848380/Sujit Chatterjee/9415827650@pay,0.0,0.0,0.0
34068224171,INDUSBANK LIMITED,16/03/2024,NEFT-421582089366-INFOCORE TECHNOLOGIES,0.0,0.0,0.0
34068224171,INDUSBANK LIMITED,16/03/2024,IMPS-782576963678-APEX HEAVY INDUSTRIES,0.0,0.0,0.0
34068224171,INDUSBANK LIMITED,18/03/2024,CASH DEPOSIT-Amit Mukherjee,0.0,0.0,0.0
34068224171,INDUSBANK LIMITED,18/03/2024,CASH DEPOSIT-Amit Chatterjee,0.0,0.0,0.0
34068224171,INDUSBANK LIMITED,19/03/2024,CHQ PAID-Biplab Das-MICR,0.0,0.0,0.0
34068224171,INDUSBANK LIMITED,19/03/2024,UPI/DR/376923425186/Moumita Ghosh/6516181209@pay,0.0,0.0,0.0
34068224171,INDUSBANK LIMITED,20/03/2024,CASH WITHDRAWAL-Sreya Bose,0.0,0.0,0.0
34068224171,INDUSBANK LIMITED,20/03/2024,NEFT-699637882807-GATEWAY PROJECTS LTD,0.0,0.0,0.0
34068224171,INDUSBANK LIMITED,21/03/2024,NEFT-241768655002-DATABRIDGE INFOTECH,0.0,0.0,0.0
34068224171,INDUSBANK LIMITED,21/03/2024,CLG-MINDWAVE CONSULTING,0.0,0.0,0.0
34068224171,INDUSBANK LIMITED,21/03/2024,NEFT-649466297440-MINDWAVE CONSULTING,0.0,0.0,0.0
34068224171,INDUSBANK LIMITED,22/03/2024,IMPS-190042070958-CODEBASE SOLUTIONS,0.0,0.0,0.0
34068224171,INDUSBANK LIMITED,26/03/2024,IMPS-213703920495-APEX HEAVY INDUSTRIES,0.0,0.0,0.0
34068224171,INDUSBANK LIMITED,26/03/2024,UPI/DR/194697222208/Biplab Mukherjee/6215583962@pay,0.0,0.0,0.0
34068224171,INDUSBANK LIMITED,27/03/2024,NEFT-521637214484-Sujit Das,0.0,0.0,0.0
34068224171,INDUSBANK LIMITED,27/03/2024,CHQ PAID-Sujit Dutta-MICR,0.0,0.0,0.0
34068224171,INDUSBANK LIMITED,28/03/2024,IMPS-193956004267-MINDWAVE CONSULTING,0.0,0.0,0.0
34068224171,INDUSBANK LIMITED,28/03/2024,NEFT-381927547304-Sourav Ghosh,0.0,0.0,0.0
34068224171,INDUSBANK LIMITED,28/03/2024,Service Charges-Foreign Currency Markup,0.0,0.0,0.0
34068224171,INDUSBANK LIMITED,30/03/2024,IMPS-129362780325-Sujit Mukherjee,0.0,0.0,0.0
34068224171,INDUSBANK LIMITED,30/03/2024,CLG-HOUSING DEVELOPERS CORP,0.0,0.0,0.0
34068224171,INDUSBANK LIMITED,30/03/2024,IMPS-538550177762-HEALTHPLUS PHARMA LTD,0.0,0.0,0.0
76395069446,MILESTONE BANKING SOLUTIONS,01/01/2024,CLG-PREMIUM INFRASTRUCTURE,0.0,0.0,0.0
76395069446,MILESTONE BANKING SOLUTIONS,01/01/2024,NEFT-185770231863-Nilesh Desai,0.0,0.0,0.0
76395069446,MILESTONE BANKING SOLUTIONS,01/01/2024,CASH WITHDRAWAL-Nilesh Parekh,0.0,0.0,0.0
76395069446,MILESTONE BANKING SOLUTIONS,02/01/2024,RTGS-ICICR441928840298-Mehul Amin,0.0,0.0,0.0
76395069446,MILESTONE BANKING SOLUTIONS,03/01/2024,NEFT-206687277018-CODEBASE SOLUTIONS,0.0,0.0,0.0
76395069446,MILESTONE BANKING SOLUTIONS,04/01/2024,CHQ PAID-Paresh Parekh-MICR,0.0,0.0,0.0
76395069446,MILESTONE BANKING SOLUTIONS,04/01/2024,CHQ PAID-Paresh Shah-MICR,0.0,0.0,0.0
76395069446,MILESTONE BANKING SOLUTIONS,05/01/2024,NEFT Dr-545949026229-RENT PAYMENT-MONTHLY RENT,0.0,0.0,0.0
76395069446,MILESTONE BANKING SOLUTIONS,05/01/2024,NEFT-619222929537-GST PAYMENT-GSTIN,0.0,0.0,0.0
76395069446,MILESTONE BANKING SOLUTIONS,05/01/2024,NEFT-536369050599-FABRIC INDUSTRIES INDIA,0.0,0.0,0.0
76395069446,MILESTONE BANKING SOLUTIONS,05/01/2024,CLG-SUPPLY CHAIN CORP,0.0,0.0,0.0
76395069446,MILESTONE BANKING SOLUTIONS,06/01/2024,IMPS-237897283116-Mehul Modi,0.0,0.0,0.0
76395069446,MILESTONE BANKING SOLUTIONS,06/01/2024,UPI/CR/850766863503/Nisha Shah/9893371261@pay,0.0,0.0,0.0
76395069446,MILESTONE BANKING SOLUTIONS,06/01/2024,IMPS-665388918894-CONSUMER PRODUCTS INDIA,0.0,0.0,0.0
76395069446,MILESTONE BANKING SOLUTIONS,06/01/2024,IMPS-404491024255-Nilesh Vora,0.0,0.0,0.0
76395069446,MILESTONE BANKING SOLUTIONS,09/01/2024,CHQ PAID-Ketan Trivedi-MICR,0.0,0.0,0.0
76395069446,MILESTONE BANKING SOLUTIONS,09/01/2024,RTGS-ICICR928797146636-MOTOR INDUSTRIES LTD,0.0,0.0,0.0
76395069446,MILESTONE BANKING SOLUTIONS,09/01/2024,IMPS-709385786346-Ketan Vora,0.0,0.0,0.0
76395069446,MILESTONE BANKING SOLUTIONS,09/01/2024,ATM WDL-61848,0.0,0.0,0.0
76395069446,MILESTONE BANKING SOLUTIONS,10/01/2024,IMPS-567258930033-Mehul Shah,0.0,0.0,0.0
76395069446,MILESTONE BANKING SOLUTIONS,11/01/2024,NEFT-321897978535-GST PAYMENT-GSTIN,0.0,0.0,0.0
76395069446,MILESTONE BANKING SOLUTIONS,11/01/2024,IMPS-264992715084-Bhavesh Shah,0.0,0.0,0.0
76395069446,MILESTONE BANKING SOLUTIONS,11/01/2024,UPI/CR/634693463598/Nilesh Desai/7830691313@pay,0.0,0.0,0.0
76395069446,MILESTONE BANKING SOLUTIONS,13/01/2024,UPI/DR/579064342033/Nilesh Shah/8515099779@pay,0.0,0.0,0.0
76395069446,MILESTONE BANKING SOLUTIONS,13/01/2024,CLG-LIFELINE PHARMACEUTICAL,0.0,0.0,0.0
76395069446,MILESTONE BANKING SOLUTIONS,16/01/2024,NEFT-393169173927-INDUSTRIAL COMPONENTS INDIA,0.0,0.0,0.0
76395069446,MILESTONE BANKING SOLUTIONS,16/01/2024,RTGS-ICICR656466716154-CODEBASE SOLUTIONS,0.0,0.0,0.0
76395069446,MILESTONE BANKING SOLUTIONS,16/01/2024,IMPS-583941662546-Bhavesh Patel,0.0,0.0,0.0
76395069446,MILESTONE BANKING SOLUTIONS,16/01/2024,NEFT-293685760083-Hitesh Patel,0.0,0.0,0.0
76395069446,MILESTONE BANKING SOLUTIONS,18/01/2024,NEFT-171678543500-Jayesh Desai,0.0,0.0,0.0
76395069446,MILESTONE BANKING SOLUTIONS,19/01/2024,UPI/CR/793520419897/Nisha Desai/6459805837@pay,0.0,0.0,0.0
76395069446,MILESTONE BANKING SOLUTIONS,20/01/2024,NEFT Dr-294167466082-GST PAYMENT-GSTIN 32A2933,0.0,0.0,0.0
76395069446,MILESTONE BANKING SOLUTIONS,20/01/2024,IMPS-348611760133-SUPPLY CHAIN CORP,0.0,0.0,0.0
76395069446,MILESTONE BANKING SOLUTIONS,23/01/2024,RTGS-ICICR621946573714-Mehul Vora,0.0,0.0,0.0
76395069446,MILESTONE BANKING SOLUTIONS,25/01/2024,UPI/DR/902058541673/Nilesh Patel/7587743930@pay,0.0,0.0,0.0
76395069446,MILESTONE BANKING SOLUTIONS,27/01/2024,Dividend Cr-FINANCE SOLUTIONS INDIA-EQUITY SHARES,0.0,0.0,0.0
76395069446,MILESTONE BANKING SOLUTIONS,29/01/2024,IMPS-267001395060-Nisha Desai,0.0,0.0,0.0
76395069446,MILESTONE BANKING SOLUTIONS,29/01/2024,IMPS-129440433469-MINDWAVE CONSULTING,0.0,0.0,0.0
76395069446,MILESTONE BANKING SOLUTIONS,29/01/2024,NEFT-596780404769-MOTOR INDUSTRIES LTD,0.0,0.0,0.0
76395069446,MILESTONE BANKING SOLUTIONS,30/01/2024,IMPS-958191151167-Paresh Patel,0.0,0.0,0.0
76395069446,MILESTONE BANKING SOLUTIONS,30/01/2024,IMPS-303734184625-PERSONAL CARE LTD,0.0,0.0,0.0
76395069446,MILESTONE BANKING SOLUTIONS,30/01/2024,NEFT-385458313806-PRECISION ENGINEERING WORKS,0.0,0.0,0.0
76395069446,MILESTONE BANKING SOLUTIONS,31/01/2024,NEFT-798452317183-Nisha Desai,0.0,0.0,0.0
76395069446,MILESTONE BANKING SOLUTIONS,01/02/2024,NEFT-320697100327-TECHVISION SYSTEMS,0.0,0.0,0.0
76395069446,MILESTONE BANKING SOLUTIONS,02/02/2024,CLG-INDUSTRIAL COMPONENTS INDIA,0.0,0.0,0.0
76395069446,MILESTONE BANKING SOLUTIONS,05/02/2024,NEFT Dr-706187472668-RENT PAYMENT-MONTHLY RENT,0.0,0.0,0.0
76395069446,MILESTONE BANKING SOLUTIONS,05/02/2024,CHQ PAID-Jayesh Trivedi-MICR,0.0,0.0,0.0
76395069446,MILESTONE BANKING SOLUTIONS,05/02/2024,IMPS-468232599529-Paresh Vora,0.0,0.0,0.0
76395069446,MILESTONE BANKING SOLUTIONS,06/02/2024,CLG-GATEWAY PROJECTS LTD,0.0,0.0,0.0
76395069446,MILESTONE BANKING SOLUTIONS,06/02/2024,IMPS-759382394623-THERMAL SYSTEMS LTD,0.0,0.0,0.0
76395069446,MILESTONE BANKING SOLUTIONS,06/02/2024,CHQ PAID-Nilesh Parekh-MICR,0.0,0.0,0.0
76395069446,MILESTONE BANKING SOLUTIONS,06/02/2024,NEFT-744957426685-WELLNESS BRANDS INDIA,0.0,0.0,0.0
76395069446,MILESTONE BANKING SOLUTIONS,08/02/2024,RTGS-ICICR964000657692-Bhavesh Desai,0.0,0.0,0.0
76395069446,MILESTONE BANKING SOLUTIONS,08/02/2024,CLG-CODEBASE SOLUTIONS,0.0,0.0,0.0
76395069446,MILESTONE BANKING SOLUTIONS,08/02/2024,Dividend Cr-DATABRIDGE INFOTECH-EQUITY SHARES,0.0,0.0,0.0
76395069446,MILESTONE BANKING SOLUTIONS,09/02/2024,ATM WDL-80350,0.0,0.0,0.0
76395069446,MILESTONE BANKING SOLUTIONS,12/02/2024,CLG-PREMIUM INFRASTRUCTURE,0.0,0.0,0.0
76395069446,MILESTONE BANKING SOLUTIONS,12/02/2024,NEFT-838730539628-FOOD INDUSTRIES CORP,0.0,0.0,0.0
76395069446,MILESTONE BANKING SOLUTIONS,13/02/2024,CASH DEPOSIT-Ketan Patel,0.0,0.0,0.0
76395069446,MILESTONE BANKING SOLUTIONS,13/02/2024,IMPS-194269129776-SOFTWAVE TECHNOLOGIES,0.0,0.0,0.0
76395069446,MILESTONE BANKING SOLUTIONS,13/02/2024,CHQ PAID-Bhavesh Modi-MICR,0.0,0.0,0.0
76395069446,MILESTONE BANKING SOLUTIONS,13/02/2024,IMPS-314005511886-CYBERCRAFT SYSTEMS,0.0,0.0,0.0
76395069446,MILESTONE BANKING SOLUTIONS,13/02/2024,CLG-CONSUMER PRODUCTS INDIA,0.0,0.0,0.0
76395069446,MILESTONE BANKING SOLUTIONS,14/02/2024,UPI/DR/611542813417/Paresh Desai/6016270748@pay,0.0,0.0,0.0
76395069446,MILESTONE BANKING SOLUTIONS,14/02/2024,IMPS-227241654476-COTTON MILLS CORP,0.0,0.0,0.0
76395069446,MILESTONE BANKING SOLUTIONS,15/02/2024,UPI/CR/164716787706/Bhavesh Desai/9129000917@pay,0.0,0.0,0.0
76395069446,MILESTONE BANKING SOLUTIONS,16/02/2024,CLG-SOFTWAVE TECHNOLOGIES,0.0,0.0,0.0
76395069446,MILESTONE BANKING SOLUTIONS,16/02/2024,CHQ PAID-Mehul Patel-MICR,0.0,0.0,0.0
76395069446,MILESTONE BANKING SOLUTIONS,16/02/2024,IMPS-987427083162-PRECISION ENGINEERING WORKS,0.0,0.0,0.0
76395069446,MILESTONE BANKING SOLUTIONS,16/02/2024,IMPS-346791137320-METROPOLITAN BUILDERS,0.0,0.0,0.0
76395069446,MILESTONE BANKING SOLUTIONS,16/02/2024,RTGS-ICICR217907217749-NETFORGE TECHNOLOGIES,0.0,0.0,0.0
76395069446,MILESTONE BANKING SOLUTIONS,16/02/2024,NEFT-963982205856-DIGITAL SOLUTIONS INDIA,0.0,0.0,0.0
76395069446,MILESTONE BANKING SOLUTIONS,16/02/2024,CLG-MOTOR INDUSTRIES LTD,0.0,0.0,0.0
76395069446,MILESTONE BANKING SOLUTIONS,17/02/2024,FAILED-INSUFFICIENT FUNDS-IMPS-957412594712-Mehul Trivedi,0.0,0.0,0.0
76395069446,MILESTONE BANKING SOLUTIONS,17/02/2024,UPI/CR/913506228273/Mehul Shah/7287767480@pay,0.0,0.0,0.0
76395069446,MILESTONE BANKING SOLUTIONS,19/02/2024,CLG-CODEBASE SOLUTIONS,0.0,0.0,0.0
76395069446,MILESTONE BANKING SOLUTIONS,19/02/2024,FAILED-INSUFFICIENT FUNDS-UPI/DR/446594970294/Hitesh Modi/6104339478@pay,0.0,0.0,0.0
76395069446,MILESTONE BANKING SOLUTIONS,19/02/2024,IMPS-782241403330-COTTON MILLS CORP,0.0,0.0,0.0
76395069446,MILESTONE BANKING SOLUTIONS,20/02/2024,NEFT Dr-316706607380-GST PAYMENT-GSTIN 42B2762,0.0,0.0,0.0
76395069446,MILESTONE BANKING SOLUTIONS,20/02/2024,CASH DEPOSIT-Nisha Amin,0.0,0.0,0.0
76395069446,MILESTONE BANKING SOLUTIONS,21/02/2024,NEFT-412364893504-INDUSTRIAL COMPONENTS INDIA,0.0,0.0,0.0
76395069446,MILESTONE BANKING SOLUTIONS,21/02/2024,IMPS-904076019776-HOUSING DEVELOPERS CORP,0.0,0.0,0.0
76395069446,MILESTONE BANKING SOLUTIONS,21/02/2024,NEFT-438544698431-INFOCORE TECHNOLOGIES,0.0,0.0,0.0
76395069446,MILESTONE BANKING SOLUTIONS,22/02/2024,NEFT-560096451016-Hitesh Amin,0.0,0.0,0.0
76395069446,MILESTONE BANKING SOLUTIONS,22/02/2024,UPI/CR/853655502519/Nisha Amin/6629563962@pay,0.0,0.0,0.0
76395069446,MILESTONE BANKING SOLUTIONS,22/02/2024,NEFT-913048884598-Jayesh Amin,0.0,0.0,0.0
76395069446,MILESTONE BANKING SOLUTIONS,22/02/2024,UPI/CR/671769765843/Ketan Vora/7944348292@pay,0.0,0.0,0.0
76395069446,MILESTONE BANKING SOLUTIONS,23/02/2024,SERVICE CHARGES-Cheque Book Charges,0.0,0.0,0.0
76395069446,MILESTONE BANKING SOLUTIONS,23/02/2024,RTGS-ICICR789019220788-DIGITAL SOLUTIONS INDIA,0.0,0.0,0.0
76395069446,MILESTONE BANKING SOLUTIONS,24/02/2024,RTGS-ICICR885355306891-THERMAL SYSTEMS LTD,0.0,0.0,0.0
76395069446,MILESTONE BANKING SOLUTIONS,26/02/2024,REVERSAL-RTGS-ICICR885355306891-THERMAL SYSTEMS LTD,0.0,0.0,0.0
76395069446,MILESTONE BANKING SOLUTIONS,26/02/2024,UPI/CR/604677986451/Mehul Amin/7802084083@pay,0.0,0.0,0.0
76395069446,MILESTONE BANKING SOLUTIONS,26/02/2024,CASH DEPOSIT-Nisha Desai,0.0,0.0,0.0
76395069446,MILESTONE BANKING SOLUTIONS,26/02/2024,NEFT-913846368703-METROPOLITAN BUILDERS,0.0,0.0,0.0
76395069446,MILESTONE BANKING SOLUTIONS,27/02/2024,CHQ PAID-Hitesh Modi-MICR,0.0,0.0,0.0
76395069446,MILESTONE BANKING SOLUTIONS,27/02/2024,RTGS-ICICR712029459612-Nilesh Desai,0.0,0.0,0.0
76395069446,MILESTONE BANKING SOLUTIONS,28/02/2024,IMPS-314697867400-SUPPLY CHAIN CORP,0.0,0.0,0.0
76395069446,MILESTONE BANKING SOLUTIONS,28/02/2024,RTGS-ICICR983665707488-INVESTMENT SERVICES INDIA,0.0,0.0,0.0
76395069446,MILESTONE BANKING SOLUTIONS,28/02/2024,UPI/CR/564001165175/Bhavesh Shah/9677474963@pay,0.0,0.0,0.0
76395069446,MILESTONE BANKING SOLUTIONS,28/02/2024,Service Charges-NEFT/RTGS Charges,0.0,0.0,0.0
76395069446,MILESTONE BANKING SOLUTIONS,28/02/2024,Service Charges-Demat Account AMC,0.0,0.0,0.0
76395069446,MILESTONE BANKING SOLUTIONS,29/02/2024,CLG-PREMIUM INFRASTRUCTURE,0.0,0.0,0.0
76395069446,MILESTONE BANKING SOLUTIONS,29/02/2024,UPI/DR/709727417063/Nisha Patel/6860537887@pay,0.0,0.0,0.0
76395069446,MILESTONE BANKING SOLUTIONS,01/03/2024,NEFT-142187374338-AUTOMOTIVE PARTS CORP,0.0,0.0,0.0
76395069446,MILESTONE BANKING SOLUTIONS,01/03/2024,UPI/CR/389764928268/Jayesh Patel/7300226625@pay,0.0,0.0,0.0
76395069446,MILESTONE BANKING SOLUTIONS,01/03/2024,NEFT-175903402369-CYBERCRAFT SYSTEMS,0.0,0.0,0.0
76395069446,MILESTONE BANKING SOLUTIONS,01/03/2024,NEFT-979313337531-Mehul Desai,0.0,0.0,0.0
76395069446,MILESTONE BANKING SOLUTIONS,01/03/2024,CLG-COTTON MILLS CORP,0.0,0.0,0.0
76395069446,MILESTONE BANKING SOLUTIONS,02/03/2024,IMPS-971175635496-PERSONAL CARE LTD,0.0,0.0,0.0
76395069446,MILESTONE BANKING SOLUTIONS,02/03/2024,CLG-THERMAL SYSTEMS LTD,0.0,0.0,0.0
76395069446,MILESTONE BANKING SOLUTIONS,04/03/2024,UPI/DR/549529259264/Bhavesh Patel/6545161914@pay,0.0,0.0,0.0
76395069446,MILESTONE BANKING SOLUTIONS,04/03/2024,NEFT-293305486640-MEDCARE LABORATORIES,0.0,0.0,0.0
76395069446,MILESTONE BANKING SOLUTIONS,04/03/2024,CHQ PAID-Paresh Patel-MICR,0.0,0.0,0.0
76395069446,MILESTONE BANKING SOLUTIONS,04/03/2024,CHQ PAID-Hitesh Modi-MICR,0.0,0.0,0.0
76395069446,MILESTONE BANKING SOLUTIONS,05/03/2024,UPI/CR/158092188769/Hitesh Amin/6917121805@pay,0.0,0.0,0.0
76395069446,MILESTONE BANKING SOLUTIONS,05/03/2024,IMPS-431248590185-CYBERCRAFT SYSTEMS,0.0,0.0,0.0
76395069446,MILESTONE BANKING SOLUTIONS,05/03/2024,NEFT Dr-363401040633-RENT PAYMENT-MONTHLY RENT,0.0,0.0,0.0
76395069446,MILESTONE BANKING SOLUTIONS,05/03/2024,NEFT-285693525358-Hitesh Amin,0.0,0.0,0.0
76395069446,MILESTONE BANKING SOLUTIONS,05/03/2024,NEFT-581198100476-PERSONAL CARE LTD,0.0,0.0,0.0
76395069446,MILESTONE BANKING SOLUTIONS,05/03/2024,RTGS-ICICR963002594030-Bhavesh Desai,0.0,0.0,0.0
76395069446,MILESTONE BANKING SOLUTIONS,05/03/2024,UPI/CR/177899154151/Nilesh Vora/8590417687@pay,0.0,0.0,0.0
76395069446,MILESTONE BANKING SOLUTIONS,06/03/2024,UPI/CR/114175534730/Nilesh Amin/6796870653@pay,0.0,0.0,0.0
76395069446,MILESTONE BANKING SOLUTIONS,07/03/2024,CLG-SUPPLY CHAIN CORP,0.0,0.0,0.0
76395069446,MILESTONE BANKING SOLUTIONS,07/03/2024,CLG-FASHION TEXTILES LTD,0.0,0.0,0.0
76395069446,MILESTONE BANKING SOLUTIONS,07/03/2024,IMPS-184384907287-EXPRESS LOGISTICS INDIA,0.0,0.0,0.0
76395069446,MILESTONE BANKING SOLUTIONS,07/03/2024,UPI/DR/267716244949/Paresh Parekh/6744287954@pay,0.0,0.0,0.0
76395069446,MILESTONE BANKING SOLUTIONS,07/03/2024,NEFT-279588882224-Nisha Patel,0.0,0.0,0.0
76395069446,MILESTONE BANKING SOLUTIONS,09/03/2024,UPI/CR/460972134437/Ketan Desai/8096818460@pay,0.0,0.0,0.0
76395069446,MILESTONE BANKING SOLUTIONS,09/03/2024,CHQ PAID-Bhavesh Modi-MICR,0.0,0.0,0.0
76395069446,MILESTONE BANKING SOLUTIONS,11/03/2024,IMPS-937376896212-INVESTMENT SERVICES INDIA,0.0,0.0,0.0
76395069446,MILESTONE BANKING SOLUTIONS,12/03/2024,IMPS-971899749323-CONSTRUCTION SOLUTIONS LTD,0.0,0.0,0.0
76395069446,MILESTONE BANKING SOLUTIONS,12/03/2024,UPI/CR/617752978203/Ketan Modi/7839590886@pay,0.0,0.0,0.0
76395069446,MILESTONE BANKING SOLUTIONS,12/03/2024,IMPS-990185794760-Bhavesh Patel,0.0,0.0,0.0
76395069446,MILESTONE BANKING SOLUTIONS,13/03/2024,RTGS-ICICR878969735949-PRECISION ENGINEERING WORKS,0.0,0.0,0.0
76395069446,MILESTONE BANKING SOLUTIONS,13/03/2024,CASH WITHDRAWAL-Hitesh Parekh,0.0,0.0,0.0
76395069446,MILESTONE BANKING SOLUTIONS,13/03/2024,IMPS-514741276381-SOFTWAVE TECHNOLOGIES,0.0,0.0,0.0
76395069446,MILESTONE BANKING SOLUTIONS,14/03/2024,REVERSAL-RTGS-ICICR878969735949-PRECISION ENGINEERING WORKS,0.0,0.0,0.0
76395069446,MILESTONE BANKING SOLUTIONS,14/03/2024,RTGS-ICICR881177435506-FINANCE SOLUTIONS INDIA,0.0,0.0,0.0
76395069446,MILESTONE BANKING SOLUTIONS,15/03/2024,CHQ PAID-Hitesh Patel-MICR,0.0,0.0,0.0
76395069446,MILESTONE BANKING SOLUTIONS,15/03/2024,NEFT-472063861370-DATABRIDGE INFOTECH,0.0,0.0,0.0
76395069446,MILESTONE BANKING SOLUTIONS,16/03/2024,CHQ PAID-Jayesh Patel-MICR,0.0,0.0,0.0
76395069446,MILESTONE BANKING SOLUTIONS,20/03/2024,NEFT Dr-166408592304-GST PAYMENT-GSTIN 22C1223,0.0,0.0,0.0
76395069446,MILESTONE BANKING SOLUTIONS,21/03/2024,IMPS-257193071880-FOOD INDUSTRIES CORP,0.0,0.0,0.0
76395069446,MILESTONE BANKING SOLUTIONS,22/03/2024,RTGS-ICICR439121980588-COTTON MILLS CORP,0.0,0.0,0.0
76395069446,MILESTONE BANKING SOLUTIONS,22/03/2024,RTGS-ICICR785394758359-Paresh Shah,0.0,0.0,0.0
76395069446,MILESTONE BANKING SOLUTIONS,22/03/2024,CASH WITHDRAWAL-Jayesh Parekh,0.0,0.0,0.0
76395069446,MILESTONE BANKING SOLUTIONS,23/03/2024,IMPS-810765530927-HIGHWAY DEVELOPERS INDIA,0.0,0.0,0.0
76395069446,MILESTONE BANKING SOLUTIONS,23/03/2024,UPI/CR/162845787274/Nisha Desai/7485776715@pay,0.0,0.0,0.0
76395069446,MILESTONE BANKING SOLUTIONS,23/03/2024,CHQ PAID-Hitesh Parekh-MICR,0.0,0.0,0.0
76395069446,MILESTONE BANKING SOLUTIONS,23/03/2024,RTGS-ICICR286090879113-Ketan Trivedi,0.0,0.0,0.0
76395069446,MILESTONE BANKING SOLUTIONS,26/03/2024,CASH DEPOSIT-Jayesh Desai,0.0,0.0,0.0
76395069446,MILESTONE BANKING SOLUTIONS,26/03/2024,RTGS-ICICR475586271707-AUTOMOTIVE PARTS CORP,0.0,0.0,0.0
76395069446,MILESTONE BANKING SOLUTIONS,26/03/2024,NEFT-718505050303-CODEBASE SOLUTIONS,0.0,0.0,0.0
76395069446,MILESTONE BANKING SOLUTIONS,28/03/2024,CHQ PAID-Nisha Patel-MICR,0.0,0.0,0.0
76395069446,MILESTONE BANKING SOLUTIONS,28/03/2024,ATM WDL-10256,0.0,0.0,0.0
76395069446,MILESTONE BANKING SOLUTIONS,28/03/2024,Service Charges-Demat Account AMC,0.0,0.0,0.0
76395069446,MILESTONE BANKING SOLUTIONS,30/03/2024,CHQ PAID-Nilesh Patel-MICR,0.0,0.0,0.0
76395069446,MILESTONE BANKING SOLUTIONS,30/03/2024,NEFT-758072290774-Bhavesh Amin,0.0,0.0,0.0
76395069446,MILESTONE BANKING SOLUTIONS,30/03/2024,ATM WDL-14592,0.0,0.0,0.0
76395069446,MILESTONE BANKING SOLUTIONS,30/03/2024,NEFT-412022978866-RETAIL SOLUTIONS INDIA,0.0,0.0,0.0
76395069446,MILESTONE BANKING SOLUTIONS,30/03/2024,CHQ PAID-Nisha Amin-MICR,0.0,0.0,0.0
12305639216,PROSPERITY BANK LIMITED,01/01/2024,IMPS-100137537706-FINANCE SOLUTIONS INDIA,0.0,0.0,0.0
12305639216,PROSPERITY BANK LIMITED,01/01/2024,UPI/CR/956875599833/Ramesh Murthy/8355042625@pay,0.0,0.0,0.0
12305639216,PROSPERITY BANK LIMITED,02/01/2024,CLG-NETFORGE TECHNOLOGIES,0.0,0.0,0.0
12305639216,PROSPERITY BANK LIMITED,02/01/2024,NEFT-292254809084-Ramesh Iyer,0.0,0.0,0.0
12305639216,PROSPERITY BANK LIMITED,03/01/2024,UPI/DR/749327184941/Venkatesh Nair/7453170834@pay,0.0,0.0,0.0
12305639216,PROSPERITY BANK LIMITED,03/01/2024,NEFT-256669524364-HOUSING DEVELOPERS CORP,0.0,0.0,0.0
12305639216,PROSPERITY BANK LIMITED,04/01/2024,CHQ PAID-Priya Nair-MICR,0.0,0.0,0.0
12305639216,PROSPERITY BANK LIMITED,04/01/2024,CLG-URBAN ESTATES INDIA,0.0,0.0,0.0
12305639216,PROSPERITY BANK LIMITED,05/01/2024,NEFT Dr-366837577683-RENT PAYMENT-MONTHLY RENT,0.0,0.0,0.0
12305639216,PROSPERITY BANK LIMITED,06/01/2024,NEFT-187727777729-CONSTRUCTION SOLUTIONS LTD,0.0,0.0,0.0
12305639216,PROSPERITY BANK LIMITED,08/01/2024,CASH WITHDRAWAL-Venkatesh Iyer,0.0,0.0,0.0
12305639216,PROSPERITY BANK LIMITED,09/01/2024,CASH DEPOSIT-Lakshmi Naidu,0.0,0.0,0.0
12305639216,PROSPERITY BANK LIMITED,09/01/2024,IMPS-492183223506-NETPULSE SYSTEMS,0.0,0.0,0.0
12305639216,PROSPERITY BANK LIMITED,10/01/2024,CLG-CAPITAL VENTURES INDIA,0.0,0.0,0.0
12305639216,PROSPERITY BANK LIMITED,10/01/2024,REVERSAL-CASH DEPOSIT-Lakshmi Naidu,0.0,0.0,0.0
12305639216,PROSPERITY BANK LIMITED,10/01/2024,CHQ PAID-Srinivas Menon-MICR,0.0,0.0,0.0
12305639216,PROSPERITY BANK LIMITED,10/01/2024,NEFT-350973491124-PERSONAL CARE LTD,0.0,0.0,0.0
12305639216,PROSPERITY BANK LIMITED,10/01/2024,CASH DEPOSIT-Kavitha Pillai,0.0,0.0,0.0
12305639216,PROSPERITY BANK LIMITED,11/01/2024,CASH DEPOSIT-Ramesh Iyer,0.0,0.0,0.0
12305639216,PROSPERITY BANK LIMITED,11/01/2024,CASH WITHDRAWAL-Subramaniam Krishnan,0.0,0.0,0.0
12305639216,PROSPERITY BANK LIMITED,12/01/2024,RTGS-ICICR226995483121-CREDIT SERVICES LTD,0.0,0.0,0.0
12305639216,PROSPERITY BANK LIMITED,12/01/2024,NEFT-197352657928-TECHVISION SYSTEMS,0.0,0.0,0.0
12305639216,PROSPERITY BANK LIMITED,12/01/2024,CHQ PAID-Subramaniam Krishnan-MICR,0.0,0.0,0.0
12305639216,PROSPERITY BANK LIMITED,13/01/2024,RTGS-ICICR126438326843-PERSONAL CARE LTD,0.0,0.0,0.0
12305639216,PROSPERITY BANK LIMITED,13/01/2024,SERVICE CHARGES-Demat Account AMC,0.0,0.0,0.0
12305639216,PROSPERITY BANK LIMITED,13/01/2024,IMPS-520822759757-Ramesh Nair,0.0,0.0,0.0
12305639216,PROSPERITY BANK LIMITED,15/01/2024,CHQ PAID-Priya Rao-MICR,0.0,0.0,0.0
12305639216,PROSPERITY BANK LIMITED,15/01/2024,SERVICE CHARGES-Cheque Book Charges,0.0,0.0,0.0
12305639216,PROSPERITY BANK LIMITED,16/01/2024,SERVICE CHARGES-NEFT/RTGS Charges,0.0,0.0,0.0
12305639216,PROSPERITY BANK LIMITED,16/01/2024,IMPS-274686550583-FOOD INDUSTRIES CORP,0.0,0.0,0.0
12305639216,PROSPERITY BANK LIMITED,17/01/2024,CHQ PAID-Anitha Iyer-MICR,0.0,0.0,0.0
12305639216,PROSPERITY BANK LIMITED,18/01/2024,UPI/DR/356214754695/Srinivas Nair/7913231782@pay,0.0,0.0,0.0
12305639216,PROSPERITY BANK LIMITED,18/01/2024,IMPS-141922881666-Ganesh Nair,0.0,0.0,0.0
12305639216,PROSPERITY BANK LIMITED,18/01/2024,IMPS-104236131247-Ramesh Iyer,0.0,0.0,0.0
12305639216,PROSPERITY BANK LIMITED,18/01/2024,CASH WITHDRAWAL-Ganesh Reddy,0.0,0.0,0.0
12305639216,PROSPERITY BANK LIMITED,18/01/2024,IMPS-678011843074-FABRIC INDUSTRIES INDIA,0.0,0.0,0.0
12305639216,PROSPERITY BANK LIMITED,19/01/2024,CHQ PAID-Srinivas Pillai-MICR,0.0,0.0,0.0
12305639216,PROSPERITY BANK LIMITED,19/01/2024,CLG-EXPRESS LOGISTICS INDIA,0.0,0.0,0.0
12305639216,PROSPERITY BANK LIMITED,19/01/2024,UPI/DR/134114680215/Priya Reddy/9160399768@pay,0.0,0.0,0.0
12305639216,PROSPERITY BANK LIMITED,20/01/2024,IMPS-617644619492-GATEWAY PROJECTS LTD,0.0,0.0,0.0
12305639216,PROSPERITY BANK LIMITED,20/01/2024,NEFT-427416472976-Ramesh Reddy,0.0,0.0,0.0
12305639216,PROSPERITY BANK LIMITED,20/01/2024,NEFT-727767036286-URBAN CONSTRUCTIONS,0.0,0.0,0.0
12305639216,PROSPERITY BANK LIMITED,20/01/2024,NEFT Dr-929996653927-GST PAYMENT-GSTIN 93B1126,0.0,0.0,0.0
12305639216,PROSPERITY BANK LIMITED,22/01/2024,CASH WITHDRAWAL-Karthik Pillai,0.0,0.0,0.0
12305639216,PROSPERITY BANK LIMITED,22/01/2024,CHQ PAID-Karthik Iyer-MICR,0.0,0.0,0.0
12305639216,PROSPERITY BANK LIMITED,23/01/2024,CASH WITHDRAWAL-Ramesh Krishnan,0.0,0.0,0.0
12305639216,PROSPERITY BANK LIMITED,23/01/2024,NEFT-775406063587-Anitha Iyer,0.0,0.0,0.0
12305639216,PROSPERITY BANK LIMITED,23/01/2024,NEFT-925265844511-FASHION TEXTILES LTD,0.0,0.0,0.0
12305639216,PROSPERITY BANK LIMITED,24/01/2024,RTGS-ICICR669678110235-Priya Reddy,0.0,0.0,0.0
12305639216,PROSPERITY BANK LIMITED,25/01/2024,UPI/DR/898461390373/Kavitha Reddy/7332532873@pay,0.0,0.0,0.0
12305639216,PROSPERITY BANK LIMITED,25/01/2024,CASH DEPOSIT-Priya Nair,0.0,0.0,0.0
12305639216,PROSPERITY BANK LIMITED,25/01/2024,CASH DEPOSIT-Lakshmi Krishnan,0.0,0.0,0.0
12305639216,PROSPERITY BANK LIMITED,27/01/2024,NEFT-164836818866-GATEWAY PROJECTS LTD,0.0,0.0,0.0
12305639216,PROSPERITY BANK LIMITED,29/01/2024,CASH DEPOSIT-Priya Reddy,0.0,0.0,0.0
12305639216,PROSPERITY BANK LIMITED,29/01/2024,CASH WITHDRAWAL-Karthik Rao,0.0,0.0,0.0
12305639216,PROSPERITY BANK LIMITED,29/01/2024,UPI/DR/345894134861/Anitha Nair/6957811415@pay,0.0,0.0,0.0
12305639216,PROSPERITY BANK LIMITED,30/01/2024,RTGS-ICICR458876970343-Ramesh Rao,0.0,0.0,0.0
12305639216,PROSPERITY BANK LIMITED,30/01/2024,UPI/DR/798383814020/Karthik Murthy/8937232154@pay,0.0,0.0,0.0
12305639216,PROSPERITY BANK LIMITED,31/01/2024,UPI/DR/439421783411/Priya Rao/6659440708@pay,0.0,0.0,0.0
12305639216,PROSPERITY BANK LIMITED,31/01/2024,RTGS-ICICR374568718423-INDUSTRIAL COMPONENTS INDIA,0.0,0.0,0.0
12305639216,PROSPERITY BANK LIMITED,01/02/2024,UPI/CR/564380129537/Subramaniam Naidu/9787245477@pay,0.0,0.0,0.0
12305639216,PROSPERITY BANK LIMITED,02/02/2024,UPI/CR/811539357767/Karthik Nair/7886220431@pay,0.0,0.0,0.0
12305639216,PROSPERITY BANK LIMITED,02/02/2024,CASH WITHDRAWAL-Venkatesh Pillai,0.0,0.0,0.0
12305639216,PROSPERITY BANK LIMITED,02/02/2024,CASH DEPOSIT-Venkatesh Krishnan,0.0,0.0,0.0
12305639216,PROSPERITY BANK LIMITED,02/02/2024,ATM WDL-45652,0.0,0.0,0.0
12305639216,PROSPERITY BANK LIMITED,02/02/2024,NEFT-474970150125-SUPPLY CHAIN CORP,0.0,0.0,0.0
12305639216,PROSPERITY BANK LIMITED,03/02/2024,RTGS-ICICR533222209300-Priya Nair,0.0,0.0,0.0
12305639216,PROSPERITY BANK LIMITED,03/02/2024,CASH DEPOSIT-Kavitha Rao,0.0,0.0,0.0
12305639216,PROSPERITY BANK LIMITED,03/02/2024,NEFT-174296389513-Priya Menon,0.0,0.0,0.0
12305639216,PROSPERITY BANK LIMITED,03/02/2024,CASH DEPOSIT-Anitha Menon,0.0,0.0,0.0
12305639216,PROSPERITY BANK LIMITED,05/02/2024,NEFT Dr-205180423084-RENT PAYMENT-MONTHLY RENT,0.0,0.0,0.0
12305639216,PROSPERITY BANK LIMITED,05/02/2024,NEFT-726324287752-URBAN CONSTRUCTIONS,0.0,0.0,0.0
12305639216,PROSPERITY BANK LIMITED,05/02/2024,NEFT-284066587845-Kavitha Iyer,0.0,0.0,0.0
12305639216,PROSPERITY BANK LIMITED,05/02/2024,CLG-WEBSTREAM LIMITED,0.0,0.0,0.0
12305639216,PROSPERITY BANK LIMITED,06/02/2024,CLG-HEALTHPLUS PHARMA LTD,0.0,0.0,0.0
12305639216,PROSPERITY BANK LIMITED,06/02/2024,NEFT-248795951740-CLOUDTECH SERVICES,0.0,0.0,0.0
12305639216,PROSPERITY BANK LIMITED,06/02/2024,RTGS-ICICR248359611171-WELLNESS BRANDS INDIA,0.0,0.0,0.0
12305639216,PROSPERITY BANK LIMITED,06/02/2024,NEFT-529178802889-Ramesh Nair,0.0,0.0,0.0
12305639216,PROSPERITY BANK LIMITED,07/02/2024,CASH WITHDRAWAL-Kavitha Naidu,0.0,0.0,0.0
12305639216,PROSPERITY BANK LIMITED,08/02/2024,IMPS-110269914301-Lakshmi Pillai,0.0,0.0,0.0
12305639216,PROSPERITY BANK LIMITED,08/02/2024,UPI/DR/157439648728/Ganesh Krishnan/7794524640@pay,0.0,0.0,0.0
12305639216,PROSPERITY BANK LIMITED,08/02/2024,IMPS-353014345515-MOTOR INDUSTRIES LTD,0.0,0.0,0.0
12305639216,PROSPERITY BANK LIMITED,09/02/2024,RTGS-ICICR212558952460-Priya Pillai,0.0,0.0,0.0
12305639216,PROSPERITY BANK LIMITED,10/02/2024,ATM WDL-51540,0.0,0.0,0.0
12305639216,PROSPERITY BANK LIMITED,12/02/2024,NEFT-406561596538-Ramesh Menon,0.0,0.0,0.0
12305639216,PROSPERITY BANK LIMITED,13/02/2024,CLG-MINDWAVE CONSULTING,0.0,0.0,0.0
12305639216,PROSPERITY BANK LIMITED,13/02/2024,UPI/CR/800998276230/Priya Pillai/7284249492@pay,0.0,0.0,0.0
12305639216,PROSPERITY BANK LIMITED,15/02/2024,RTGS-ICICR241617900312-DAILY NEEDS LIMITED,0.0,0.0,0.0
12305639216,PROSPERITY BANK LIMITED,15/02/2024,IMPS-753219547248-DATABRIDGE INFOTECH,0.0,0.0,0.0
12305639216,PROSPERITY BANK LIMITED,16/02/2024,IMPS-378429550927-RETAIL SOLUTIONS INDIA,0.0,0.0,0.0
12305639216,PROSPERITY BANK LIMITED,16/02/2024,ATM WDL-78666,0.0,0.0,0.0
12305639216,PROSPERITY BANK LIMITED,16/02/2024,NEFT-390571493025-Subramaniam Menon,0.0,0.0,0.0
12305639216,PROSPERITY BANK LIMITED,16/02/2024,SERVICE CHARGES-NEFT/RTGS Charges,0.0,0.0,0.0
12305639216,PROSPERITY BANK LIMITED,17/02/2024,CHQ PAID-Karthik Reddy-MICR,0.0,0.0,0.0
12305639216,PROSPERITY BANK LIMITED,17/02/2024,ATM WDL-80331,0.0,0.0,0.0
12305639216,PROSPERITY BANK LIMITED,19/02/2024,NEFT-877929202849-Srinivas Naidu,0.0,0.0,0.0
12305639216,PROSPERITY BANK LIMITED,20/02/2024,NEFT Dr-495962566210-GST PAYMENT-GSTIN 37B2214,0.0,0.0,0.0
12305639216,PROSPERITY BANK LIMITED,21/02/2024,CASH WITHDRAWAL-Ramesh Reddy,0.0,0.0,0.0
12305639216,PROSPERITY BANK LIMITED,21/02/2024,CLG-PRECISION ENGINEERING WORKS,0.0,0.0,0.0
12305639216,PROSPERITY BANK LIMITED,22/02/2024,CASH WITHDRAWAL-Ganesh Naidu,0.0,0.0,0.0
12305639216,PROSPERITY BANK LIMITED,22/02/2024,NEFT-979264289235-CAPITAL VENTURES INDIA,0.0,0.0,0.0
12305639216,PROSPERITY BANK LIMITED,22/02/2024,UPI/CR/155134642978/Anitha Reddy/7918031388@pay,0.0,0.0,0.0
12305639216,PROSPERITY BANK LIMITED,23/02/2024,CHQ PAID-Ramesh Reddy-MICR,0.0,0.0,0.0
12305639216,PROSPERITY BANK LIMITED,24/02/2024,IMPS-335827828752-Karthik Iyer,0.0,0.0,0.0
12305639216,PROSPERITY BANK LIMITED,24/02/2024,NEFT-564492613250-Anitha Pillai,0.0,0.0,0.0
12305639216,PROSPERITY BANK LIMITED,26/02/2024,RTGS-ICICR519021784462-THERMAL SYSTEMS LTD,0.0,0.0,0.0
12305639216,PROSPERITY BANK LIMITED,26/02/2024,RTGS-ICICR389667709559-RETAIL SOLUTIONS INDIA,0.0,0.0,0.0
12305639216,PROSPERITY BANK LIMITED,27/02/2024,CHQ PAID-Subramaniam Nair-MICR,0.0,0.0,0.0
12305639216,PROSPERITY BANK LIMITED,27/02/2024,UPI/DR/258944437551/Subramaniam Menon/7346854060@pay,0.0,0.0,0.0
12305639216,PROSPERITY BANK LIMITED,27/02/2024,UPI/CR/604132573072/Subramaniam Menon/7502155434@pay,0.0,0.0,0.0
12305639216,PROSPERITY BANK LIMITED,28/02/2024,IMPS-186575636898-MOTOR INDUSTRIES LTD,0.0,0.0,0.0
12305639216,PROSPERITY BANK LIMITED,28/02/2024,Service Charges-Statement Charges,0.0,0.0,0.0
12305639216,PROSPERITY BANK LIMITED,28/02/2024,Service Charges-Account Maintenance,0.0,0.0,0.0
12305639216,PROSPERITY BANK LIMITED,01/03/2024,NEFT-964690873715-Ramesh Rao,0.0,0.0,0.0
12305639216,PROSPERITY BANK LIMITED,01/03/2024,CASH WITHDRAWAL-Lakshmi Krishnan,0.0,0.0,0.0
12305639216,PROSPERITY BANK LIMITED,01/03/2024,IMPS-827425463715-Priya Krishnan,0.0,0.0,0.0
12305639216,PROSPERITY BANK LIMITED,02/03/2024,NEFT-321713718194-Ganesh Nair,0.0,0.0,0.0
12305639216,PROSPERITY BANK LIMITED,02/03/2024,RTGS-ICICR697989336448-Ganesh Pillai,0.0,0.0,0.0
12305639216,PROSPERITY BANK LIMITED,02/03/2024,CLG-URBAN CONSTRUCTIONS,0.0,0.0,0.0
12305639216,PROSPERITY BANK LIMITED,02/03/2024,NEFT-301664829861-THERMAL SYSTEMS LTD,0.0,0.0,0.0
12305639216,PROSPERITY BANK LIMITED,02/03/2024,NEFT-982069638820-METROPOLITAN BUILDERS,0.0,0.0,0.0
12305639216,PROSPERITY BANK LIMITED,04/03/2024,UPI/CR/744867354923/Ramesh Krishnan/9384991619@pay,0.0,0.0,0.0
12305639216,PROSPERITY BANK LIMITED,04/03/2024,IMPS-132673594443-Priya Murthy,0.0,0.0,0.0
12305639216,PROSPERITY BANK LIMITED,05/03/2024,NEFT Dr-796543519832-RENT PAYMENT-MONTHLY RENT,0.0,0.0,0.0
12305639216,PROSPERITY BANK LIMITED,05/03/2024,NEFT-649443669966-Anitha Pillai,0.0,0.0,0.0
12305639216,PROSPERITY BANK LIMITED,05/03/2024,IMPS-447729468206-Ramesh Pillai,0.0,0.0,0.0
12305639216,PROSPERITY BANK LIMITED,06/03/2024,IMPS-727109197193-Ganesh Naidu,0.0,0.0,0.0
12305639216,PROSPERITY BANK LIMITED,06/03/2024,UPI/CR/399581027296/Ramesh Iyer/6587727454@pay,0.0,0.0,0.0
12305639216,PROSPERITY BANK LIMITED,06/03/2024,ATM WDL-75576,0.0,0.0,0.0
12305639216,PROSPERITY BANK LIMITED,07/03/2024,RTGS-ICICR911004063470-Karthik Reddy,0.0,0.0,0.0
12305639216,PROSPERITY BANK LIMITED,09/03/2024,IMPS-249013058073-CONSTRUCTION SOLUTIONS LTD,0.0,0.0,0.0
12305639216,PROSPERITY BANK LIMITED,09/03/2024,CLG-FASHION TEXTILES LTD,0.0,0.0,0.0
12305639216,PROSPERITY BANK LIMITED,11/03/2024,NEFT-945715421935-Karthik Menon,0.0,0.0,0.0
12305639216,PROSPERITY BANK LIMITED,13/03/2024,CLG-EXPRESS LOGISTICS INDIA,0.0,0.0,0.0
12305639216,PROSPERITY BANK LIMITED,13/03/2024,UPI/DR/224764587445/Lakshmi Naidu/7284142603@pay,0.0,0.0,0.0
12305639216,PROSPERITY BANK LIMITED,14/03/2024,CHQ PAID-Kavitha Rao-MICR,0.0,0.0,0.0
12305639216,PROSPERITY BANK LIMITED,14/03/2024,NEFT-826084694177-PRECISION ENGINEERING WORKS,0.0,0.0,0.0
12305639216,PROSPERITY BANK LIMITED,14/03/2024,IMPS-741368123757-EXPRESS LOGISTICS INDIA,0.0,0.0,0.0
12305639216,PROSPERITY BANK LIMITED,15/03/2024,NEFT-350870108048-Venkatesh Murthy,0.0,0.0,0.0
12305639216,PROSPERITY BANK LIMITED,16/03/2024,REVERSAL-CLG-EXPRESS LOGISTICS INDIA,0.0,0.0,0.0
12305639216,PROSPERITY BANK LIMITED,16/03/2024,RTGS-ICICR334630731247-Karthik Iyer,0.0,0.0,0.0
12305639216,PROSPERITY BANK LIMITED,18/03/2024,IMPS-951341030372-Venkatesh Murthy,0.0,0.0,0.0
12305639216,PROSPERITY BANK LIMITED,19/03/2024,NEFT-706980821340-Ramesh Murthy,0.0,0.0,0.0
12305639216,PROSPERITY BANK LIMITED,20/03/2024,NEFT Dr-912627667153-GST PAYMENT-GSTIN 69A2505,0.0,0.0,0.0
12305639216,PROSPERITY BANK LIMITED,20/03/2024,CLG-PRECISION ENGINEERING WORKS,0.0,0.0,0.0
12305639216,PROSPERITY BANK LIMITED,21/03/2024,ATM WDL-20463,0.0,0.0,0.0
12305639216,PROSPERITY BANK LIMITED,21/03/2024,UPI/CR/328337385247/Venkatesh Nair/9792162537@pay,0.0,0.0,0.0
12305639216,PROSPERITY BANK LIMITED,22/03/2024,UPI/CR/572590534968/Subramaniam Krishnan/8054332233@pay,0.0,0.0,0.0
12305639216,PROSPERITY BANK LIMITED,22/03/2024,RTGS-ICICR785519809482-WELLNESS BRANDS INDIA,0.0,0.0,0.0
12305639216,PROSPERITY BANK LIMITED,22/03/2024,NEFT-987394423550-Kavitha Naidu,0.0,0.0,0.0
12305639216,PROSPERITY BANK LIMITED,22/03/2024,UPI/CR/567938117280/Srinivas Nair/7650096681@pay,0.0,0.0,0.0
12305639216,PROSPERITY BANK LIMITED,23/03/2024,CASH DEPOSIT-Srinivas Rao,0.0,0.0,0.0
12305639216,PROSPERITY BANK LIMITED,26/03/2024,RTGS-ICICR500963897238-FABRIC INDUSTRIES INDIA,0.0,0.0,0.0
12305639216,PROSPERITY BANK LIMITED,27/03/2024,UPI/CR/491842407170/Priya Menon/6803883327@pay,0.0,0.0,0.0
12305639216,PROSPERITY BANK LIMITED,27/03/2024,NEFT-671521220296-COTTON MILLS CORP,0.0,0.0,0.0
12305639216,PROSPERITY BANK LIMITED,28/03/2024,RTGS-ICICR461489125548-GATEWAY PROJECTS LTD,0.0,0.0,0.0
12305639216,PROSPERITY BANK LIMITED,28/03/2024,UPI/CR/425392678876/Kavitha Reddy/8224451738@pay,0.0,0.0,0.0
12305639216,PROSPERITY BANK LIMITED,28/03/2024,UPI/DR/202962961391/Lakshmi Iyer/6479789005@pay,0.0,0.0,0.0
12305639216,PROSPERITY BANK LIMITED,28/03/2024,IMPS-177786943401-Lakshmi Iyer,0.0,0.0,0.0
12305639216,PROSPERITY BANK LIMITED,28/03/2024,Service Charges-Cheque Book Charges,0.0,0.0,0.0
12305639216,PROSPERITY BANK LIMITED,28/03/2024,Service Charges-NEFT/RTGS Charges,0.0,0.0,0.0
12305639216,PROSPERITY BANK LIMITED,30/03/2024,NEFT-671799530845-PERSONAL CARE LTD,0.0,0.0,0.0
78567198875,INDUSBANK LIMITED,01/01/2024,UPI/CR/493431944369/Anitha Reddy/6170030298@pay,0.0,0.0,0.0
78567198875,INDUSBANK LIMITED,02/01/2024,Dividend Cr-FABRIC INDUSTRIES INDIA-EQUITY SHARES,0.0,0.0,0.0
78567198875,INDUSBANK LIMITED,02/01/2024,IMPS-697725968587-GATEWAY PROJECTS LTD,0.0,0.0,0.0
78567198875,INDUSBANK LIMITED,03/01/2024,ATM WDL-56379,0.0,0.0,0.0
78567198875,INDUSBANK LIMITED,03/01/2024,UPI/CR/472451144164/Ganesh Pillai/6444428747@pay,0.0,0.0,0.0
78567198875,INDUSBANK LIMITED,04/01/2024,NEFT-185522917360-Kavitha Menon,0.0,0.0,0.0
78567198875,INDUSBANK LIMITED,04/01/2024,IMPS-449033370854-CONSTRUCTION SOLUTIONS LTD,0.0,0.0,0.0
78567198875,INDUSBANK LIMITED,04/01/2024,UPI/DR/587318468944/Srinivas Rao/8329544560@pay,0.0,0.0,0.0
78567198875,INDUSBANK LIMITED,04/01/2024,CASH DEPOSIT-Ramesh Menon,0.0,0.0,0.0
78567198875,INDUSBANK LIMITED,04/01/2024,IMPS-683159634033-SUPPLY CHAIN CORP,0.0,0.0,0.0
78567198875,INDUSBANK LIMITED,05/01/2024,UPI/CR/643614388960/Srinivas Naidu/7185104637@pay,0.0,0.0,0.0
78567198875,INDUSBANK LIMITED,06/01/2024,NEFT-539822885338-INFOCORE TECHNOLOGIES,0.0,0.0,0.0
78567198875,INDUSBANK LIMITED,06/01/2024,RTGS-ICICR118729297985-THERMAL SYSTEMS LTD,0.0,0.0,0.0
78567198875,INDUSBANK LIMITED,06/01/2024,IMPS-758253762922-Venkatesh Naidu,0.0,0.0,0.0
78567198875,INDUSBANK LIMITED,08/01/2024,NEFT-510903885865-DATABRIDGE INFOTECH,0.0,0.0,0.0
78567198875,INDUSBANK LIMITED,08/01/2024,IMPS-152177234220-Srinivas Murthy,0.0,0.0,0.0
78567198875,INDUSBANK LIMITED,09/01/2024,NEFT-232608109628-RETAIL SOLUTIONS INDIA,0.0,0.0,0.0
78567198875,INDUSBANK LIMITED,09/01/2024,CASH WITHDRAWAL-Venkatesh Nair,0.0,0.0,0.0
78567198875,INDUSBANK LIMITED,09/01/2024,CLG-PREMIUM PROPERTIES LTD,0.0,0.0,0.0
78567198875,INDUSBANK LIMITED,09/01/2024,IMPS-862918631220-Priya Iyer,0.0,0.0,0.0
78567198875,INDUSBANK LIMITED,10/01/2024,CHQ PAID-Lakshmi Menon-MICR,0.0,0.0,0.0
78567198875,INDUSBANK LIMITED,10/01/2024,Dividend Cr-EXPRESS LOGISTICS INDIA-EQUITY SHARES,0.0,0.0,0.0
78567198875,INDUSBANK LIMITED,11/01/2024,NEFT-622422979115-Subramaniam Nair,0.0,0.0,0.0
78567198875,INDUSBANK LIMITED,11/01/2024,CASH DEPOSIT-Ramesh Reddy,0.0,0.0,0.0
78567198875,INDUSBANK LIMITED,11/01/2024,FAILED-INSUFFICIENT FUNDS-RTGS-ICICR181143605934-Ramesh Reddy,0.0,0.0,0.0
78567198875,INDUSBANK LIMITED,12/01/2024,ATM WDL-59936,0.0,0.0,0.0
78567198875,INDUSBANK LIMITED,12/01/2024,NEFT-793739816995-FABRIC INDUSTRIES INDIA,0.0,0.0,0.0
78567198875,INDUSBANK LIMITED,12/01/2024,IMPS-403511468971-CREDIT SERVICES LTD,0.0,0.0,0.0
78567198875,INDUSBANK LIMITED,13/01/2024,NEFT-590064659987-SOFTWAVE TECHNOLOGIES,0.0,0.0,0.0
78567198875,INDUSBANK LIMITED,13/01/2024,UPI/DR/559026214466/Subramaniam Pillai/7021470433@pay,0.0,0.0,0.0
78567198875,INDUSBANK LIMITED,15/01/2024,NEFT-444837004525-GST PAYMENT-GSTIN,0.0,0.0,0.0
78567198875,INDUSBANK LIMITED,15/01/2024,UPI/CR/914154268485/Srinivas Pillai/6832628735@pay,0.0,0.0,0.0
78567198875,INDUSBANK LIMITED,16/01/2024,RTGS-ICICR927062210058-Karthik Murthy,0.0,0.0,0.0
78567198875,INDUSBANK LIMITED,16/01/2024,NEFT-105480760787-HOUSING DEVELOPERS CORP,0.0,0.0,0.0
78567198875,INDUSBANK LIMITED,16/01/2024,Dividend Cr-SUPPLY CHAIN CORP-EQUITY SHARES,0.0,0.0,0.0
78567198875,INDUSBANK LIMITED,16/01/2024,CASH WITHDRAWAL-Anitha Murthy,0.0,0.0,0.0
78567198875,INDUSBANK LIMITED,17/01/2024,RTGS-ICICR718396101842-MEDCARE LABORATORIES,0.0,0.0,0.0
78567198875,INDUSBANK LIMITED,17/01/2024,ATM WDL-43292,0.0,0.0,0.0
78567198875,INDUSBANK LIMITED,18/01/2024,IMPS-776743917794-Anitha Iyer,0.0,0.0,0.0
78567198875,INDUSBANK LIMITED,18/01/2024,CHQ PAID-Srinivas Rao-MICR,0.0,0.0,0.0
78567198875,INDUSBANK LIMITED,18/01/2024,NEFT-662476654175-Kavitha Naidu,0.0,0.0,0.0
78567198875,INDUSBANK LIMITED,20/01/2024,RTGS-ICICR574850962688-NETFORGE TECHNOLOGIES,0.0,0.0,0.0
78567198875,INDUSBANK LIMITED,20/01/2024,CLG-EXPRESS LOGISTICS INDIA,0.0,0.0,0.0
78567198875,INDUSBANK LIMITED,20/01/2024,CLG-SOFTWAVE TECHNOLOGIES,0.0,0.0,0.0
78567198875,INDUSBANK LIMITED,22/01/2024,NEFT-599802355266-Lakshmi Reddy,0.0,0.0,0.0
78567198875,INDUSBANK LIMITED,23/01/2024,REVERSAL-CLG-EXPRESS LOGISTICS INDIA,0.0,0.0,0.0
78567198875,INDUSBANK LIMITED,27/01/2024,IMPS-959870366653-Ganesh Reddy,0.0,0.0,0.0
78567198875,INDUSBANK LIMITED,27/01/2024,IMPS-224664565696-CREDIT SERVICES LTD,0.0,0.0,0.0
78567198875,INDUSBANK LIMITED,29/01/2024,NEFT-291137020601-Ramesh Nair,0.0,0.0,0.0
78567198875,INDUSBANK LIMITED,29/01/2024,CLG-CYBERCRAFT SYSTEMS,0.0,0.0,0.0
78567198875,INDUSBANK LIMITED,29/01/2024,IMPS-372249096723-URBAN ESTATES INDIA,0.0,0.0,0.0
78567198875,INDUSBANK LIMITED,29/01/2024,UPI/DR/942245895225/Ganesh Iyer/7517627973@pay,0.0,0.0,0.0
78567198875,INDUSBANK LIMITED,29/01/2024,IMPS-121892735550-Lakshmi Murthy,0.0,0.0,0.0
78567198875,INDUSBANK LIMITED,30/01/2024,CLG-EXPRESS LOGISTICS INDIA,0.0,0.0,0.0
78567198875,INDUSBANK LIMITED,30/01/2024,NEFT-722740608699-CREDIT SERVICES LTD,0.0,0.0,0.0
78567198875,INDUSBANK LIMITED,30/01/2024,CHQ PAID-Karthik Iyer-MICR,0.0,0.0,0.0
78567198875,INDUSBANK LIMITED,31/01/2024,UPI/DR/988455889776/Subramaniam Pillai/8549138222@pay,0.0,0.0,0.0
78567198875,INDUSBANK LIMITED,31/01/2024,CHQ PAID-Srinivas Nair-MICR,0.0,0.0,0.0
78567198875,INDUSBANK LIMITED,01/02/2024,CHQ PAID-Ramesh Krishnan-MICR,0.0,0.0,0.0
78567198875,INDUSBANK LIMITED,01/02/2024,CASH WITHDRAWAL-Venkatesh Rao,0.0,0.0,0.0
78567198875,INDUSBANK LIMITED,01/02/2024,ATM WDL-52945,0.0,0.0,0.0
78567198875,INDUSBANK LIMITED,02/02/2024,IMPS-598730804956-Srinivas Pillai,0.0,0.0,0.0
78567198875,INDUSBANK LIMITED,03/02/2024,NEFT-581402792849-MEDCARE LABORATORIES,0.0,0.0,0.0
78567198875,INDUSBANK LIMITED,03/02/2024,CASH WITHDRAWAL-Subramaniam Rao,0.0,0.0,0.0
78567198875,INDUSBANK LIMITED,03/02/2024,NEFT-482976183176-MEDCARE LABORATORIES,0.0,0.0,0.0
78567198875,INDUSBANK LIMITED,05/02/2024,NEFT-462795247076-Ganesh Menon,0.0,0.0,0.0
78567198875,INDUSBANK LIMITED,05/02/2024,NEFT-467435758024-Subramaniam Pillai,0.0,0.0,0.0
78567198875,INDUSBANK LIMITED,05/02/2024,UPI/CR/419740652309/Ramesh Naidu/9867189605@pay,0.0,0.0,0.0
78567198875,INDUSBANK LIMITED,06/02/2024,IMPS-221093308284-CYBERCRAFT SYSTEMS,0.0,0.0,0.0
78567198875,INDUSBANK LIMITED,06/02/2024,CASH WITHDRAWAL-Ganesh Reddy,0.0,0.0,0.0
78567198875,INDUSBANK LIMITED,06/02/2024,IMPS-736423965555-Subramaniam Naidu,0.0,0.0,0.0
78567198875,INDUSBANK LIMITED,06/02/2024,IMPS-965610497274-HEALTHPLUS PHARMA LTD,0.0,0.0,0.0
78567198875,INDUSBANK LIMITED,06/02/2024,UPI/CR/111212354887/Anitha Reddy/6809210998@pay,0.0,0.0,0.0
78567198875,INDUSBANK LIMITED,09/02/2024,NEFT-842335894012-CAPITAL VENTURES INDIA,0.0,0.0,0.0
78567198875,INDUSBANK LIMITED,10/02/2024,UPI/CR/178703502274/Lakshmi Iyer/9063680014@pay,0.0,0.0,0.0
78567198875,INDUSBANK LIMITED,12/02/2024,NEFT-174037491381-Ganesh Naidu,0.0,0.0,0.0
78567198875,INDUSBANK LIMITED,13/02/2024,IMPS-474595110570-COTTON MILLS CORP,0.0,0.0,0.0
78567198875,INDUSBANK LIMITED,13/02/2024,NEFT-465129200984-NETPULSE SYSTEMS,0.0,0.0,0.0
78567198875,INDUSBANK LIMITED,14/02/2024,RTGS-ICICR722879654909-Venkatesh Pillai,0.0,0.0,0.0
78567198875,INDUSBANK LIMITED,14/02/2024,NEFT-745036338070-SOFTWAVE TECHNOLOGIES,0.0,0.0,0.0
78567198875,INDUSBANK LIMITED,14/02/2024,NEFT-559501374488-LIFELINE PHARMACEUTICAL,0.0,0.0,0.0
78567198875,INDUSBANK LIMITED,15/02/2024,NEFT-112554654299-Lakshmi Nair,0.0,0.0,0.0
78567198875,INDUSBANK LIMITED,15/02/2024,CHQ PAID-Anitha Pillai-MICR,0.0,0.0,0.0
78567198875,INDUSBANK LIMITED,15/02/2024,NEFT-207993352818-Ramesh Reddy,0.0,0.0,0.0
78567198875,INDUSBANK LIMITED,17/02/2024,NEFT-447627265736-Ramesh Iyer,0.0,0.0,0.0
78567198875,INDUSBANK LIMITED,19/02/2024,CLG-INFOCORE TECHNOLOGIES,0.0,0.0,0.0
78567198875,INDUSBANK LIMITED,20/02/2024,IMPS-822864613153-MEDCARE LABORATORIES,0.0,0.0,0.0
78567198875,INDUSBANK LIMITED,20/02/2024,NEFT-687241992296-REALTY VENTURES LTD,0.0,0.0,0.0
78567198875,INDUSBANK LIMITED,21/02/2024,RTGS-ICICR238960706047-Lakshmi Murthy,0.0,0.0,0.0
78567198875,INDUSBANK LIMITED,21/02/2024,NEFT-721701665085-GST PAYMENT-GSTIN,0.0,0.0,0.0
78567198875,INDUSBANK LIMITED,22/02/2024,CASH WITHDRAWAL-Anitha Menon,0.0,0.0,0.0
78567198875,INDUSBANK LIMITED,23/02/2024,UPI/DR/734624250171/Ramesh Naidu/8806286977@pay,0.0,0.0,0.0
78567198875,INDUSBANK LIMITED,23/02/2024,ATM WDL-35305,0.0,0.0,0.0
78567198875,INDUSBANK LIMITED,24/02/2024,IMPS-549625362273-PREMIUM INFRASTRUCTURE,0.0,0.0,0.0
78567198875,INDUSBANK LIMITED,26/02/2024,NEFT-263691996083-URBAN ESTATES INDIA,0.0,0.0,0.0
78567198875,INDUSBANK LIMITED,26/02/2024,CLG-COTTON MILLS CORP,0.0,0.0,0.0
78567198875,INDUSBANK LIMITED,27/02/2024,NEFT-976479218491-Priya Pillai,0.0,0.0,0.0
78567198875,INDUSBANK LIMITED,27/02/2024,NEFT-451231195685-Srinivas Krishnan,0.0,0.0,0.0
78567198875,INDUSBANK LIMITED,27/02/2024,CHQ PAID-Ganesh Rao-MICR,0.0,0.0,0.0
78567198875,INDUSBANK LIMITED,28/02/2024,CLG-WELLNESS BRANDS INDIA,0.0,0.0,0.0
78567198875,INDUSBANK LIMITED,28/02/2024,UPI/CR/518246193890/Ganesh Murthy/6780006268@pay,0.0,0.0,0.0
78567198875,INDUSBANK LIMITED,28/02/2024,Service Charges-Statement Charges,0.0,0.0,0.0
78567198875,INDUSBANK LIMITED,28/02/2024,Service Charges-Cheque Book Charges,0.0,0.0,0.0
78567198875,INDUSBANK LIMITED,29/02/2024,NEFT-245065064531-FOOD INDUSTRIES CORP,0.0,0.0,0.0
78567198875,INDUSBANK LIMITED,02/03/2024,ATM WDL-57834,0.0,0.0,0.0
78567198875,INDUSBANK LIMITED,02/03/2024,IMPS-730315931374-THERMAL SYSTEMS LTD,0.0,0.0,0.0
78567198875,INDUSBANK LIMITED,02/03/2024,CLG-NETFORGE TECHNOLOGIES,0.0,0.0,0.0
78567198875,INDUSBANK LIMITED,02/03/2024,ATM WDL-10498,0.0,0.0,0.0
78567198875,INDUSBANK LIMITED,04/03/2024,UPI/CR/569974776792/Ramesh Menon/8879514755@pay,0.0,0.0,0.0
78567198875,INDUSBANK LIMITED,04/03/2024,UPI/DR/409122482652/Ganesh Pillai/9344937339@pay,0.0,0.0,0.0
78567198875,INDUSBANK LIMITED,04/03/2024,NEFT-355744402382-EXPRESS LOGISTICS INDIA,0.0,0.0,0.0
78567198875,INDUSBANK LIMITED,04/03/2024,CASH DEPOSIT-Kavitha Nair,0.0,0.0,0.0
78567198875,INDUSBANK LIMITED,04/03/2024,SERVICE CHARGES-Online Banking Charges,0.0,0.0,0.0
78567198875,INDUSBANK LIMITED,05/03/2024,UPI/CR/660129848666/Srinivas Nair/8562884024@pay,0.0,0.0,0.0
78567198875,INDUSBANK LIMITED,05/03/2024,CASH WITHDRAWAL-Priya Iyer,0.0,0.0,0.0
78567198875,INDUSBANK LIMITED,06/03/2024,CLG-HEALTHCARE PRODUCTS LTD,0.0,0.0,0.0
78567198875,INDUSBANK LIMITED,06/03/2024,CLG-GATEWAY PROJECTS LTD,0.0,0.0,0.0
78567198875,INDUSBANK LIMITED,07/03/2024,CLG-SUPPLY CHAIN CORP,0.0,0.0,0.0
78567198875,INDUSBANK LIMITED,07/03/2024,UPI/CR/573522542704/Srinivas Iyer/7866151416@pay,0.0,0.0,0.0
78567198875,INDUSBANK LIMITED,09/03/2024,UPI/CR/688292021843/Priya Pillai/9191979271@pay,0.0,0.0,0.0
78567198875,INDUSBANK LIMITED,11/03/2024,IMPS-487784999304-REALTY VENTURES LTD,0.0,0.0,0.0
78567198875,INDUSBANK LIMITED,11/03/2024,CLG-WEBSTREAM LIMITED,0.0,0.0,0.0
78567198875,INDUSBANK LIMITED,13/03/2024,CHQ PAID-Priya Krishnan-MICR,0.0,0.0,0.0
78567198875,INDUSBANK LIMITED,13/03/2024,CHQ PAID-Kavitha Menon-MICR,0.0,0.0,0.0
78567198875,INDUSBANK LIMITED,13/03/2024,ATM WDL-47723,0.0,0.0,0.0
78567198875,INDUSBANK LIMITED,13/03/2024,IMPS-463100745435-METROPOLITAN BUILDERS,0.0,0.0,0.0
78567198875,INDUSBANK LIMITED,15/03/2024,UPI/CR/264144785838/Ganesh Iyer/9946077553@pay,0.0,0.0,0.0
78567198875,INDUSBANK LIMITED,16/03/2024,NEFT-347892383557-Karthik Naidu,0.0,0.0,0.0
78567198875,INDUSBANK LIMITED,16/03/2024,NEFT-762949586124-INFOCORE TECHNOLOGIES,0.0,0.0,0.0
78567198875,INDUSBANK LIMITED,16/03/2024,NEFT-298069433243-Ganesh Iyer,0.0,0.0,0.0
78567198875,INDUSBANK LIMITED,18/03/2024,CHQ PAID-Kavitha Menon-MICR,0.0,0.0,0.0
78567198875,INDUSBANK LIMITED,20/03/2024,NEFT-754248163796-CYBERCRAFT SYSTEMS,0.0,0.0,0.0
78567198875,INDUSBANK LIMITED,21/03/2024,ATM WDL-92757,0.0,0.0,0.0
78567198875,INDUSBANK LIMITED,21/03/2024,RTGS-ICICR836392927272-AUTOMOTIVE PARTS CORP,0.0,0.0,0.0
78567198875,INDUSBANK LIMITED,21/03/2024,NEFT-988517588375-Srinivas Murthy,0.0,0.0,0.0
78567198875,INDUSBANK LIMITED,21/03/2024,RTGS-ICICR938348964346-PERSONAL CARE LTD,0.0,0.0,0.0
78567198875,INDUSBANK LIMITED,21/03/2024,RTGS-ICICR352251270330-CARGO SOLUTIONS LTD,0.0,0.0,0.0
78567198875,INDUSBANK LIMITED,21/03/2024,IMPS-437138379825-Anitha Murthy,0.0,0.0,0.0
78567198875,INDUSBANK LIMITED,22/03/2024,CHQ PAID-Ramesh Iyer-MICR,0.0,0.0,0.0
78567198875,INDUSBANK LIMITED,22/03/2024,REVERSAL-RTGS-ICICR836392927272-AUTOMOTIVE PARTS CORP,0.0,0.0,0.0
78567198875,INDUSBANK LIMITED,22/03/2024,NEFT-562790692229-Karthik Murthy,0.0,0.0,0.0
78567198875,INDUSBANK LIMITED,23/03/2024,NEFT-538672275964-DATABRIDGE INFOTECH,0.0,0.0,0.0
78567198875,INDUSBANK LIMITED,23/03/2024,RTGS-ICICR720747255179-Venkatesh Pillai,0.0,0.0,0.0
78567198875,INDUSBANK LIMITED,23/03/2024,IMPS-210781662246-INVESTMENT SERVICES INDIA,0.0,0.0,0.0
78567198875,INDUSBANK LIMITED,26/03/2024,RTGS-ICICR298335520516-INDUSTRIAL COMPONENTS INDIA,0.0,0.0,0.0
78567198875,INDUSBANK LIMITED,26/03/2024,IMPS-201489055425-INVESTMENT SERVICES INDIA,0.0,0.0,0.0
78567198875,INDUSBANK LIMITED,26/03/2024,NEFT-225395107718-MEDCARE LABORATORIES,0.0,0.0,0.0
78567198875,INDUSBANK LIMITED,26/03/2024,CHQ PAID-Subramaniam Nair-MICR,0.0,0.0,0.0
78567198875,INDUSBANK LIMITED,27/03/2024,CHQ PAID-Srinivas Murthy-MICR,0.0,0.0,0.0
78567198875,INDUSBANK LIMITED,27/03/2024,RTGS-ICICR909808905322-CODEBASE SOLUTIONS,0.0,0.0,0.0
78567198875,INDUSBANK LIMITED,27/03/2024,IMPS-672221370233-CYBERCRAFT SYSTEMS,0.0,0.0,0.0
78567198875,INDUSBANK LIMITED,28/03/2024,IMPS-466582511876-NETFORGE TECHNOLOGIES,0.0,0.0,0.0
78567198875,INDUSBANK LIMITED,28/03/2024,CHQ PAID-Ramesh Pillai-MICR,0.0,0.0,0.0
78567198875,INDUSBANK LIMITED,28/03/2024,Service Charges-Cheque Book Charges,0.0,0.0,0.0
78567198875,INDUSBANK LIMITED,28/03/2024,Service Charges-Account Maintenance,0.0,0.0,0.0
78567198875,INDUSBANK LIMITED,30/03/2024,IMPS-422281374051-CYBERCRAFT SYSTEMS,0.0,0.0,0.0
98758289918,ZENITH BANK OF INDIA,01/01/2024,IMPS-820079735740-FOOD INDUSTRIES CORP,0.0,0.0,0.0
98758289918,ZENITH BANK OF INDIA,02/01/2024,CLG-COTTON MILLS CORP,0.0,0.0,0.0
98758289918,ZENITH BANK OF INDIA,02/01/2024,CASH DEPOSIT-Anitha Nair,0.0,0.0,0.0
98758289918,ZENITH BANK OF INDIA,03/01/2024,IMPS-785240162254-THERMAL SYSTEMS LTD,0.0,0.0,0.0
98758289918,ZENITH BANK OF INDIA,03/01/2024,CASH WITHDRAWAL-Lakshmi Murthy,0.0,0.0,0.0
98758289918,ZENITH BANK OF INDIA,03/01/2024,IMPS-675879230280-MOTOR INDUSTRIES LTD,0.0,0.0,0.0
98758289918,ZENITH BANK OF INDIA,04/01/2024,NEFT-836705879165-EXPRESS LOGISTICS INDIA,0.0,0.0,0.0
98758289918,ZENITH BANK OF INDIA,04/01/2024,IMPS-996259952965-HIGHWAY DEVELOPERS INDIA,0.0,0.0,0.0
98758289918,ZENITH BANK OF INDIA,04/01/2024,CHQ PAID-Subramaniam Naidu-MICR,0.0,0.0,0.0
98758289918,ZENITH BANK OF INDIA,05/01/2024,CASH DEPOSIT-Subramaniam Iyer,0.0,0.0,0.0
98758289918,ZENITH BANK OF INDIA,05/01/2024,RTGS-ICICR631251431031-GATEWAY PROJECTS LTD,0.0,0.0,0.0
98758289918,ZENITH BANK OF INDIA,06/01/2024,IMPS-583425650779-Anitha Murthy,0.0,0.0,0.0
98758289918,ZENITH BANK OF INDIA,08/01/2024,CLG-PRECISION ENGINEERING WORKS,0.0,0.0,0.0
98758289918,ZENITH BANK OF INDIA,08/01/2024,RTGS-ICICR615214706183-REALTY VENTURES LTD,0.0,0.0,0.0
98758289918,ZENITH BANK OF INDIA,09/01/2024,NEFT-789208767242-Subramaniam Murthy,0.0,0.0,0.0
98758289918,ZENITH BANK OF INDIA,09/01/2024,CLG-CODEBASE SOLUTIONS,0.0,0.0,0.0
98758289918,ZENITH BANK OF INDIA,09/01/2024,REVERSAL-CLG-PRECISION ENGINEERING WORKS,0.0,0.0,0.0
98758289918,ZENITH BANK OF INDIA,09/01/2024,SERVICE CHARGES-Foreign Currency Markup,0.0,0.0,0.0
98758289918,ZENITH BANK OF INDIA,09/01/2024,IMPS-989481248991-CREDIT SERVICES LTD,0.0,0.0,0.0
98758289918,ZENITH BANK OF INDIA,09/01/2024,CHQ PAID-Venkatesh Nair-MICR,0.0,0.0,0.0
98758289918,ZENITH BANK OF INDIA,10/01/2024,RTGS-ICICR267997973757-Karthik Pillai,0.0,0.0,0.0
98758289918,ZENITH BANK OF INDIA,10/01/2024,IMPS-414288074268-PRECISION ENGINEERING WORKS,0.0,0.0,0.0
98758289918,ZENITH BANK OF INDIA,11/01/2024,ATM WDL-51177,0.0,0.0,0.0
98758289918,ZENITH BANK OF INDIA,11/01/2024,RTGS-ICICR991278642925-CONSUMER PRODUCTS INDIA,0.0,0.0,0.0
98758289918,ZENITH BANK OF INDIA,12/01/2024,NEFT-402341056053-Lakshmi Naidu,0.0,0.0,0.0
98758289918,ZENITH BANK OF INDIA,12/01/2024,CASH WITHDRAWAL-Ganesh Iyer,0.0,0.0,0.0
98758289918,ZENITH BANK OF INDIA,16/01/2024,CLG-SUPPLY CHAIN CORP,0.0,0.0,0.0
98758289918,ZENITH BANK OF INDIA,16/01/2024,CASH WITHDRAWAL-Ramesh Menon,0.0,0.0,0.0
98758289918,ZENITH BANK OF INDIA,16/01/2024,RTGS-ICICR285361233153-Venkatesh Iyer,0.0,0.0,0.0
98758289918,ZENITH BANK OF INDIA,17/01/2024,CASH WITHDRAWAL-Karthik Menon,0.0,0.0,0.0
98758289918,ZENITH BANK OF INDIA,18/01/2024,CHQ PAID-Priya Reddy-MICR,0.0,0.0,0.0
98758289918,ZENITH BANK OF INDIA,18/01/2024,UPI/CR/400684006881/Kavitha Rao/8712424540@pay,0.0,0.0,0.0
98758289918,ZENITH BANK OF INDIA,18/01/2024,NEFT-256118936280-PRECISION ENGINEERING WORKS,0.0,0.0,0.0
98758289918,ZENITH BANK OF INDIA,20/01/2024,NEFT-332727467449-REALTY VENTURES LTD,0.0,0.0,0.0
98758289918,ZENITH BANK OF INDIA,22/01/2024,NEFT-624805848533-Lakshmi Krishnan,0.0,0.0,0.0
98758289918,ZENITH BANK OF INDIA,23/01/2024,NEFT-853314027920-Ramesh Krishnan,0.0,0.0,0.0
98758289918,ZENITH BANK OF INDIA,23/01/2024,NEFT-816577132566-APEX HEAVY INDUSTRIES,0.0,0.0,0.0
98758289918,ZENITH BANK OF INDIA,23/01/2024,CASH WITHDRAWAL-Srinivas Rao,0.0,0.0,0.0
98758289918,ZENITH BANK OF INDIA,23/01/2024,NEFT-557034628934-CLOUDTECH SERVICES,0.0,0.0,0.0
98758289918,ZENITH BANK OF INDIA,23/01/2024,IMPS-535435035579-SOFTWAVE TECHNOLOGIES,0.0,0.0,0.0
98758289918,ZENITH BANK OF INDIA,23/01/2024,NEFT-851899112779-Priya Krishnan,0.0,0.0,0.0
98758289918,ZENITH BANK OF INDIA,23/01/2024,NEFT-372531425642-Venkatesh Rao,0.0,0.0,0.0
98758289918,ZENITH BANK OF INDIA,23/01/2024,IMPS-433823268307-Srinivas Murthy,0.0,0.0,0.0
98758289918,ZENITH BANK OF INDIA,25/01/2024,IMPS-732102644199-Lakshmi Rao,0.0,0.0,0.0
98758289918,ZENITH BANK OF INDIA,29/01/2024,IMPS-208155205321-Priya Rao,0.0,0.0,0.0
98758289918,ZENITH BANK OF INDIA,30/01/2024,NEFT-822394885400-Kavitha Nair,0.0,0.0,0.0
98758289918,ZENITH BANK OF INDIA,30/01/2024,SERVICE CHARGES-Demat Account AMC,0.0,0.0,0.0
98758289918,ZENITH BANK OF INDIA,30/01/2024,IMPS-716661124049-Priya Nair,0.0,0.0,0.0
98758289918,ZENITH BANK OF INDIA,31/01/2024,NEFT-645200329445-DAILY NEEDS LIMITED,0.0,0.0,0.0
98758289918,ZENITH BANK OF INDIA,31/01/2024,IMPS-420513056892-NETFORGE TECHNOLOGIES,0.0,0.0,0.0
98758289918,ZENITH BANK OF INDIA,31/01/2024,CHQ PAID-Ganesh Murthy-MICR,0.0,0.0,0.0
98758289918,ZENITH BANK OF INDIA,01/02/2024,UPI/CR/312224996645/Venkatesh Reddy/9446170467@pay,0.0,0.0,0.0
98758289918,ZENITH BANK OF INDIA,01/02/2024,FAILED-INSUFFICIENT FUNDS-CHQ PAID-Kavitha Naidu-MICR,0.0,0.0,0.0
98758289918,ZENITH BANK OF INDIA,01/02/2024,IMPS-199037691171-Ramesh Naidu,0.0,0.0,0.0
98758289918,ZENITH BANK OF INDIA,02/02/2024,CLG-HOUSING DEVELOPERS CORP,0.0,0.0,0.0
98758289918,ZENITH BANK OF INDIA,02/02/2024,UPI/DR/413401298360/Venkatesh Krishnan/8563661175@pay,0.0,0.0,0.0
98758289918,ZENITH BANK OF INDIA,02/02/2024,NEFT-116998955270-COTTON MILLS CORP,0.0,0.0,0.0
98758289918,ZENITH BANK OF INDIA,03/02/2024,CLG-CAPITAL VENTURES INDIA,0.0,0.0,0.0
98758289918,ZENITH BANK OF INDIA,03/02/2024,NEFT-523678670784-RETAIL SOLUTIONS INDIA,0.0,0.0,0.0
98758289918,ZENITH BANK OF INDIA,03/02/2024,CLG-DAILY NEEDS LIMITED,0.0,0.0,0.0
98758289918,ZENITH BANK OF INDIA,03/02/2024,NEFT-206213699691-INVESTMENT SERVICES INDIA,0.0,0.0,0.0
98758289918,ZENITH BANK OF INDIA,03/02/2024,ATM WDL-96127,0.0,0.0,0.0
98758289918,ZENITH BANK OF INDIA,03/02/2024,CHQ PAID-Anitha Murthy-MICR,0.0,0.0,0.0
98758289918,ZENITH BANK OF INDIA,03/02/2024,Service Charges-Cheque Bounce Charge-982079,0.0,0.0,0.0
98758289918,ZENITH BANK OF INDIA,05/02/2024,CLG-INFOCORE TECHNOLOGIES,0.0,0.0,0.0
98758289918,ZENITH BANK OF INDIA,05/02/2024,NEFT-918656246204-Srinivas Iyer,0.0,0.0,0.0
98758289918,ZENITH BANK OF INDIA,05/02/2024,NEFT-676372574935-Venkatesh Iyer,0.0,0.0,0.0
98758289918,ZENITH BANK OF INDIA,05/02/2024,IMPS-908496460142-Lakshmi Reddy,0.0,0.0,0.0
98758289918,ZENITH BANK OF INDIA,05/02/2024,RTGS-ICICR507357116361-Srinivas Krishnan,0.0,0.0,0.0
98758289918,ZENITH BANK OF INDIA,06/02/2024,IMPS-570727833906-FOOD INDUSTRIES CORP,0.0,0.0,0.0
98758289918,ZENITH BANK OF INDIA,06/02/2024,UPI/CR/800321505419/Priya Pillai/6564136622@pay,0.0,0.0,0.0
98758289918,ZENITH BANK OF INDIA,06/02/2024,ATM WDL-29602,0.0,0.0,0.0
98758289918,ZENITH BANK OF INDIA,08/02/2024,RTGS-ICICR127558281171-Ramesh Nair,0.0,0.0,0.0
98758289918,ZENITH BANK OF INDIA,08/02/2024,UPI/CR/949221793667/Ramesh Naidu/8081989682@pay,0.0,0.0,0.0
98758289918,ZENITH BANK OF INDIA,08/02/2024,CASH WITHDRAWAL-Priya Pillai,0.0,0.0,0.0
98758289918,ZENITH BANK OF INDIA,09/02/2024,CHQ PAID-Anitha Pillai-MICR,0.0,0.0,0.0
98758289918,ZENITH BANK OF INDIA,09/02/2024,IMPS-257057540334-TECHVISION SYSTEMS,0.0,0.0,0.0
98758289918,ZENITH BANK OF INDIA,09/02/2024,NEFT-672174450334-Anitha Reddy,0.0,0.0,0.0
98758289918,ZENITH BANK OF INDIA,10/02/2024,ATM WDL-53106,0.0,0.0,0.0
98758289918,ZENITH BANK OF INDIA,10/02/2024,CASH WITHDRAWAL-Kavitha Krishnan,0.0,0.0,0.0
98758289918,ZENITH BANK OF INDIA,13/02/2024,RTGS-ICICR172898916663-HIGHWAY DEVELOPERS INDIA,0.0,0.0,0.0
98758289918,ZENITH BANK OF INDIA,13/02/2024,RTGS-ICICR630294714529-CONSUMER PRODUCTS INDIA,0.0,0.0,0.0
98758289918,ZENITH BANK OF INDIA,13/02/2024,CLG-FABRIC INDUSTRIES INDIA,0.0,0.0,0.0
98758289918,ZENITH BANK OF INDIA,14/02/2024,UPI/DR/417044451133/Priya Iyer/9984027128@pay,0.0,0.0,0.0
98758289918,ZENITH BANK OF INDIA,14/02/2024,IMPS-537336622366-MOTOR INDUSTRIES LTD,0.0,0.0,0.0
98758289918,ZENITH BANK OF INDIA,15/02/2024,CASH DEPOSIT-Ramesh Pillai,0.0,0.0,0.0
98758289918,ZENITH BANK OF INDIA,16/02/2024,CLG-RETAIL SOLUTIONS INDIA,0.0,0.0,0.0
98758289918,ZENITH BANK OF INDIA,17/02/2024,ATM WDL-41792,0.0,0.0,0.0
98758289918,ZENITH BANK OF INDIA,17/02/2024,RTGS-ICICR819224694519-PRECISION ENGINEERING WORKS,0.0,0.0,0.0
98758289918,ZENITH BANK OF INDIA,17/02/2024,NEFT-315939932151-TECHVISION SYSTEMS,0.0,0.0,0.0
98758289918,ZENITH BANK OF INDIA,19/02/2024,CHQ PAID-Ganesh Rao-MICR,0.0,0.0,0.0
98758289918,ZENITH BANK OF INDIA,19/02/2024,Dividend Cr-INVESTMENT SERVICES INDIA-EQUITY SHARES,0.0,0.0,0.0
98758289918,ZENITH BANK OF INDIA,19/02/2024,NEFT-217827470165-Ganesh Murthy,0.0,0.0,0.0
98758289918,ZENITH BANK OF INDIA,19/02/2024,CASH WITHDRAWAL-Srinivas Iyer,0.0,0.0,0.0
98758289918,ZENITH BANK OF INDIA,20/02/2024,NEFT-694175482189-PREMIUM INFRASTRUCTURE,0.0,0.0,0.0
98758289918,ZENITH BANK OF INDIA,21/02/2024,IMPS-198431790194-Karthik Iyer,0.0,0.0,0.0
98758289918,ZENITH BANK OF INDIA,21/02/2024,IMPS-539718762310-Karthik Murthy,0.0,0.0,0.0
98758289918,ZENITH BANK OF INDIA,21/02/2024,RTGS-ICICR617395242141-Ramesh Menon,0.0,0.0,0.0
98758289918,ZENITH BANK OF INDIA,21/02/2024,RTGS-ICICR241039658690-CAPITAL VENTURES INDIA,0.0,0.0,0.0
98758289918,ZENITH BANK OF INDIA,22/02/2024,NEFT-577705105195-Ramesh Iyer,0.0,0.0,0.0
98758289918,ZENITH BANK OF INDIA,23/02/2024,NEFT-856123297214-Ramesh Reddy,0.0,0.0,0.0
98758289918,ZENITH BANK OF INDIA,24/02/2024,IMPS-799987991521-INFOCORE TECHNOLOGIES,0.0,0.0,0.0
98758289918,ZENITH BANK OF INDIA,24/02/2024,NEFT-119030401460-Karthik Murthy,0.0,0.0,0.0
98758289918,ZENITH BANK OF INDIA,24/02/2024,NEFT-973986546208-Kavitha Reddy,0.0,0.0,0.0
98758289918,ZENITH BANK OF INDIA,24/02/2024,IMPS-648450049892-HOUSING DEVELOPERS CORP,0.0,0.0,0.0
98758289918,ZENITH BANK OF INDIA,24/02/2024,ATM WDL-80141,0.0,0.0,0.0
98758289918,ZENITH BANK OF INDIA,26/02/2024,CASH DEPOSIT-Lakshmi Menon,0.0,0.0,0.0
98758289918,ZENITH BANK OF INDIA,26/02/2024,RTGS-ICICR562165779685-NETFORGE TECHNOLOGIES,0.0,0.0,0.0
98758289918,ZENITH BANK OF INDIA,27/02/2024,NEFT-478924142692-Venkatesh Reddy,0.0,0.0,0.0
98758289918,ZENITH BANK OF INDIA,28/02/2024,CHQ PAID-Lakshmi Iyer-MICR,0.0,0.0,0.0
98758289918,ZENITH BANK OF INDIA,28/02/2024,NEFT-761802384556-Ganesh Naidu,0.0,0.0,0.0
98758289918,ZENITH BANK OF INDIA,28/02/2024,Service Charges-Online Banking Charges,0.0,0.0,0.0
98758289918,ZENITH BANK OF INDIA,28/02/2024,Service Charges-Statement Charges,0.0,0.0,0.0
98758289918,ZENITH BANK OF INDIA,29/02/2024,NEFT-407511653304-Srinivas Rao,0.0,0.0,0.0
98758289918,ZENITH BANK OF INDIA,01/03/2024,CHQ PAID-Anitha Naidu-MICR,0.0,0.0,0.0
98758289918,ZENITH BANK OF INDIA,01/03/2024,NEFT-975603430476-NETFORGE TECHNOLOGIES,0.0,0.0,0.0
98758289918,ZENITH BANK OF INDIA,01/03/2024,IMPS-872163988309-CODEBASE SOLUTIONS,0.0,0.0,0.0
98758289918,ZENITH BANK OF INDIA,01/03/2024,NEFT-312736283913-Srinivas Murthy,0.0,0.0,0.0
98758289918,ZENITH BANK OF INDIA,02/03/2024,CLG-DAILY NEEDS LIMITED,0.0,0.0,0.0
98758289918,ZENITH BANK OF INDIA,02/03/2024,CLG-INFOCORE TECHNOLOGIES,0.0,0.0,0.0
98758289918,ZENITH BANK OF INDIA,02/03/2024,IMPS-292154253089-Karthik Menon,0.0,0.0,0.0
98758289918,ZENITH BANK OF INDIA,02/03/2024,NEFT-355564865199-Venkatesh Naidu,0.0,0.0,0.0
98758289918,ZENITH BANK OF INDIA,04/03/2024,NEFT-514004445998-Srinivas Iyer,0.0,0.0,0.0
98758289918,ZENITH BANK OF INDIA,04/03/2024,UPI/DR/243830239058/Anitha Reddy/8530272084@pay,0.0,0.0,0.0
98758289918,ZENITH BANK OF INDIA,05/03/2024,ATM WDL-61823,0.0,0.0,0.0
98758289918,ZENITH BANK OF INDIA,05/03/2024,NEFT-702268080779-LOAN DISBURSEMENT-NETPULSE SYSTEMS,0.0,0.0,0.0
98758289918,ZENITH BANK OF INDIA,05/03/2024,IMPS-751054345514-Kavitha Rao,0.0,0.0,0.0
98758289918,ZENITH BANK OF INDIA,05/03/2024,IMPS-816320862835-PRECISION ENGINEERING WORKS,0.0,0.0,0.0
98758289918,ZENITH BANK OF INDIA,06/03/2024,UPI/DR/213553758383/Karthik Rao/7643005990@pay,0.0,0.0,0.0
98758289918,ZENITH BANK OF INDIA,06/03/2024,IMPS-603217930744-Karthik Iyer,0.0,0.0,0.0
98758289918,ZENITH BANK OF INDIA,07/03/2024,IMPS-571620357396-HOUSING DEVELOPERS CORP,0.0,0.0,0.0
98758289918,ZENITH BANK OF INDIA,07/03/2024,UPI/CR/189638566588/Kavitha Murthy/8996138608@pay,0.0,0.0,0.0
98758289918,ZENITH BANK OF INDIA,09/03/2024,RTGS-ICICR390372499710-Venkatesh Nair,0.0,0.0,0.0
98758289918,ZENITH BANK OF INDIA,09/03/2024,UPI/DR/818835257228/Priya Murthy/8905979076@pay,0.0,0.0,0.0
98758289918,ZENITH BANK OF INDIA,11/03/2024,NEFT-880513341283-Anitha Pillai,0.0,0.0,0.0
98758289918,ZENITH BANK OF INDIA,12/03/2024,NEFT-237147148756-FOOD INDUSTRIES CORP,0.0,0.0,0.0
98758289918,ZENITH BANK OF INDIA,12/03/2024,UPI/CR/799773095756/Kavitha Rao/6829269657@pay,0.0,0.0,0.0
98758289918,ZENITH BANK OF INDIA,12/03/2024,NEFT-466686210070-Subramaniam Nair,0.0,0.0,0.0
98758289918,ZENITH BANK OF INDIA,13/03/2024,CHQ PAID-Kavitha Pillai-MICR,0.0,0.0,0.0
98758289918,ZENITH BANK OF INDIA,13/03/2024,IMPS-437025646198-Karthik Iyer,0.0,0.0,0.0
98758289918,ZENITH BANK OF INDIA,13/03/2024,CLG-PRECISION ENGINEERING WORKS,0.0,0.0,0.0
98758289918,ZENITH BANK OF INDIA,14/03/2024,Dividend Cr-INVESTMENT SERVICES INDIA-EQUITY SHARES,0.0,0.0,0.0
98758289918,ZENITH BANK OF INDIA,14/03/2024,IMPS-281935353392-CLOUDTECH SERVICES,0.0,0.0,0.0
98758289918,ZENITH BANK OF INDIA,14/03/2024,CHQ PAID-Subramaniam Pillai-MICR,0.0,0.0,0.0
98758289918,ZENITH BANK OF INDIA,15/03/2024,REVERSAL-IMPS-281935353392-CLOUDTECH SERVICES,0.0,0.0,0.0
98758289918,ZENITH BANK OF INDIA,16/03/2024,CASH DEPOSIT-Priya Krishnan,0.0,0.0,0.0
98758289918,ZENITH BANK OF INDIA,16/03/2024,ATM WDL-91896,0.0,0.0,0.0
98758289918,ZENITH BANK OF INDIA,18/03/2024,IMPS-170737781196-DAILY NEEDS LIMITED,0.0,0.0,0.0
98758289918,ZENITH BANK OF INDIA,20/03/2024,SERVICE CHARGES-Foreign Currency Markup,0.0,0.0,0.0
98758289918,ZENITH BANK OF INDIA,23/03/2024,CLG-URBAN ESTATES INDIA,0.0,0.0,0.0
98758289918,ZENITH BANK OF INDIA,26/03/2024,IMPS-705330750199-PREMIUM INFRASTRUCTURE,0.0,0.0,0.0
98758289918,ZENITH BANK OF INDIA,27/03/2024,IMPS-987415866990-WEBSTREAM LIMITED,0.0,0.0,0.0
98758289918,ZENITH BANK OF INDIA,27/03/2024,CHQ PAID-Srinivas Naidu-MICR,0.0,0.0,0.0
98758289918,ZENITH BANK OF INDIA,28/03/2024,UPI/CR/116616026922/Priya Iyer/9318322805@pay,0.0,0.0,0.0
98758289918,ZENITH BANK OF INDIA,28/03/2024,Service Charges-Foreign Currency Markup,0.0,0.0,0.0
98758289918,ZENITH BANK OF INDIA,28/03/2024,Service Charges-Online Banking Charges,0.0,0.0,0.0
98758289918,ZENITH BANK OF INDIA,28/03/2024,Service Charges-NEFT/RTGS Charges,0.0,0.0,0.0
98758289918,ZENITH BANK OF INDIA,30/03/2024,CLG-COTTON MILLS CORP,0.0,0.0,0.0
94751801234,VELOCITY BANKING CORPORATION,01/01/2024,NEFT-123827971295-DAILY NEEDS LIMITED,0.0,0.0,0.0
94751801234,VELOCITY BANKING CORPORATION,01/01/2024,CLG-TECHVISION SYSTEMS,0.0,0.0,0.0
94751801234,VELOCITY BANKING CORPORATION,01/01/2024,NEFT-596009695560-Lakshmi Menon,0.0,0.0,0.0
94751801234,VELOCITY BANKING CORPORATION,02/01/2024,ATM WDL-18369,0.0,0.0,0.0
94751801234,VELOCITY BANKING CORPORATION,03/01/2024,CLG-SUPPLY CHAIN CORP,0.0,0.0,0.0
94751801234,VELOCITY BANKING CORPORATION,03/01/2024,CLG-CONSTRUCTION SOLUTIONS LTD,0.0,0.0,0.0
94751801234,VELOCITY BANKING CORPORATION,04/01/2024,NEFT-866911127781-INFOCORE TECHNOLOGIES,0.0,0.0,0.0
94751801234,VELOCITY BANKING CORPORATION,04/01/2024,CHQ PAID-Priya Rao-MICR,0.0,0.0,0.0
94751801234,VELOCITY BANKING CORPORATION,05/01/2024,NEFT Dr-877412162260-RENT PAYMENT-MONTHLY RENT,0.0,0.0,0.0
94751801234,VELOCITY BANKING CORPORATION,05/01/2024,IMPS-388871572922-Ramesh Nair,0.0,0.0,0.0
94751801234,VELOCITY BANKING CORPORATION,08/01/2024,NEFT-735412773918-Priya Iyer,0.0,0.0,0.0
94751801234,VELOCITY BANKING CORPORATION,09/01/2024,UPI/DR/302097760242/Ganesh Nair/6704634156@pay,0.0,0.0,0.0
94751801234,VELOCITY BANKING CORPORATION,10/01/2024,NEFT Dr-268649357941-LOAN EMI-MONTHLY INSTALLMENT,0.0,0.0,0.0
94751801234,VELOCITY BANKING CORPORATION,10/01/2024,RTGS-ICICR934462521361-Subramaniam Iyer,0.0,0.0,0.0
94751801234,VELOCITY BANKING CORPORATION,10/01/2024,CHQ PAID-Lakshmi Menon-MICR,0.0,0.0,0.0
94751801234,VELOCITY BANKING CORPORATION,11/01/2024,UPI/CR/431263185888/Lakshmi Rao/8864739578@pay,0.0,0.0,0.0
94751801234,VELOCITY BANKING CORPORATION,11/01/2024,NEFT-598610387375-PRECISION ENGINEERING WORKS,0.0,0.0,0.0
94751801234,VELOCITY BANKING CORPORATION,11/01/2024,CASH WITHDRAWAL-Srinivas Iyer,0.0,0.0,0.0
94751801234,VELOCITY BANKING CORPORATION,12/01/2024,IMPS-236499338545-MINDWAVE CONSULTING,0.0,0.0,0.0
94751801234,VELOCITY BANKING CORPORATION,12/01/2024,UPI/DR/963321125148/Kavitha Krishnan/6527221203@pay,0.0,0.0,0.0
94751801234,VELOCITY BANKING CORPORATION,12/01/2024,NEFT-886472647999-Ganesh Murthy,0.0,0.0,0.0
94751801234,VELOCITY BANKING CORPORATION,12/01/2024,NEFT-574555705692-DAILY NEEDS LIMITED,0.0,0.0,0.0
94751801234,VELOCITY BANKING CORPORATION,13/01/2024,UPI/CR/234922364344/Kavitha Krishnan/6315107169@pay,0.0,0.0,0.0
94751801234,VELOCITY BANKING CORPORATION,15/01/2024,RTGS-ICICR792967455298-HOUSING DEVELOPERS CORP,0.0,0.0,0.0
94751801234,VELOCITY BANKING CORPORATION,15/01/2024,UPI/DR/372870775244/Venkatesh Rao/7299560420@pay,0.0,0.0,0.0
94751801234,VELOCITY BANKING CORPORATION,15/01/2024,CLG-DAILY NEEDS LIMITED,0.0,0.0,0.0
94751801234,VELOCITY BANKING CORPORATION,15/01/2024,CLG-TECHVISION SYSTEMS,0.0,0.0,0.0
94751801234,VELOCITY BANKING CORPORATION,16/01/2024,NEFT-945456232240-SUPPLY CHAIN CORP,0.0,0.0,0.0
94751801234,VELOCITY BANKING CORPORATION,17/01/2024,NEFT-141040869115-CREDIT SERVICES LTD,0.0,0.0,0.0
94751801234,VELOCITY BANKING CORPORATION,17/01/2024,CASH WITHDRAWAL-Venkatesh Krishnan,0.0,0.0,0.0
94751801234,VELOCITY BANKING CORPORATION,18/01/2024,RTGS-ICICR687168170985-Priya Krishnan,0.0,0.0,0.0
94751801234,VELOCITY BANKING CORPORATION,18/01/2024,IMPS-639915200879-WEBSTREAM LIMITED,0.0,0.0,0.0
94751801234,VELOCITY BANKING CORPORATION,18/01/2024,CLG-DATABRIDGE INFOTECH,0.0,0.0,0.0
94751801234,VELOCITY BANKING CORPORATION,19/01/2024,CLG-SUPPLY CHAIN CORP,0.0,0.0,0.0
94751801234,VELOCITY BANKING CORPORATION,19/01/2024,CASH DEPOSIT-Subramaniam Krishnan,0.0,0.0,0.0
94751801234,VELOCITY BANKING CORPORATION,20/01/2024,UPI/CR/356495544128/Lakshmi Murthy/7658761835@pay,0.0,0.0,0.0
94751801234,VELOCITY BANKING CORPORATION,20/01/2024,CHQ PAID-Lakshmi Reddy-MICR,0.0,0.0,0.0
94751801234,VELOCITY BANKING CORPORATION,20/01/2024,UPI/DR/952987893299/Venkatesh Rao/8766368853@pay,0.0,0.0,0.0
94751801234,VELOCITY BANKING CORPORATION,20/01/2024,ATM WDL-56558,0.0,0.0,0.0
94751801234,VELOCITY BANKING CORPORATION,20/01/2024,NEFT-107901851391-REALTY VENTURES LTD,0.0,0.0,0.0
94751801234,VELOCITY BANKING CORPORATION,20/01/2024,NEFT Dr-857948338859-GST PAYMENT-GSTIN 82B9801,0.0,0.0,0.0
94751801234,VELOCITY BANKING CORPORATION,22/01/2024,IMPS-166473580744-CARGO SOLUTIONS LTD,0.0,0.0,0.0
94751801234,VELOCITY BANKING CORPORATION,22/01/2024,NEFT-222368298972-PERSONAL CARE LTD,0.0,0.0,0.0
94751801234,VELOCITY BANKING CORPORATION,22/01/2024,NEFT-288999644267-CYBERCRAFT SYSTEMS,0.0,0.0,0.0
94751801234,VELOCITY BANKING CORPORATION,22/01/2024,CLG-CYBERCRAFT SYSTEMS,0.0,0.0,0.0
94751801234,VELOCITY BANKING CORPORATION,22/01/2024,RTGS-ICICR954076151354-Karthik Iyer,0.0,0.0,0.0
94751801234,VELOCITY BANKING CORPORATION,22/01/2024,RTGS-ICICR863747660432-CARGO SOLUTIONS LTD,0.0,0.0,0.0
94751801234,VELOCITY BANKING CORPORATION,23/01/2024,RTGS-ICICR960396694162-EXPRESS LOGISTICS INDIA,0.0,0.0,0.0
94751801234,VELOCITY BANKING CORPORATION,23/01/2024,IMPS-186638087886-Lakshmi Naidu,0.0,0.0,0.0
94751801234,VELOCITY BANKING CORPORATION,24/01/2024,RTGS-ICICR766313011147-RETAIL SOLUTIONS INDIA,0.0,0.0,0.0
94751801234,VELOCITY BANKING CORPORATION,24/01/2024,SERVICE CHARGES-Cheque Book Charges,0.0,0.0,0.0
94751801234,VELOCITY BANKING CORPORATION,27/01/2024,NEFT-613561803856-Karthik Naidu,0.0,0.0,0.0
94751801234,VELOCITY BANKING CORPORATION,27/01/2024,UPI/DR/506317220275/Priya Nair/9772711844@pay,0.0,0.0,0.0
94751801234,VELOCITY BANKING CORPORATION,29/01/2024,CHQ PAID-Priya Naidu-MICR,0.0,0.0,0.0
94751801234,VELOCITY BANKING CORPORATION,29/01/2024,RTGS-ICICR768795105973-Ramesh Nair,0.0,0.0,0.0
94751801234,VELOCITY BANKING CORPORATION,29/01/2024,NEFT-297425504387-LOAN DISBURSEMENT-DIGITAL SOLUTIONS INDIA,0.0,0.0,0.0
94751801234,VELOCITY BANKING CORPORATION,29/01/2024,IMPS-115985638088-Ramesh Murthy,0.0,0.0,0.0
94751801234,VELOCITY BANKING CORPORATION,29/01/2024,RTGS-ICICR946379531704-Lakshmi Nair,0.0,0.0,0.0
94751801234,VELOCITY BANKING CORPORATION,30/01/2024,SERVICE CHARGES-Cheque Book Charges,0.0,0.0,0.0
94751801234,VELOCITY BANKING CORPORATION,30/01/2024,RTGS-ICICR786145879409-Anitha Reddy,0.0,0.0,0.0
94751801234,VELOCITY BANKING CORPORATION,30/01/2024,CHQ PAID-Karthik Krishnan-MICR,0.0,0.0,0.0
94751801234,VELOCITY BANKING CORPORATION,31/01/2024,IMPS-336268161137-CAPITAL VENTURES INDIA,0.0,0.0,0.0
94751801234,VELOCITY BANKING CORPORATION,01/02/2024,CLG-MINDWAVE CONSULTING,0.0,0.0,0.0
94751801234,VELOCITY BANKING CORPORATION,03/02/2024,CLG-EXPRESS LOGISTICS INDIA,0.0,0.0,0.0
94751801234,VELOCITY BANKING CORPORATION,03/02/2024,CLG-CONSTRUCTION SOLUTIONS LTD,0.0,0.0,0.0
94751801234,VELOCITY BANKING CORPORATION,03/02/2024,NEFT-917099453894-GST PAYMENT-GSTIN,0.0,0.0,0.0
94751801234,VELOCITY BANKING CORPORATION,05/02/2024,NEFT Dr-125581881658-RENT PAYMENT-MONTHLY RENT,0.0,0.0,0.0
94751801234,VELOCITY BANKING CORPORATION,05/02/2024,NEFT-740352070929-CAPITAL VENTURES INDIA,0.0,0.0,0.0
94751801234,VELOCITY BANKING CORPORATION,06/02/2024,RTGS-ICICR389632558757-Ramesh Murthy,0.0,0.0,0.0
94751801234,VELOCITY BANKING CORPORATION,06/02/2024,CHQ PAID-Karthik Nair-MICR,0.0,0.0,0.0
94751801234,VELOCITY BANKING CORPORATION,06/02/2024,UPI/CR/477714127179/Anitha Iyer/6917795244@pay,0.0,0.0,0.0
94751801234,VELOCITY BANKING CORPORATION,07/02/2024,RTGS-ICICR697778555358-SOFTWAVE TECHNOLOGIES,0.0,0.0,0.0
94751801234,VELOCITY BANKING CORPORATION,07/02/2024,IMPS-888894421935-CONSUMER PRODUCTS INDIA,0.0,0.0,0.0
94751801234,VELOCITY BANKING CORPORATION,07/02/2024,IMPS-896440560951-MOTOR INDUSTRIES LTD,0.0,0.0,0.0
94751801234,VELOCITY BANKING CORPORATION,07/02/2024,CLG-FASHION TEXTILES LTD,0.0,0.0,0.0
94751801234,VELOCITY BANKING CORPORATION,07/02/2024,NEFT-721460712764-LOAN DISBURSEMENT-COTTON MILLS CORP,0.0,0.0,0.0
94751801234,VELOCITY BANKING CORPORATION,09/02/2024,RTGS-ICICR748840155500-Lakshmi Reddy,0.0,0.0,0.0
94751801234,VELOCITY BANKING CORPORATION,09/02/2024,CHQ PAID-Priya Iyer-MICR,0.0,0.0,0.0
94751801234,VELOCITY BANKING CORPORATION,09/02/2024,NEFT-989251512586-GST PAYMENT-GSTIN,0.0,0.0,0.0
94751801234,VELOCITY BANKING CORPORATION,10/02/2024,NEFT Dr-187285885287-LOAN EMI-MONTHLY INSTALLMENT,0.0,0.0,0.0
94751801234,VELOCITY BANKING CORPORATION,10/02/2024,IMPS-739080631833-Ramesh Nair,0.0,0.0,0.0
94751801234,VELOCITY BANKING CORPORATION,13/02/2024,IMPS-443040589120-Lakshmi Nair,0.0,0.0,0.0
94751801234,VELOCITY BANKING CORPORATION,13/02/2024,IMPS-277911744917-PREMIUM INFRASTRUCTURE,0.0,0.0,0.0
94751801234,VELOCITY BANKING CORPORATION,14/02/2024,ATM WDL-63662,0.0,0.0,0.0
94751801234,VELOCITY BANKING CORPORATION,17/02/2024,UPI/DR/696098544106/Karthik Pillai/8649690188@pay,0.0,0.0,0.0
94751801234,VELOCITY BANKING CORPORATION,17/02/2024,CASH WITHDRAWAL-Ramesh Rao,0.0,0.0,0.0
94751801234,VELOCITY BANKING CORPORATION,17/02/2024,CHQ PAID-Ganesh Pillai-MICR,0.0,0.0,0.0
94751801234,VELOCITY BANKING CORPORATION,19/02/2024,UPI/DR/309140506071/Anitha Nair/9013370050@pay,0.0,0.0,0.0
94751801234,VELOCITY BANKING CORPORATION,20/02/2024,IMPS-812993440197-Kavitha Pillai,0.0,0.0,0.0
94751801234,VELOCITY BANKING CORPORATION,21/02/2024,CHQ PAID-Kavitha Krishnan-MICR,0.0,0.0,0.0
94751801234,VELOCITY BANKING CORPORATION,22/02/2024,CASH DEPOSIT-Ramesh Murthy,0.0,0.0,0.0
94751801234,VELOCITY BANKING CORPORATION,22/02/2024,NEFT-692890472832-CODEBASE SOLUTIONS,0.0,0.0,0.0
94751801234,VELOCITY BANKING CORPORATION,23/02/2024,RTGS-ICICR849992141822-Lakshmi Menon,0.0,0.0,0.0
94751801234,VELOCITY BANKING CORPORATION,23/02/2024,CHQ PAID-Anitha Murthy-MICR,0.0,0.0,0.0
94751801234,VELOCITY BANKING CORPORATION,24/02/2024,NEFT-542523572072-LOAN DISBURSEMENT-MINDWAVE CONSULTING,0.0,0.0,0.0
94751801234,VELOCITY BANKING CORPORATION,24/02/2024,UPI/DR/844388405696/Lakshmi Pillai/6451467682@pay,0.0,0.0,0.0
94751801234,VELOCITY BANKING CORPORATION,24/02/2024,NEFT-927127224842-HIGHWAY DEVELOPERS INDIA,0.0,0.0,0.0
94751801234,VELOCITY BANKING CORPORATION,26/02/2024,UPI/CR/359809126293/Venkatesh Rao/6800060517@pay,0.0,0.0,0.0
94751801234,VELOCITY BANKING CORPORATION,27/02/2024,NEFT-928597403423-Srinivas Krishnan,0.0,0.0,0.0
94751801234,VELOCITY BANKING CORPORATION,27/02/2024,RTGS-ICICR186913106220-MINDWAVE CONSULTING,0.0,0.0,0.0
94751801234,VELOCITY BANKING CORPORATION,27/02/2024,CASH WITHDRAWAL-Ganesh Nair,0.0,0.0,0.0
94751801234,VELOCITY BANKING CORPORATION,27/02/2024,REVERSAL-NEFT-542523572072-LOAN DISBURSEMENT-MINDWAVE CONSULTING,0.0,0.0,0.0
94751801234,VELOCITY BANKING CORPORATION,28/02/2024,ATM WDL-88424,0.0,0.0,0.0
94751801234,VELOCITY BANKING CORPORATION,28/02/2024,NEFT-542372936661-Priya Murthy,0.0,0.0,0.0
94751801234,VELOCITY BANKING CORPORATION,28/02/2024,Service Charges-Account Maintenance,0.0,0.0,0.0
94751801234,VELOCITY BANKING CORPORATION,28/02/2024,Service Charges-Foreign Currency Markup,0.0,0.0,0.0
94751801234,VELOCITY BANKING CORPORATION,29/02/2024,CASH WITHDRAWAL-Priya Murthy,0.0,0.0,0.0
94751801234,VELOCITY BANKING CORPORATION,01/03/2024,ATM WDL-10264,0.0,0.0,0.0
94751801234,VELOCITY BANKING CORPORATION,02/03/2024,CHQ PAID-Venkatesh Reddy-MICR,0.0,0.0,0.0
94751801234,VELOCITY BANKING CORPORATION,02/03/2024,IMPS-780575146545-THERMAL SYSTEMS LTD,0.0,0.0,0.0
94751801234,VELOCITY BANKING CORPORATION,02/03/2024,NEFT-803204132728-HIGHWAY DEVELOPERS INDIA,0.0,0.0,0.0
94751801234,VELOCITY BANKING CORPORATION,04/03/2024,CHQ PAID-Subramaniam Nair-MICR,0.0,0.0,0.0
94751801234,VELOCITY BANKING CORPORATION,06/03/2024,CHQ PAID-Priya Menon-MICR,0.0,0.0,0.0
94751801234,VELOCITY BANKING CORPORATION,06/03/2024,CLG-TECHVISION SYSTEMS,0.0,0.0,0.0
94751801234,VELOCITY BANKING CORPORATION,06/03/2024,IMPS-776737661681-Venkatesh Iyer,0.0,0.0,0.0
94751801234,VELOCITY BANKING CORPORATION,06/03/2024,NEFT-417601187532-Ganesh Menon,0.0,0.0,0.0
94751801234,VELOCITY BANKING CORPORATION,06/03/2024,UPI/CR/867344468214/Priya Pillai/9146504210@pay,0.0,0.0,0.0
94751801234,VELOCITY BANKING CORPORATION,06/03/2024,UPI/CR/670575545308/Srinivas Nair/8464353264@pay,0.0,0.0,0.0
94751801234,VELOCITY BANKING CORPORATION,06/03/2024,NEFT-724466922124-CLOUDTECH SERVICES,0.0,0.0,0.0
94751801234,VELOCITY BANKING CORPORATION,07/03/2024,RTGS-ICICR588531101184-AUTOMOTIVE PARTS CORP,0.0,0.0,0.0
94751801234,VELOCITY BANKING CORPORATION,07/03/2024,CLG-MEDCARE LABORATORIES,0.0,0.0,0.0
94751801234,VELOCITY BANKING CORPORATION,09/03/2024,IMPS-562550246259-Venkatesh Menon,0.0,0.0,0.0
94751801234,VELOCITY BANKING CORPORATION,09/03/2024,NEFT-974326174867-Ganesh Krishnan,0.0,0.0,0.0
94751801234,VELOCITY BANKING CORPORATION,09/03/2024,ATM WDL-91624,0.0,0.0,0.0
94751801234,VELOCITY BANKING CORPORATION,11/03/2024,RTGS-ICICR695674642201-Ganesh Iyer,0.0,0.0,0.0
94751801234,VELOCITY BANKING CORPORATION,11/03/2024,ATM WDL-44710,0.0,0.0,0.0
94751801234,VELOCITY BANKING CORPORATION,15/03/2024,UPI/CR/967286833709/Karthik Naidu/8816863380@pay,0.0,0.0,0.0
94751801234,VELOCITY BANKING CORPORATION,16/03/2024,RTGS-ICICR782597293193-LIFELINE PHARMACEUTICAL,0.0,0.0,0.0
94751801234,VELOCITY BANKING CORPORATION,16/03/2024,IMPS-598044136944-NETFORGE TECHNOLOGIES,0.0,0.0,0.0
94751801234,VELOCITY BANKING CORPORATION,16/03/2024,NEFT-708130584426-Srinivas Reddy,0.0,0.0,0.0
94751801234,VELOCITY BANKING CORPORATION,16/03/2024,NEFT-627952969585-URBAN ESTATES INDIA,0.0,0.0,0.0
94751801234,VELOCITY BANKING CORPORATION,16/03/2024,UPI/DR/437442298143/Kavitha Iyer/7048131032@pay,0.0,0.0,0.0
94751801234,VELOCITY BANKING CORPORATION,16/03/2024,NEFT-204583112809-Lakshmi Nair,0.0,0.0,0.0
94751801234,VELOCITY BANKING CORPORATION,18/03/2024,IMPS-318235746143-PRECISION ENGINEERING WORKS,0.0,0.0,0.0
94751801234,VELOCITY BANKING CORPORATION,18/03/2024,CASH DEPOSIT-Srinivas Iyer,0.0,0.0,0.0
94751801234,VELOCITY BANKING CORPORATION,19/03/2024,IMPS-644863546138-HEALTHCARE PRODUCTS LTD,0.0,0.0,0.0
94751801234,VELOCITY BANKING CORPORATION,20/03/2024,CHQ PAID-Srinivas Krishnan-MICR,0.0,0.0,0.0
94751801234,VELOCITY BANKING CORPORATION,20/03/2024,UPI/CR/510829339911/Kavitha Reddy/6501009597@pay,0.0,0.0,0.0
94751801234,VELOCITY BANKING CORPORATION,20/03/2024,RTGS-ICICR981315020973-CREDIT SERVICES LTD,0.0,0.0,0.0
94751801234,VELOCITY BANKING CORPORATION,20/03/2024,NEFT-942582492044-Anitha Reddy,0.0,0.0,0.0
94751801234,VELOCITY BANKING CORPORATION,20/03/2024,ATM WDL-15711,0.0,0.0,0.0
94751801234,VELOCITY BANKING CORPORATION,21/03/2024,CLG-PRECISION ENGINEERING WORKS,0.0,0.0,0.0
94751801234,VELOCITY BANKING CORPORATION,21/03/2024,CASH WITHDRAWAL-Lakshmi Rao,0.0,0.0,0.0
94751801234,VELOCITY BANKING CORPORATION,22/03/2024,FAILED-INSUFFICIENT FUNDS-RTGS-ICICR924392944258-Srinivas Pillai,0.0,0.0,0.0
94751801234,VELOCITY BANKING CORPORATION,22/03/2024,IMPS-250001133236-Subramaniam Rao,0.0,0.0,0.0
94751801234,VELOCITY BANKING CORPORATION,23/03/2024,CLG-PREMIUM INFRASTRUCTURE,0.0,0.0,0.0
94751801234,VELOCITY BANKING CORPORATION,26/03/2024,CASH WITHDRAWAL-Kavitha Rao,0.0,0.0,0.0
94751801234,VELOCITY BANKING CORPORATION,26/03/2024,CLG-MOTOR INDUSTRIES LTD,0.0,0.0,0.0
94751801234,VELOCITY BANKING CORPORATION,26/03/2024,NEFT-696971188166-GST PAYMENT-GSTIN,0.0,0.0,0.0
94751801234,VELOCITY BANKING CORPORATION,26/03/2024,IMPS-119240943635-Ramesh Pillai,0.0,0.0,0.0
94751801234,VELOCITY BANKING CORPORATION,27/03/2024,CHQ PAID-Anitha Menon-MICR,0.0,0.0,0.0
94751801234,VELOCITY BANKING CORPORATION,27/03/2024,CHQ PAID-Karthik Reddy-MICR,0.0,0.0,0.0
94751801234,VELOCITY BANKING CORPORATION,27/03/2024,NEFT-528385039633-CYBERCRAFT SYSTEMS,0.0,0.0,0.0
94751801234,VELOCITY BANKING CORPORATION,28/03/2024,IMPS-704924680674-INDUSTRIAL COMPONENTS INDIA,0.0,0.0,0.0
94751801234,VELOCITY BANKING CORPORATION,28/03/2024,CLG-CARGO SOLUTIONS LTD,0.0,0.0,0.0
94751801234,VELOCITY BANKING CORPORATION,28/03/2024,Service Charges-Account Maintenance,0.0,0.0,0.0
94751801234,VELOCITY BANKING CORPORATION,28/03/2024,Service Charges-Online Banking Charges,0.0,0.0,0.0
94751801234,VELOCITY BANKING CORPORATION,28/03/2024,Service Charges-Foreign Currency Markup,0.0,0.0,0.0
94751801234,VELOCITY BANKING CORPORATION,30/03/2024,CHQ PAID-Priya Menon-MICR,0.0,0.0,0.0
94751801234,VELOCITY BANKING CORPORATION,30/03/2024,CASH DEPOSIT-Lakshmi Pillai,0.0,0.0,0.0
94751801234,VELOCITY BANKING CORPORATION,30/03/2024,UPI/DR/425688607441/Subramaniam Naidu/6014974643@pay,0.0,0.0,0.0
10808517005,UNITY NATIONAL BANK,01/01/2024,CLG-CONSUMER PRODUCTS INDIA,0.0,0.0,0.0
10808517005,UNITY NATIONAL BANK,01/01/2024,IMPS-763931681303-Ramesh Murthy,0.0,0.0,0.0
10808517005,UNITY NATIONAL BANK,01/01/2024,IMPS-305793365938-WELLNESS BRANDS INDIA,0.0,0.0,0.0
10808517005,UNITY NATIONAL BANK,01/01/2024,RTGS-ICICR952426434847-MOTOR INDUSTRIES LTD,0.0,0.0,0.0
10808517005,UNITY NATIONAL BANK,02/01/2024,NEFT-267320690054-RETAIL SOLUTIONS INDIA,0.0,0.0,0.0
10808517005,UNITY NATIONAL BANK,02/01/2024,CHQ PAID-Ganesh Menon-MICR,0.0,0.0,0.0
10808517005,UNITY NATIONAL BANK,03/01/2024,NEFT-196083089985-Ramesh Krishnan,0.0,0.0,0.0
10808517005,UNITY NATIONAL BANK,03/01/2024,NEFT-433288859938-Kavitha Reddy,0.0,0.0,0.0
10808517005,UNITY NATIONAL BANK,03/01/2024,RTGS-ICICR313160432915-FABRIC INDUSTRIES INDIA,0.0,0.0,0.0
10808517005,UNITY NATIONAL BANK,03/01/2024,NEFT-156928719639-Ramesh Krishnan,0.0,0.0,0.0
10808517005,UNITY NATIONAL BANK,04/01/2024,UPI/CR/748693038760/Lakshmi Murthy/9416346020@pay,0.0,0.0,0.0
10808517005,UNITY NATIONAL BANK,06/01/2024,NEFT-308684064410-Anitha Krishnan,0.0,0.0,0.0
10808517005,UNITY NATIONAL BANK,06/01/2024,RTGS-ICICR178571852176-Ganesh Pillai,0.0,0.0,0.0
10808517005,UNITY NATIONAL BANK,06/01/2024,NEFT-897160796745-HOUSING DEVELOPERS CORP,0.0,0.0,0.0
10808517005,UNITY NATIONAL BANK,08/01/2024,RTGS-ICICR430494978221-FOOD INDUSTRIES CORP,0.0,0.0,0.0
10808517005,UNITY NATIONAL BANK,08/01/2024,NEFT-333818868856-Ganesh Naidu,0.0,0.0,0.0
10808517005,UNITY NATIONAL BANK,08/01/2024,CLG-NETPULSE SYSTEMS,0.0,0.0,0.0
10808517005,UNITY NATIONAL BANK,09/01/2024,Dividend Cr-SOFTWAVE TECHNOLOGIES-EQUITY SHARES,0.0,0.0,0.0
10808517005,UNITY NATIONAL BANK,09/01/2024,CASH DEPOSIT-Anitha Pillai,0.0,0.0,0.0
10808517005,UNITY NATIONAL BANK,09/01/2024,CHQ PAID-Srinivas Iyer-MICR,0.0,0.0,0.0
10808517005,UNITY NATIONAL BANK,09/01/2024,NEFT-900151910541-LOAN DISBURSEMENT-CARGO SOLUTIONS LTD,0.0,0.0,0.0
10808517005,UNITY NATIONAL BANK,10/01/2024,IMPS-481646026468-TECHVISION SYSTEMS,0.0,0.0,0.0
10808517005,UNITY NATIONAL BANK,11/01/2024,UPI/DR/556960833250/Priya Naidu/8928632116@pay,0.0,0.0,0.0
10808517005,UNITY NATIONAL BANK,12/01/2024,CHQ PAID-Anitha Menon-MICR,0.0,0.0,0.0
10808517005,UNITY NATIONAL BANK,12/01/2024,UPI/DR/763590310393/Ramesh Iyer/9275785194@pay,0.0,0.0,0.0
10808517005,UNITY NATIONAL BANK,12/01/2024,CLG-THERMAL SYSTEMS LTD,0.0,0.0,0.0
10808517005,UNITY NATIONAL BANK,15/01/2024,IMPS-324616323936-Ganesh Iyer,0.0,0.0,0.0
10808517005,UNITY NATIONAL BANK,15/01/2024,UPI/CR/306334587282/Venkatesh Rao/9603906538@pay,0.0,0.0,0.0
10808517005,UNITY NATIONAL BANK,16/01/2024,ATM WDL-15701,0.0,0.0,0.0
10808517005,UNITY NATIONAL BANK,16/01/2024,CHQ PAID-Ganesh Krishnan-MICR,0.0,0.0,0.0
10808517005,UNITY NATIONAL BANK,16/01/2024,NEFT-641356676399-Venkatesh Nair,0.0,0.0,0.0
10808517005,UNITY NATIONAL BANK,16/01/2024,CASH DEPOSIT-Ganesh Pillai,0.0,0.0,0.0
10808517005,UNITY NATIONAL BANK,16/01/2024,RTGS-ICICR347070461972-URBAN CONSTRUCTIONS,0.0,0.0,0.0
10808517005,UNITY NATIONAL BANK,16/01/2024,UPI/DR/400478553381/Srinivas Menon/7288305192@pay,0.0,0.0,0.0
10808517005,UNITY NATIONAL BANK,16/01/2024,CASH WITHDRAWAL-Anitha Iyer,0.0,0.0,0.0
10808517005,UNITY NATIONAL BANK,17/01/2024,CHQ PAID-Subramaniam Murthy-MICR,0.0,0.0,0.0
10808517005,UNITY NATIONAL BANK,17/01/2024,RTGS-ICICR656948031365-Venkatesh Naidu,0.0,0.0,0.0
10808517005,UNITY NATIONAL BANK,18/01/2024,UPI/DR/828177921373/Subramaniam Nair/8720711041@pay,0.0,0.0,0.0
10808517005,UNITY NATIONAL BANK,18/01/2024,RTGS-ICICR689772431149-METROPOLITAN BUILDERS,0.0,0.0,0.0
10808517005,UNITY NATIONAL BANK,19/01/2024,NEFT-404232449960-MOTOR INDUSTRIES LTD,0.0,0.0,0.0
10808517005,UNITY NATIONAL BANK,20/01/2024,RTGS-ICICR350841768519-Subramaniam Menon,0.0,0.0,0.0
10808517005,UNITY NATIONAL BANK,22/01/2024,CLG-CLOUDTECH SERVICES,0.0,0.0,0.0
10808517005,UNITY NATIONAL BANK,23/01/2024,NEFT-225729806910-PERSONAL CARE LTD,0.0,0.0,0.0
10808517005,UNITY NATIONAL BANK,23/01/2024,NEFT-633998487809-HIGHWAY DEVELOPERS INDIA,0.0,0.0,0.0
10808517005,UNITY NATIONAL BANK,23/01/2024,IMPS-234660055534-Venkatesh Pillai,0.0,0.0,0.0
10808517005,UNITY NATIONAL BANK,24/01/2024,RTGS-ICICR969574534169-FASHION TEXTILES LTD,0.0,0.0,0.0
10808517005,UNITY NATIONAL BANK,27/01/2024,IMPS-744872822916-CREDIT SERVICES LTD,0.0,0.0,0.0
10808517005,UNITY NATIONAL BANK,27/01/2024,UPI/DR/452039897642/Anitha Reddy/8975562614@pay,0.0,0.0,0.0
10808517005,UNITY NATIONAL BANK,27/01/2024,NEFT-886683930203-Venkatesh Krishnan,0.0,0.0,0.0
10808517005,UNITY NATIONAL BANK,27/01/2024,UPI/CR/485463841537/Kavitha Murthy/7037829337@pay,0.0,0.0,0.0
10808517005,UNITY NATIONAL BANK,27/01/2024,NEFT-923117295330-Ramesh Krishnan,0.0,0.0,0.0
10808517005,UNITY NATIONAL BANK,27/01/2024,CLG-EXPRESS LOGISTICS INDIA,0.0,0.0,0.0
10808517005,UNITY NATIONAL BANK,27/01/2024,Dividend Cr-HOUSING DEVELOPERS CORP-EQUITY SHARES,0.0,0.0,0.0
10808517005,UNITY NATIONAL BANK,29/01/2024,REVERSAL-IMPS-744872822916-CREDIT SERVICES LTD,0.0,0.0,0.0
10808517005,UNITY NATIONAL BANK,29/01/2024,IMPS-141449565167-Ramesh Naidu,0.0,0.0,0.0
10808517005,UNITY NATIONAL BANK,29/01/2024,NEFT-764167486117-URBAN CONSTRUCTIONS,0.0,0.0,0.0
10808517005,UNITY NATIONAL BANK,29/01/2024,RTGS-ICICR183454456404-Subramaniam Rao,0.0,0.0,0.0
10808517005,UNITY NATIONAL BANK,30/01/2024,NEFT-191078847135-NETFORGE TECHNOLOGIES,0.0,0.0,0.0
10808517005,UNITY NATIONAL BANK,30/01/2024,CLG-THERMAL SYSTEMS LTD,0.0,0.0,0.0
10808517005,UNITY NATIONAL BANK,31/01/2024,NEFT-938897443664-CLOUDTECH SERVICES,0.0,0.0,0.0
10808517005,UNITY NATIONAL BANK,31/01/2024,CLG-TECHVISION SYSTEMS,0.0,0.0,0.0
10808517005,UNITY NATIONAL BANK,01/02/2024,NEFT-917933643793-Karthik Murthy,0.0,0.0,0.0
10808517005,UNITY NATIONAL BANK,01/02/2024,UPI/CR/452146631659/Venkatesh Iyer/9965113939@pay,0.0,0.0,0.0
10808517005,UNITY NATIONAL BANK,02/02/2024,CHQ PAID-Karthik Naidu-MICR,0.0,0.0,0.0
10808517005,UNITY NATIONAL BANK,02/02/2024,ATM WDL-58667,0.0,0.0,0.0
10808517005,UNITY NATIONAL BANK,02/02/2024,UPI/DR/948492250004/Subramaniam Reddy/8321033375@pay,0.0,0.0,0.0
10808517005,UNITY NATIONAL BANK,03/02/2024,CHQ PAID-Kavitha Pillai-MICR,0.0,0.0,0.0
10808517005,UNITY NATIONAL BANK,03/02/2024,NEFT-749528094605-CYBERCRAFT SYSTEMS,0.0,0.0,0.0
10808517005,UNITY NATIONAL BANK,03/02/2024,CHQ PAID-Karthik Nair-MICR,0.0,0.0,0.0
10808517005,UNITY NATIONAL BANK,03/02/2024,NEFT-155072636169-CAPITAL VENTURES INDIA,0.0,0.0,0.0
10808517005,UNITY NATIONAL BANK,05/02/2024,CLG-FASHION TEXTILES LTD,0.0,0.0,0.0
10808517005,UNITY NATIONAL BANK,06/02/2024,NEFT-987276442343-GST PAYMENT-GSTIN,0.0,0.0,0.0
10808517005,UNITY NATIONAL BANK,06/02/2024,IMPS-639402782343-INDUSTRIAL COMPONENTS INDIA,0.0,0.0,0.0
10808517005,UNITY NATIONAL BANK,07/02/2024,CLG-AUTOMOTIVE PARTS CORP,0.0,0.0,0.0
10808517005,UNITY NATIONAL BANK,07/02/2024,CHQ PAID-Subramaniam Naidu-MICR,0.0,0.0,0.0
10808517005,UNITY NATIONAL BANK,08/02/2024,IMPS-477715820521-WEBSTREAM LIMITED,0.0,0.0,0.0
10808517005,UNITY NATIONAL BANK,10/02/2024,CASH WITHDRAWAL-Srinivas Naidu,0.0,0.0,0.0
10808517005,UNITY NATIONAL BANK,10/02/2024,NEFT-452537874988-Karthik Nair,0.0,0.0,0.0
10808517005,UNITY NATIONAL BANK,12/02/2024,IMPS-704056650180-INDUSTRIAL COMPONENTS INDIA,0.0,0.0,0.0
10808517005,UNITY NATIONAL BANK,13/02/2024,NEFT-250229729079-SUPPLY CHAIN CORP,0.0,0.0,0.0
10808517005,UNITY NATIONAL BANK,13/02/2024,CHQ PAID-Karthik Iyer-MICR,0.0,0.0,0.0
10808517005,UNITY NATIONAL BANK,13/02/2024,RTGS-ICICR940500903684-Kavitha Reddy,0.0,0.0,0.0
10808517005,UNITY NATIONAL BANK,13/02/2024,IMPS-111192069883-HEALTHCARE PRODUCTS LTD,0.0,0.0,0.0
10808517005,UNITY NATIONAL BANK,13/02/2024,NEFT-612410504223-PERSONAL CARE LTD,0.0,0.0,0.0
10808517005,UNITY NATIONAL BANK,14/02/2024,NEFT-507469467445-Karthik Murthy,0.0,0.0,0.0
10808517005,UNITY NATIONAL BANK,14/02/2024,NEFT-455210265902-CODEBASE SOLUTIONS,0.0,0.0,0.0
10808517005,UNITY NATIONAL BANK,15/02/2024,CASH DEPOSIT-Karthik Menon,0.0,0.0,0.0
10808517005,UNITY NATIONAL BANK,15/02/2024,UPI/CR/687574889484/Priya Naidu/7688593972@pay,0.0,0.0,0.0
10808517005,UNITY NATIONAL BANK,16/02/2024,CLG-INDUSTRIAL COMPONENTS INDIA,0.0,0.0,0.0
10808517005,UNITY NATIONAL BANK,17/02/2024,UPI/DR/177673856036/Subramaniam Reddy/6930414496@pay,0.0,0.0,0.0
10808517005,UNITY NATIONAL BANK,19/02/2024,IMPS-459849066557-PREMIUM INFRASTRUCTURE,0.0,0.0,0.0
10808517005,UNITY NATIONAL BANK,19/02/2024,CLG-URBAN CONSTRUCTIONS,0.0,0.0,0.0
10808517005,UNITY NATIONAL BANK,19/02/2024,SERVICE CHARGES-Demat Account AMC,0.0,0.0,0.0
10808517005,UNITY NATIONAL BANK,20/02/2024,CHQ PAID-Ramesh Iyer-MICR,0.0,0.0,0.0
10808517005,UNITY NATIONAL BANK,20/02/2024,IMPS-682803591201-RETAIL SOLUTIONS INDIA,0.0,0.0,0.0
10808517005,UNITY NATIONAL BANK,21/02/2024,RTGS-ICICR899780813631-PREMIUM INFRASTRUCTURE,0.0,0.0,0.0
10808517005,UNITY NATIONAL BANK,22/02/2024,CLG-APEX HEAVY INDUSTRIES,0.0,0.0,0.0
10808517005,UNITY NATIONAL BANK,22/02/2024,NEFT-469308242901-CARGO SOLUTIONS LTD,0.0,0.0,0.0
10808517005,UNITY NATIONAL BANK,22/02/2024,REVERSAL-RTGS-ICICR899780813631-PREMIUM INFRASTRUCTURE,0.0,0.0,0.0
10808517005,UNITY NATIONAL BANK,23/02/2024,NEFT-332439829236-Kavitha Murthy,0.0,0.0,0.0
10808517005,UNITY NATIONAL BANK,23/02/2024,NEFT-256688811635-Priya Murthy,0.0,0.0,0.0
10808517005,UNITY NATIONAL BANK,23/02/2024,UPI/DR/197605692699/Venkatesh Iyer/7498048657@pay,0.0,0.0,0.0
10808517005,UNITY NATIONAL BANK,24/02/2024,UPI/DR/360705733191/Priya Rao/7121641090@pay,0.0,0.0,0.0
10808517005,UNITY NATIONAL BANK,24/02/2024,IMPS-809234075691-Karthik Naidu,0.0,0.0,0.0
10808517005,UNITY NATIONAL BANK,26/02/2024,CHQ PAID-Anitha Menon-MICR,0.0,0.0,0.0
10808517005,UNITY NATIONAL BANK,26/02/2024,NEFT-586098187838-CONSTRUCTION SOLUTIONS LTD,0.0,0.0,0.0
10808517005,UNITY NATIONAL BANK,27/02/2024,CASH WITHDRAWAL-Ramesh Nair,0.0,0.0,0.0
10808517005,UNITY NATIONAL BANK,28/02/2024,CHQ PAID-Subramaniam Rao-MICR,0.0,0.0,0.0
10808517005,UNITY NATIONAL BANK,28/02/2024,NEFT-611746652686-HIGHWAY DEVELOPERS INDIA,0.0,0.0,0.0
10808517005,UNITY NATIONAL BANK,28/02/2024,Service Charges-Statement Charges,0.0,0.0,0.0
10808517005,UNITY NATIONAL BANK,29/02/2024,RTGS-ICICR718147657093-CONSTRUCTION SOLUTIONS LTD,0.0,0.0,0.0
10808517005,UNITY NATIONAL BANK,29/02/2024,IMPS-700393102632-Lakshmi Murthy,0.0,0.0,0.0
10808517005,UNITY NATIONAL BANK,01/03/2024,IMPS-112149655483-Ganesh Krishnan,0.0,0.0,0.0
10808517005,UNITY NATIONAL BANK,01/03/2024,UPI/CR/356176592272/Ganesh Naidu/8137948567@pay,0.0,0.0,0.0
10808517005,UNITY NATIONAL BANK,04/03/2024,NEFT-552464599440-Lakshmi Iyer,0.0,0.0,0.0
10808517005,UNITY NATIONAL BANK,06/03/2024,ATM WDL-15765,0.0,0.0,0.0
10808517005,UNITY NATIONAL BANK,06/03/2024,RTGS-ICICR620094445571-Srinivas Menon,0.0,0.0,0.0
10808517005,UNITY NATIONAL BANK,07/03/2024,CASH DEPOSIT-Karthik Pillai,0.0,0.0,0.0
10808517005,UNITY NATIONAL BANK,07/03/2024,NEFT-979600324116-HEALTHCARE PRODUCTS LTD,0.0,0.0,0.0
10808517005,UNITY NATIONAL BANK,07/03/2024,CASH DEPOSIT-Lakshmi Reddy,0.0,0.0,0.0
10808517005,UNITY NATIONAL BANK,07/03/2024,CHQ PAID-Venkatesh Iyer-MICR,0.0,0.0,0.0
10808517005,UNITY NATIONAL BANK,07/03/2024,RTGS-ICICR500300324586-CARGO SOLUTIONS LTD,0.0,0.0,0.0
10808517005,UNITY NATIONAL BANK,09/03/2024,RTGS-ICICR721850309321-LIFELINE PHARMACEUTICAL,0.0,0.0,0.0
10808517005,UNITY NATIONAL BANK,09/03/2024,CHQ PAID-Ramesh Iyer-MICR,0.0,0.0,0.0
10808517005,UNITY NATIONAL BANK,09/03/2024,CLG-GATEWAY PROJECTS LTD,0.0,0.0,0.0
10808517005,UNITY NATIONAL BANK,11/03/2024,RTGS-ICICR624702430589-Srinivas Menon,0.0,0.0,0.0
10808517005,UNITY NATIONAL BANK,11/03/2024,RTGS-ICICR812172930482-Priya Nair,0.0,0.0,0.0
10808517005,UNITY NATIONAL BANK,12/03/2024,CASH DEPOSIT-Priya Pillai,0.0,0.0,0.0
10808517005,UNITY NATIONAL BANK,12/03/2024,IMPS-288327671301-Priya Pillai,0.0,0.0,0.0
10808517005,UNITY NATIONAL BANK,12/03/2024,ATM WDL-63854,0.0,0.0,0.0
10808517005,UNITY NATIONAL BANK,13/03/2024,NEFT-851308321589-CONSTRUCTION SOLUTIONS LTD,0.0,0.0,0.0
10808517005,UNITY NATIONAL BANK,13/03/2024,UPI/CR/931033932278/Kavitha Murthy/8476832507@pay,0.0,0.0,0.0
10808517005,UNITY NATIONAL BANK,13/03/2024,IMPS-708718556183-HIGHWAY DEVELOPERS INDIA,0.0,0.0,0.0
10808517005,UNITY NATIONAL BANK,14/03/2024,CHQ PAID-Anitha Iyer-MICR,0.0,0.0,0.0
10808517005,UNITY NATIONAL BANK,16/03/2024,NEFT-411856552413-PRECISION ENGINEERING WORKS,0.0,0.0,0.0
10808517005,UNITY NATIONAL BANK,16/03/2024,NEFT-699775613119-Venkatesh Rao,0.0,0.0,0.0
10808517005,UNITY NATIONAL BANK,19/03/2024,CHQ PAID-Subramaniam Nair-MICR,0.0,0.0,0.0
10808517005,UNITY NATIONAL BANK,20/03/2024,NEFT-631793084301-MOTOR INDUSTRIES LTD,0.0,0.0,0.0
10808517005,UNITY NATIONAL BANK,21/03/2024,NEFT-633666362360-WELLNESS BRANDS INDIA,0.0,0.0,0.0
10808517005,UNITY NATIONAL BANK,22/03/2024,UPI/CR/787918609959/Venkatesh Krishnan/9816466177@pay,0.0,0.0,0.0
10808517005,UNITY NATIONAL BANK,23/03/2024,NEFT-793406283026-Priya Naidu,0.0,0.0,0.0
10808517005,UNITY NATIONAL BANK,23/03/2024,UPI/CR/944866616766/Subramaniam Iyer/8734001250@pay,0.0,0.0,0.0
10808517005,UNITY NATIONAL BANK,26/03/2024,IMPS-376906445457-Ganesh Rao,0.0,0.0,0.0
10808517005,UNITY NATIONAL BANK,26/03/2024,IMPS-206171341917-CLOUDTECH SERVICES,0.0,0.0,0.0
10808517005,UNITY NATIONAL BANK,26/03/2024,CHQ PAID-Subramaniam Nair-MICR,0.0,0.0,0.0
10808517005,UNITY NATIONAL BANK,27/03/2024,UPI/CR/396064093207/Lakshmi Rao/7638081111@pay,0.0,0.0,0.0
10808517005,UNITY NATIONAL BANK,28/03/2024,RTGS-ICICR891662975812-CYBERCRAFT SYSTEMS,0.0,0.0,0.0
10808517005,UNITY NATIONAL BANK,28/03/2024,NEFT-282959852387-Venkatesh Krishnan,0.0,0.0,0.0
10808517005,UNITY NATIONAL BANK,28/03/2024,ATM WDL-19825,0.0,0.0,0.0
10808517005,UNITY NATIONAL BANK,28/03/2024,Service Charges-Statement Charges,0.0,0.0,0.0
10808517005,UNITY NATIONAL BANK,28/03/2024,Service Charges-Foreign Currency Markup,0.0,0.0,0.0
10808517005,UNITY NATIONAL BANK,28/03/2024,Service Charges-SMS Alert Charges,0.0,0.0,0.0
10808517005,UNITY NATIONAL BANK,30/03/2024,UPI/DR/447741751100/Ganesh Rao/9331026808@pay,0.0,0.0,0.0
10808517005,UNITY NATIONAL BANK,30/03/2024,IMPS-939705132977-CODEBASE SOLUTIONS,0.0,0.0,0.0
10808517005,UNITY NATIONAL BANK,30/03/2024,CLG-CONSTRUCTION SOLUTIONS LTD,0.0,0.0,0.0
10808517005,UNITY NATIONAL BANK,30/03/2024,CHQ PAID-Priya Pillai-MICR,0.0,0.0,0.0
82237950193,CORNERSTONE BANK OF INDIA,01/01/2024,UPI/CR/724146056240/Jayesh Modi/9965724562@pay,0.0,0.0,0.0
82237950193,CORNERSTONE BANK OF INDIA,02/01/2024,CLG-MEDCARE LABORATORIES,0.0,0.0,0.0
82237950193,CORNERSTONE BANK OF INDIA,03/01/2024,CHQ PAID-Mehul Amin-MICR,0.0,0.0,0.0
82237950193,CORNERSTONE BANK OF INDIA,03/01/2024,NEFT-161948447017-REALTY VENTURES LTD,0.0,0.0,0.0
82237950193,CORNERSTONE BANK OF INDIA,03/01/2024,ATM WDL-97725,0.0,0.0,0.0
82237950193,CORNERSTONE BANK OF INDIA,03/01/2024,RTGS-ICICR805587298417-METROPOLITAN BUILDERS,0.0,0.0,0.0
82237950193,CORNERSTONE BANK OF INDIA,04/01/2024,RTGS-ICICR602624200041-Mehul Parekh,0.0,0.0,0.0
82237950193,CORNERSTONE BANK OF INDIA,04/01/2024,CLG-WELLNESS BRANDS INDIA,0.0,0.0,0.0
82237950193,CORNERSTONE BANK OF INDIA,05/01/2024,RTGS-ICICR242210956202-CREDIT SERVICES LTD,0.0,0.0,0.0
82237950193,CORNERSTONE BANK OF INDIA,08/01/2024,CLG-LIFELINE PHARMACEUTICAL,0.0,0.0,0.0
82237950193,CORNERSTONE BANK OF INDIA,08/01/2024,CLG-PREMIUM INFRASTRUCTURE,0.0,0.0,0.0
82237950193,CORNERSTONE BANK OF INDIA,08/01/2024,NEFT-262678260455-CONSTRUCTION SOLUTIONS LTD,0.0,0.0,0.0
82237950193,CORNERSTONE BANK OF INDIA,08/01/2024,UPI/CR/563411051499/Ketan Patel/9119534961@pay,0.0,0.0,0.0
82237950193,CORNERSTONE BANK OF INDIA,10/01/2024,UPI/DR/394606242832/Bhavesh Shah/9572123130@pay,0.0,0.0,0.0
82237950193,CORNERSTONE BANK OF INDIA,11/01/2024,IMPS-100198665546-HOUSING DEVELOPERS CORP,0.0,0.0,0.0
82237950193,CORNERSTONE BANK OF INDIA,11/01/2024,RTGS-ICICR191897070003-DIGITAL SOLUTIONS INDIA,0.0,0.0,0.0
82237950193,CORNERSTONE BANK OF INDIA,13/01/2024,CLG-TECHVISION SYSTEMS,0.0,0.0,0.0
82237950193,CORNERSTONE BANK OF INDIA,13/01/2024,SERVICE CHARGES-Online Banking Charges,0.0,0.0,0.0
82237950193,CORNERSTONE BANK OF INDIA,13/01/2024,RTGS-ICICR523928609167-Ketan Trivedi,0.0,0.0,0.0
82237950193,CORNERSTONE BANK OF INDIA,13/01/2024,NEFT-340874288072-Jayesh Desai,0.0,0.0,0.0
82237950193,CORNERSTONE BANK OF INDIA,15/01/2024,CASH DEPOSIT-Ketan Patel,0.0,0.0,0.0
82237950193,CORNERSTONE BANK OF INDIA,15/01/2024,IMPS-235618406295-DIGITAL SOLUTIONS INDIA,0.0,0.0,0.0
82237950193,CORNERSTONE BANK OF INDIA,16/01/2024,SERVICE CHARGES-Demat Account AMC,0.0,0.0,0.0
82237950193,CORNERSTONE BANK OF INDIA,16/01/2024,NEFT-372742531777-Paresh Modi,0.0,0.0,0.0
82237950193,CORNERSTONE BANK OF INDIA,16/01/2024,NEFT-523031551810-FINANCE SOLUTIONS INDIA,0.0,0.0,0.0
82237950193,CORNERSTONE BANK OF INDIA,16/01/2024,NEFT-730980568002-FINANCE SOLUTIONS INDIA,0.0,0.0,0.0
82237950193,CORNERSTONE BANK OF INDIA,17/01/2024,CLG-PREMIUM INFRASTRUCTURE,0.0,0.0,0.0
82237950193,CORNERSTONE BANK OF INDIA,17/01/2024,CHQ PAID-Bhavesh Patel-MICR,0.0,0.0,0.0
82237950193,CORNERSTONE BANK OF INDIA,17/01/2024,UPI/CR/697175071478/Jayesh Trivedi/9455849183@pay,0.0,0.0,0.0
82237950193,CORNERSTONE BANK OF INDIA,17/01/2024,CASH WITHDRAWAL-Nisha Amin,0.0,0.0,0.0
82237950193,CORNERSTONE BANK OF INDIA,18/01/2024,CHQ PAID-Nisha Shah-MICR,0.0,0.0,0.0
82237950193,CORNERSTONE BANK OF INDIA,18/01/2024,IMPS-755489243083-FASHION TEXTILES LTD,0.0,0.0,0.0
82237950193,CORNERSTONE BANK OF INDIA,18/01/2024,RTGS-ICICR715124013221-GATEWAY PROJECTS LTD,0.0,0.0,0.0
82237950193,CORNERSTONE BANK OF INDIA,19/01/2024,CASH WITHDRAWAL-Paresh Patel,0.0,0.0,0.0
82237950193,CORNERSTONE BANK OF INDIA,19/01/2024,NEFT-741866993338-DATABRIDGE INFOTECH,0.0,0.0,0.0
82237950193,CORNERSTONE BANK OF INDIA,20/01/2024,CLG-HEALTHCARE PRODUCTS LTD,0.0,0.0,0.0
82237950193,CORNERSTONE BANK OF INDIA,22/01/2024,NEFT-525510125634-Hitesh Vora,0.0,0.0,0.0
82237950193,CORNERSTONE BANK OF INDIA,22/01/2024,CLG-GATEWAY PROJECTS LTD,0.0,0.0,0.0
82237950193,CORNERSTONE BANK OF INDIA,22/01/2024,CLG-HEALTHCARE PRODUCTS LTD,0.0,0.0,0.0
82237950193,CORNERSTONE BANK OF INDIA,23/01/2024,IMPS-435605593349-CODEBASE SOLUTIONS,0.0,0.0,0.0
82237950193,CORNERSTONE BANK OF INDIA,23/01/2024,IMPS-668961712517-Paresh Desai,0.0,0.0,0.0
82237950193,CORNERSTONE BANK OF INDIA,23/01/2024,ATM WDL-10859,0.0,0.0,0.0
82237950193,CORNERSTONE BANK OF INDIA,24/01/2024,CHQ PAID-Hitesh Patel-MICR,0.0,0.0,0.0
82237950193,CORNERSTONE BANK OF INDIA,24/01/2024,UPI/DR/231337300171/Hitesh Shah/7046171271@pay,0.0,0.0,0.0
82237950193,CORNERSTONE BANK OF INDIA,24/01/2024,UPI/CR/749344504662/Nilesh Parekh/9024700705@pay,0.0,0.0,0.0
82237950193,CORNERSTONE BANK OF INDIA,24/01/2024,IMPS-527788649268-HEALTHPLUS PHARMA LTD,0.0,0.0,0.0
82237950193,CORNERSTONE BANK OF INDIA,25/01/2024,CASH DEPOSIT-Ketan Patel,0.0,0.0,0.0
82237950193,CORNERSTONE BANK OF INDIA,25/01/2024,CHQ PAID-Ketan Desai-MICR,0.0,0.0,0.0
82237950193,CORNERSTONE BANK OF INDIA,25/01/2024,IMPS-593321353825-THERMAL SYSTEMS LTD,0.0,0.0,0.0
82237950193,CORNERSTONE BANK OF INDIA,25/01/2024,CHQ PAID-Hitesh Desai-MICR,0.0,0.0,0.0
82237950193,CORNERSTONE BANK OF INDIA,25/01/2024,CASH DEPOSIT-Nisha Amin,0.0,0.0,0.0
82237950193,CORNERSTONE BANK OF INDIA,27/01/2024,NEFT-148855936489-Bhavesh Modi,0.0,0.0,0.0
82237950193,CORNERSTONE BANK OF INDIA,29/01/2024,CASH DEPOSIT-Paresh Trivedi,0.0,0.0,0.0
82237950193,CORNERSTONE BANK OF INDIA,29/01/2024,RTGS-ICICR355105074130-Jayesh Modi,0.0,0.0,0.0
82237950193,CORNERSTONE BANK OF INDIA,29/01/2024,NEFT-305100861098-HEALTHPLUS PHARMA LTD,0.0,0.0,0.0
82237950193,CORNERSTONE BANK OF INDIA,29/01/2024,CHQ PAID-Hitesh Modi-MICR,0.0,0.0,0.0
82237950193,CORNERSTONE BANK OF INDIA,30/01/2024,IMPS-150778259697-CARGO SOLUTIONS LTD,0.0,0.0,0.0
82237950193,CORNERSTONE BANK OF INDIA,30/01/2024,NEFT-983197570131-HIGHWAY DEVELOPERS INDIA,0.0,0.0,0.0
82237950193,CORNERSTONE BANK OF INDIA,31/01/2024,UPI/CR/306459972307/Paresh Parekh/7766885787@pay,0.0,0.0,0.0
82237950193,CORNERSTONE BANK OF INDIA,31/01/2024,NEFT-763395437845-INDUSTRIAL COMPONENTS INDIA,0.0,0.0,0.0
82237950193,CORNERSTONE BANK OF INDIA,02/02/2024,NEFT-161480313340-Mehul Desai,0.0,0.0,0.0
82237950193,CORNERSTONE BANK OF INDIA,03/02/2024,CHQ PAID-Ketan Amin-MICR,0.0,0.0,0.0
82237950193,CORNERSTONE BANK OF INDIA,03/02/2024,UPI/DR/270902955566/Bhavesh Trivedi/9922427056@pay,0.0,0.0,0.0
82237950193,CORNERSTONE BANK OF INDIA,05/02/2024,CASH WITHDRAWAL-Ketan Vora,0.0,0.0,0.0
82237950193,CORNERSTONE BANK OF INDIA,06/02/2024,ATM WDL-59289,0.0,0.0,0.0
82237950193,CORNERSTONE BANK OF INDIA,06/02/2024,UPI/CR/152053949002/Ketan Vora/9020614441@pay,0.0,0.0,0.0
82237950193,CORNERSTONE BANK OF INDIA,07/02/2024,NEFT-300103451167-MOTOR INDUSTRIES LTD,0.0,0.0,0.0
82237950193,CORNERSTONE BANK OF INDIA,07/02/2024,IMPS-771934176733-Nisha Patel,0.0,0.0,0.0
82237950193,CORNERSTONE BANK OF INDIA,07/02/2024,IMPS-498025657324-Paresh Amin,0.0,0.0,0.0
82237950193,CORNERSTONE BANK OF INDIA,07/02/2024,NEFT-498552719674-Hitesh Vora,0.0,0.0,0.0
82237950193,CORNERSTONE BANK OF INDIA,08/02/2024,RTGS-ICICR529704153527-EXPRESS LOGISTICS INDIA,0.0,0.0,0.0
82237950193,CORNERSTONE BANK OF INDIA,08/02/2024,NEFT-999788714354-MEDCARE LABORATORIES,0.0,0.0,0.0
82237950193,CORNERSTONE BANK OF INDIA,09/02/2024,ATM WDL-19804,0.0,0.0,0.0
82237950193,CORNERSTONE BANK OF INDIA,10/02/2024,CASH DEPOSIT-Mehul Shah,0.0,0.0,0.0
82237950193,CORNERSTONE BANK OF INDIA,10/02/2024,NEFT-655573039636-HIGHWAY DEVELOPERS INDIA,0.0,0.0,0.0
82237950193,CORNERSTONE BANK OF INDIA,10/02/2024,NEFT-975016696752-MEDCARE LABORATORIES,0.0,0.0,0.0
82237950193,CORNERSTONE BANK OF INDIA,10/02/2024,UPI/CR/909463950166/Jayesh Desai/6168139057@pay,0.0,0.0,0.0
82237950193,CORNERSTONE BANK OF INDIA,10/02/2024,IMPS-577642529299-MOTOR INDUSTRIES LTD,0.0,0.0,0.0
82237950193,CORNERSTONE BANK OF INDIA,12/02/2024,CLG-FABRIC INDUSTRIES INDIA,0.0,0.0,0.0
82237950193,CORNERSTONE BANK OF INDIA,13/02/2024,NEFT-835713643270-LOAN DISBURSEMENT-HEALTHPLUS PHARMA LTD,0.0,0.0,0.0
82237950193,CORNERSTONE BANK OF INDIA,13/02/2024,NEFT-247601767114-HOUSING DEVELOPERS CORP,0.0,0.0,0.0
82237950193,CORNERSTONE BANK OF INDIA,13/02/2024,IMPS-899822965689-WELLNESS BRANDS INDIA,0.0,0.0,0.0
82237950193,CORNERSTONE BANK OF INDIA,13/02/2024,CHQ PAID-Jayesh Desai-MICR,0.0,0.0,0.0
82237950193,CORNERSTONE BANK OF INDIA,14/02/2024,CLG-GATEWAY PROJECTS LTD,0.0,0.0,0.0
82237950193,CORNERSTONE BANK OF INDIA,14/02/2024,NEFT-907256964958-Jayesh Amin,0.0,0.0,0.0
82237950193,CORNERSTONE BANK OF INDIA,14/02/2024,IMPS-817367485464-TECHVISION SYSTEMS,0.0,0.0,0.0
82237950193,CORNERSTONE BANK OF INDIA,14/02/2024,RTGS-ICICR182383239479-DIGITAL SOLUTIONS INDIA,0.0,0.0,0.0
82237950193,CORNERSTONE BANK OF INDIA,15/02/2024,IMPS-937897729928-Mehul Patel,0.0,0.0,0.0
82237950193,CORNERSTONE BANK OF INDIA,16/02/2024,IMPS-907407481805-APEX HEAVY INDUSTRIES,0.0,0.0,0.0
82237950193,CORNERSTONE BANK OF INDIA,17/02/2024,NEFT-656310192428-HEALTHCARE PRODUCTS LTD,0.0,0.0,0.0
82237950193,CORNERSTONE BANK OF INDIA,17/02/2024,RTGS-ICICR170775678048-Paresh Parekh,0.0,0.0,0.0
82237950193,CORNERSTONE BANK OF INDIA,19/02/2024,RTGS-ICICR272560860311-Hitesh Shah,0.0,0.0,0.0
82237950193,CORNERSTONE BANK OF INDIA,19/02/2024,CHQ PAID-Nisha Patel-MICR,0.0,0.0,0.0
82237950193,CORNERSTONE BANK OF INDIA,19/02/2024,NEFT-740681105899-Nilesh Amin,0.0,0.0,0.0
82237950193,CORNERSTONE BANK OF INDIA,20/02/2024,CLG-PERSONAL CARE LTD,0.0,0.0,0.0
82237950193,CORNERSTONE BANK OF INDIA,20/02/2024,IMPS-332989810240-THERMAL SYSTEMS LTD,0.0,0.0,0.0
82237950193,CORNERSTONE BANK OF INDIA,21/02/2024,CLG-DATABRIDGE INFOTECH,0.0,0.0,0.0
82237950193,CORNERSTONE BANK OF INDIA,21/02/2024,CASH WITHDRAWAL-Mehul Patel,0.0,0.0,0.0
82237950193,CORNERSTONE BANK OF INDIA,23/02/2024,Dividend Cr-SUPPLY CHAIN CORP-EQUITY SHARES,0.0,0.0,0.0
82237950193,CORNERSTONE BANK OF INDIA,24/02/2024,CHQ PAID-Mehul Amin-MICR,0.0,0.0,0.0
82237950193,CORNERSTONE BANK OF INDIA,24/02/2024,NEFT-440114925101-DIGITAL SOLUTIONS INDIA,0.0,0.0,0.0
82237950193,CORNERSTONE BANK OF INDIA,24/02/2024,NEFT-821493539476-DIGITAL SOLUTIONS INDIA,0.0,0.0,0.0
82237950193,CORNERSTONE BANK OF INDIA,24/02/2024,RTGS-ICICR185833296086-TECHVISION SYSTEMS,0.0,0.0,0.0
82237950193,CORNERSTONE BANK OF INDIA,26/02/2024,RTGS-ICICR991597426647-NETFORGE TECHNOLOGIES,0.0,0.0,0.0
82237950193,CORNERSTONE BANK OF INDIA,26/02/2024,ATM WDL-38043,0.0,0.0,0.0
82237950193,CORNERSTONE BANK OF INDIA,28/02/2024,CASH WITHDRAWAL-Mehul Vora,0.0,0.0,0.0
82237950193,CORNERSTONE BANK OF INDIA,28/02/2024,Service Charges-Online Banking Charges,0.0,0.0,0.0
82237950193,CORNERSTONE BANK OF INDIA,28/02/2024,Service Charges-SMS Alert Charges,0.0,0.0,0.0
82237950193,CORNERSTONE BANK OF INDIA,28/02/2024,Service Charges-Demat Account AMC,0.0,0.0,0.0
82237950193,CORNERSTONE BANK OF INDIA,29/02/2024,CHQ PAID-Mehul Modi-MICR,0.0,0.0,0.0
82237950193,CORNERSTONE BANK OF INDIA,01/03/2024,RTGS-ICICR141741609869-DAILY NEEDS LIMITED,0.0,0.0,0.0
82237950193,CORNERSTONE BANK OF INDIA,01/03/2024,ATM WDL-39421,0.0,0.0,0.0
82237950193,CORNERSTONE BANK OF INDIA,04/03/2024,CLG-COTTON MILLS CORP,0.0,0.0,0.0
82237950193,CORNERSTONE BANK OF INDIA,04/03/2024,CASH WITHDRAWAL-Mehul Amin,0.0,0.0,0.0
82237950193,CORNERSTONE BANK OF INDIA,05/03/2024,UPI/CR/288665043170/Nilesh Vora/9270754758@pay,0.0,0.0,0.0
82237950193,CORNERSTONE BANK OF INDIA,05/03/2024,ATM WDL-82605,0.0,0.0,0.0
82237950193,CORNERSTONE BANK OF INDIA,06/03/2024,NEFT-800003181488-Mehul Modi,0.0,0.0,0.0
82237950193,CORNERSTONE BANK OF INDIA,07/03/2024,IMPS-350478904054-Hitesh Modi,0.0,0.0,0.0
82237950193,CORNERSTONE BANK OF INDIA,07/03/2024,UPI/DR/157578248958/Hitesh Desai/6331010327@pay,0.0,0.0,0.0
82237950193,CORNERSTONE BANK OF INDIA,07/03/2024,RTGS-ICICR938685753949-Ketan Shah,0.0,0.0,0.0
82237950193,CORNERSTONE BANK OF INDIA,07/03/2024,IMPS-338489440733-Paresh Parekh,0.0,0.0,0.0
82237950193,CORNERSTONE BANK OF INDIA,07/03/2024,CLG-CLOUDTECH SERVICES,0.0,0.0,0.0
82237950193,CORNERSTONE BANK OF INDIA,11/03/2024,NEFT-789981500394-INDUSTRIAL COMPONENTS INDIA,0.0,0.0,0.0
82237950193,CORNERSTONE BANK OF INDIA,11/03/2024,UPI/CR/264911443553/Nilesh Desai/8015170861@pay,0.0,0.0,0.0
82237950193,CORNERSTONE BANK OF INDIA,12/03/2024,NEFT-605672888531-WEBSTREAM LIMITED,0.0,0.0,0.0
82237950193,CORNERSTONE BANK OF INDIA,14/03/2024,IMPS-488386688185-Jayesh Modi,0.0,0.0,0.0
82237950193,CORNERSTONE BANK OF INDIA,15/03/2024,UPI/CR/697756066973/Nilesh Parekh/6456913853@pay,0.0,0.0,0.0
82237950193,CORNERSTONE BANK OF INDIA,15/03/2024,CASH DEPOSIT-Jayesh Modi,0.0,0.0,0.0
82237950193,CORNERSTONE BANK OF INDIA,16/03/2024,IMPS-245859603060-CONSTRUCTION SOLUTIONS LTD,0.0,0.0,0.0
82237950193,CORNERSTONE BANK OF INDIA,16/03/2024,IMPS-505176168048-DIGITAL SOLUTIONS INDIA,0.0,0.0,0.0
82237950193,CORNERSTONE BANK OF INDIA,18/03/2024,REVERSAL-IMPS-245859603060-CONSTRUCTION SOLUTIONS LTD,0.0,0.0,0.0
82237950193,CORNERSTONE BANK OF INDIA,18/03/2024,IMPS-818788519239-REALTY VENTURES LTD,0.0,0.0,0.0
82237950193,CORNERSTONE BANK OF INDIA,18/03/2024,CASH WITHDRAWAL-Nisha Trivedi,0.0,0.0,0.0
82237950193,CORNERSTONE BANK OF INDIA,18/03/2024,CLG-CAPITAL VENTURES INDIA,0.0,0.0,0.0
82237950193,CORNERSTONE BANK OF INDIA,20/03/2024,UPI/DR/409976841684/Jayesh Amin/9825730331@pay,0.0,0.0,0.0
82237950193,CORNERSTONE BANK OF INDIA,21/03/2024,CLG-METROPOLITAN BUILDERS,0.0,0.0,0.0
82237950193,CORNERSTONE BANK OF INDIA,22/03/2024,CLG-FABRIC INDUSTRIES INDIA,0.0,0.0,0.0
82237950193,CORNERSTONE BANK OF INDIA,22/03/2024,IMPS-783850623568-CONSTRUCTION SOLUTIONS LTD,0.0,0.0,0.0
82237950193,CORNERSTONE BANK OF INDIA,23/03/2024,REVERSAL-CLG-FABRIC INDUSTRIES INDIA,0.0,0.0,0.0
82237950193,CORNERSTONE BANK OF INDIA,23/03/2024,NEFT-664719278374-Paresh Shah,0.0,0.0,0.0
82237950193,CORNERSTONE BANK OF INDIA,26/03/2024,CHQ PAID-Nilesh Modi-MICR,0.0,0.0,0.0
82237950193,CORNERSTONE BANK OF INDIA,26/03/2024,IMPS-398698360875-SOFTWAVE TECHNOLOGIES,0.0,0.0,0.0
82237950193,CORNERSTONE BANK OF INDIA,27/03/2024,SERVICE CHARGES-Cheque Book Charges,0.0,0.0,0.0
82237950193,CORNERSTONE BANK OF INDIA,27/03/2024,NEFT-332341788097-Jayesh Vora,0.0,0.0,0.0
82237950193,CORNERSTONE BANK OF INDIA,28/03/2024,NEFT-625820413602-LIFELINE PHARMACEUTICAL,0.0,0.0,0.0
82237950193,CORNERSTONE BANK OF INDIA,28/03/2024,UPI/DR/985370497089/Hitesh Amin/9435838773@pay,0.0,0.0,0.0
82237950193,CORNERSTONE BANK OF INDIA,28/03/2024,ATM WDL-51061,0.0,0.0,0.0
82237950193,CORNERSTONE BANK OF INDIA,28/03/2024,ATM WDL-67251,0.0,0.0,0.0
82237950193,CORNERSTONE BANK OF INDIA,28/03/2024,CHQ PAID-Mehul Patel-MICR,0.0,0.0,0.0
82237950193,CORNERSTONE BANK OF INDIA,28/03/2024,CASH WITHDRAWAL-Hitesh Amin,0.0,0.0,0.0
82237950193,CORNERSTONE BANK OF INDIA,28/03/2024,Service Charges-Foreign Currency Markup,0.0,0.0,0.0
82237950193,CORNERSTONE BANK OF INDIA,28/03/2024,Service Charges-SMS Alert Charges,0.0,0.0,0.0
82237950193,CORNERSTONE BANK OF INDIA,28/03/2024,Service Charges-Online Banking Charges,0.0,0.0,0.0
82237950193,CORNERSTONE BANK OF INDIA,30/03/2024,NEFT-217471632810-GST PAYMENT-GSTIN,0.0,0.0,0.0
82237950193,CORNERSTONE BANK OF INDIA,30/03/2024,CHQ PAID-Bhavesh Desai-MICR,0.0,0.0,0.0
82237950193,CORNERSTONE BANK OF INDIA,30/03/2024,RTGS-ICICR517692161816-Paresh Parekh,0.0,0.0,0.0
82237950193,CORNERSTONE BANK OF INDIA,30/03/2024,UPI/CR/280025479687/Ketan Trivedi/6933909366@pay,0.0,0.0,0.0
82237950193,CORNERSTONE BANK OF INDIA,30/03/2024,UPI/CR/518691537037/Jayesh Desai/7021958193@pay,0.0,0.0,0.0
60108027008,SYNERGY BANK LIMITED,01/01/2024,Dividend Cr-AUTOMOTIVE PARTS CORP-EQUITY SHARES,0.0,0.0,0.0
60108027008,SYNERGY BANK LIMITED,02/01/2024,RTGS-ICICR670672156809-Lakshmi Menon,0.0,0.0,0.0
60108027008,SYNERGY BANK LIMITED,03/01/2024,UPI/CR/620046066514/Kavitha Murthy/8716364515@pay,0.0,0.0,0.0
60108027008,SYNERGY BANK LIMITED,03/01/2024,RTGS-ICICR605862171136-TECHVISION SYSTEMS,0.0,0.0,0.0
60108027008,SYNERGY BANK LIMITED,03/01/2024,REVERSAL-Dividend Cr-AUTOMOTIVE PARTS CORP-EQUITY SHARES,0.0,0.0,0.0
60108027008,SYNERGY BANK LIMITED,04/01/2024,IMPS-317233642963-CONSUMER PRODUCTS INDIA,0.0,0.0,0.0
60108027008,SYNERGY BANK LIMITED,04/01/2024,IMPS-731590824003-CONSTRUCTION SOLUTIONS LTD,0.0,0.0,0.0
60108027008,SYNERGY BANK LIMITED,05/01/2024,CASH DEPOSIT-Anitha Iyer,0.0,0.0,0.0
60108027008,SYNERGY BANK LIMITED,05/01/2024,CLG-CARGO SOLUTIONS LTD,0.0,0.0,0.0
60108027008,SYNERGY BANK LIMITED,05/01/2024,NEFT Dr-670627990024-RENT PAYMENT-MONTHLY RENT,0.0,0.0,0.0
60108027008,SYNERGY BANK LIMITED,05/01/2024,NEFT-672567858270-Karthik Iyer,0.0,0.0,0.0
60108027008,SYNERGY BANK LIMITED,05/01/2024,UPI/CR/778070755690/Karthik Rao/6221940322@pay,0.0,0.0,0.0
60108027008,SYNERGY BANK LIMITED,06/01/2024,NEFT-487005449227-MEDCARE LABORATORIES,0.0,0.0,0.0
60108027008,SYNERGY BANK LIMITED,08/01/2024,UPI/CR/963583918085/Venkatesh Rao/9599210256@pay,0.0,0.0,0.0
60108027008,SYNERGY BANK LIMITED,09/01/2024,IMPS-576876485820-INFOCORE TECHNOLOGIES,0.0,0.0,0.0
60108027008,SYNERGY BANK LIMITED,09/01/2024,NEFT-598894583626-INDUSTRIAL COMPONENTS INDIA,0.0,0.0,0.0
60108027008,SYNERGY BANK LIMITED,10/01/2024,NEFT-138415676741-GST PAYMENT-GSTIN,0.0,0.0,0.0
60108027008,SYNERGY BANK LIMITED,10/01/2024,UPI/CR/941861966545/Ganesh Nair/8731372341@pay,0.0,0.0,0.0
60108027008,SYNERGY BANK LIMITED,10/01/2024,IMPS-599531791630-Subramaniam Menon,0.0,0.0,0.0
60108027008,SYNERGY BANK LIMITED,10/01/2024,ATM WDL-42365,0.0,0.0,0.0
60108027008,SYNERGY BANK LIMITED,12/01/2024,IMPS-668735117674-INVESTMENT SERVICES INDIA,0.0,0.0,0.0
60108027008,SYNERGY BANK LIMITED,13/01/2024,CLG-FOOD INDUSTRIES CORP,0.0,0.0,0.0
60108027008,SYNERGY BANK LIMITED,15/01/2024,NEFT-508134323761-Ramesh Pillai,0.0,0.0,0.0
60108027008,SYNERGY BANK LIMITED,15/01/2024,IMPS-921839364872-WELLNESS BRANDS INDIA,0.0,0.0,0.0
60108027008,SYNERGY BANK LIMITED,15/01/2024,Dividend Cr-HEALTHCARE PRODUCTS LTD-EQUITY SHARES,0.0,0.0,0.0
60108027008,SYNERGY BANK LIMITED,15/01/2024,NEFT-934646177427-GST PAYMENT-GSTIN,0.0,0.0,0.0
60108027008,SYNERGY BANK LIMITED,16/01/2024,IMPS-543080795477-MINDWAVE CONSULTING,0.0,0.0,0.0
60108027008,SYNERGY BANK LIMITED,17/01/2024,NEFT Dr-146806565839-SOFTWARE SUBSCRIPTION,0.0,0.0,0.0
60108027008,SYNERGY BANK LIMITED,17/01/2024,RTGS-ICICR778950355459-Ramesh Menon,0.0,0.0,0.0
60108027008,SYNERGY BANK LIMITED,17/01/2024,IMPS-571105073771-Kavitha Rao,0.0,0.0,0.0
60108027008,SYNERGY BANK LIMITED,18/01/2024,RTGS-ICICR506230314246-DATABRIDGE INFOTECH,0.0,0.0,0.0
60108027008,SYNERGY BANK LIMITED,18/01/2024,CHQ PAID-Anitha Krishnan-MICR,0.0,0.0,0.0
60108027008,SYNERGY BANK LIMITED,18/01/2024,IMPS-115258392634-Anitha Iyer,0.0,0.0,0.0
60108027008,SYNERGY BANK LIMITED,18/01/2024,ATM WDL-34928,0.0,0.0,0.0
60108027008,SYNERGY BANK LIMITED,19/01/2024,NEFT-934999397079-RETAIL SOLUTIONS INDIA,0.0,0.0,0.0
60108027008,SYNERGY BANK LIMITED,19/01/2024,IMPS-726346504252-FABRIC INDUSTRIES INDIA,0.0,0.0,0.0
60108027008,SYNERGY BANK LIMITED,19/01/2024,IMPS-492603620887-PREMIUM PROPERTIES LTD,0.0,0.0,0.0
60108027008,SYNERGY BANK LIMITED,19/01/2024,CLG-WEBSTREAM LIMITED,0.0,0.0,0.0
60108027008,SYNERGY BANK LIMITED,20/01/2024,NEFT Dr-261864949564-GST PAYMENT-GSTIN 14A6621,0.0,0.0,0.0
60108027008,SYNERGY BANK LIMITED,22/01/2024,RTGS-ICICR685533773095-Anitha Krishnan,0.0,0.0,0.0
60108027008,SYNERGY BANK LIMITED,23/01/2024,ATM WDL-50959,0.0,0.0,0.0
60108027008,SYNERGY BANK LIMITED,23/01/2024,CLG-DAILY NEEDS LIMITED,0.0,0.0,0.0
60108027008,SYNERGY BANK LIMITED,24/01/2024,RTGS-ICICR831739803587-Ganesh Rao,0.0,0.0,0.0
60108027008,SYNERGY BANK LIMITED,25/01/2024,CASH DEPOSIT-Venkatesh Pillai,0.0,0.0,0.0
60108027008,SYNERGY BANK LIMITED,25/01/2024,UPI/CR/891191607773/Kavitha Krishnan/6273874440@pay,0.0,0.0,0.0
60108027008,SYNERGY BANK LIMITED,27/01/2024,CLG-PREMIUM PROPERTIES LTD,0.0,0.0,0.0
60108027008,SYNERGY BANK LIMITED,27/01/2024,CHQ PAID-Venkatesh Pillai-MICR,0.0,0.0,0.0
60108027008,SYNERGY BANK LIMITED,29/01/2024,NEFT-358661247299-CLOUDTECH SERVICES,0.0,0.0,0.0
60108027008,SYNERGY BANK LIMITED,29/01/2024,UPI/CR/628770942931/Lakshmi Naidu/9039295488@pay,0.0,0.0,0.0
60108027008,SYNERGY BANK LIMITED,30/01/2024,UPI/CR/256444726681/Karthik Naidu/8429725502@pay,0.0,0.0,0.0
60108027008,SYNERGY BANK LIMITED,30/01/2024,NEFT-279980544442-PREMIUM PROPERTIES LTD,0.0,0.0,0.0
60108027008,SYNERGY BANK LIMITED,30/01/2024,UPI/CR/890065327238/Ganesh Reddy/9338523127@pay,0.0,0.0,0.0
60108027008,SYNERGY BANK LIMITED,30/01/2024,CASH DEPOSIT-Anitha Reddy,0.0,0.0,0.0
60108027008,SYNERGY BANK LIMITED,31/01/2024,IMPS-927366687066-Srinivas Iyer,0.0,0.0,0.0
60108027008,SYNERGY BANK LIMITED,31/01/2024,FAILED-INSUFFICIENT FUNDS-CASH WITHDRAWAL-Ramesh Krishnan,0.0,0.0,0.0
60108027008,SYNERGY BANK LIMITED,01/02/2024,CASH WITHDRAWAL-Srinivas Reddy,0.0,0.0,0.0
60108027008,SYNERGY BANK LIMITED,02/02/2024,RTGS-ICICR728652284444-THERMAL SYSTEMS LTD,0.0,0.0,0.0
60108027008,SYNERGY BANK LIMITED,02/02/2024,NEFT-463431628049-THERMAL SYSTEMS LTD,0.0,0.0,0.0
60108027008,SYNERGY BANK LIMITED,02/02/2024,NEFT-758451840495-Ramesh Pillai,0.0,0.0,0.0
60108027008,SYNERGY BANK LIMITED,02/02/2024,ATM WDL-27362,0.0,0.0,0.0
60108027008,SYNERGY BANK LIMITED,05/02/2024,CHQ PAID-Ganesh Nair-MICR,0.0,0.0,0.0
60108027008,SYNERGY BANK LIMITED,05/02/2024,NEFT Dr-972338928331-RENT PAYMENT-MONTHLY RENT,0.0,0.0,0.0
60108027008,SYNERGY BANK LIMITED,05/02/2024,IMPS-144279693241-Srinivas Iyer,0.0,0.0,0.0
60108027008,SYNERGY BANK LIMITED,05/02/2024,CLG-REALTY VENTURES LTD,0.0,0.0,0.0
60108027008,SYNERGY BANK LIMITED,06/02/2024,CHQ PAID-Venkatesh Rao-MICR,0.0,0.0,0.0
60108027008,SYNERGY BANK LIMITED,06/02/2024,RTGS-ICICR486647552694-Anitha Pillai,0.0,0.0,0.0
60108027008,SYNERGY BANK LIMITED,06/02/2024,UPI/DR/327928870177/Anitha Pillai/8738863487@pay,0.0,0.0,0.0
60108027008,SYNERGY BANK LIMITED,07/02/2024,RTGS-ICICR224442746495-Subramaniam Iyer,0.0,0.0,0.0
60108027008,SYNERGY BANK LIMITED,07/02/2024,FAILED-INSUFFICIENT FUNDS-NEFT-625711415721-Ganesh Reddy,0.0,0.0,0.0
60108027008,SYNERGY BANK LIMITED,07/02/2024,CASH DEPOSIT-Kavitha Krishnan,0.0,0.0,0.0
60108027008,SYNERGY BANK LIMITED,08/02/2024,CLG-CYBERCRAFT SYSTEMS,0.0,0.0,0.0
60108027008,SYNERGY BANK LIMITED,08/02/2024,CLG-HOUSING DEVELOPERS CORP,0.0,0.0,0.0
60108027008,SYNERGY BANK LIMITED,10/02/2024,NEFT-127846126676-TECHVISION SYSTEMS,0.0,0.0,0.0
60108027008,SYNERGY BANK LIMITED,12/02/2024,IMPS-534402897115-LIFELINE PHARMACEUTICAL,0.0,0.0,0.0
60108027008,SYNERGY BANK LIMITED,12/02/2024,CHQ PAID-Kavitha Murthy-MICR,0.0,0.0,0.0
60108027008,SYNERGY BANK LIMITED,12/02/2024,CASH WITHDRAWAL-Karthik Naidu,0.0,0.0,0.0
60108027008,SYNERGY BANK LIMITED,12/02/2024,NEFT-475419932694-Kavitha Rao,0.0,0.0,0.0
60108027008,SYNERGY BANK LIMITED,13/02/2024,NEFT-626309653743-GST PAYMENT-GSTIN,0.0,0.0,0.0
60108027008,SYNERGY BANK LIMITED,14/02/2024,SERVICE CHARGES-Statement Charges,0.0,0.0,0.0
60108027008,SYNERGY BANK LIMITED,14/02/2024,CHQ PAID-Venkatesh Reddy-MICR,0.0,0.0,0.0
60108027008,SYNERGY BANK LIMITED,14/02/2024,IMPS-441771420762-HEALTHCARE PRODUCTS LTD,0.0,0.0,0.0
60108027008,SYNERGY BANK LIMITED,14/02/2024,NEFT-261279939723-EXPRESS LOGISTICS INDIA,0.0,0.0,0.0
60108027008,SYNERGY BANK LIMITED,14/02/2024,RTGS-ICICR211737607495-Anitha Menon,0.0,0.0,0.0
60108027008,SYNERGY BANK LIMITED,15/02/2024,CLG-TECHVISION SYSTEMS,0.0,0.0,0.0
60108027008,SYNERGY BANK LIMITED,16/02/2024,NEFT-737116476010-Karthik Murthy,0.0,0.0,0.0
60108027008,SYNERGY BANK LIMITED,17/02/2024,NEFT Dr-999506510660-SOFTWARE SUBSCRIPTION,0.0,0.0,0.0
60108027008,SYNERGY BANK LIMITED,17/02/2024,CASH WITHDRAWAL-Karthik Reddy,0.0,0.0,0.0
60108027008,SYNERGY BANK LIMITED,17/02/2024,RTGS-ICICR679811356995-HEALTHPLUS PHARMA LTD,0.0,0.0,0.0
60108027008,SYNERGY BANK LIMITED,17/02/2024,RTGS-ICICR873844937164-REALTY VENTURES LTD,0.0,0.0,0.0
60108027008,SYNERGY BANK LIMITED,17/02/2024,UPI/CR/559344239998/Subramaniam Murthy/7834450719@pay,0.0,0.0,0.0
60108027008,SYNERGY BANK LIMITED,19/02/2024,NEFT-453174445886-Venkatesh Pillai,0.0,0.0,0.0
60108027008,SYNERGY BANK LIMITED,20/02/2024,IMPS-907108852421-URBAN ESTATES INDIA,0.0,0.0,0.0
60108027008,SYNERGY BANK LIMITED,20/02/2024,NEFT Dr-836920263440-GST PAYMENT-GSTIN 24B8724,0.0,0.0,0.0
60108027008,SYNERGY BANK LIMITED,21/02/2024,NEFT-338084292978-Venkatesh Nair,0.0,0.0,0.0
60108027008,SYNERGY BANK LIMITED,21/02/2024,NEFT-743349153089-INDUSTRIAL COMPONENTS INDIA,0.0,0.0,0.0
60108027008,SYNERGY BANK LIMITED,22/02/2024,IMPS-483197867269-Ganesh Nair,0.0,0.0,0.0
60108027008,SYNERGY BANK LIMITED,22/02/2024,CHQ PAID-Kavitha Rao-MICR,0.0,0.0,0.0
60108027008,SYNERGY BANK LIMITED,23/02/2024,CLG-FABRIC INDUSTRIES INDIA,0.0,0.0,0.0
60108027008,SYNERGY BANK LIMITED,24/02/2024,NEFT-593801266386-CONSUMER PRODUCTS INDIA,0.0,0.0,0.0
60108027008,SYNERGY BANK LIMITED,24/02/2024,NEFT-222046695708-Ramesh Nair,0.0,0.0,0.0
60108027008,SYNERGY BANK LIMITED,26/02/2024,CLG-FABRIC INDUSTRIES INDIA,0.0,0.0,0.0
60108027008,SYNERGY BANK LIMITED,26/02/2024,NEFT-610299921349-GST PAYMENT-GSTIN,0.0,0.0,0.0
60108027008,SYNERGY BANK LIMITED,27/02/2024,RTGS-ICICR956772440286-MEDCARE LABORATORIES,0.0,0.0,0.0
60108027008,SYNERGY BANK LIMITED,27/02/2024,CHQ PAID-Venkatesh Rao-MICR,0.0,0.0,0.0
60108027008,SYNERGY BANK LIMITED,27/02/2024,UPI/DR/940870763930/Priya Rao/7576999389@pay,0.0,0.0,0.0
60108027008,SYNERGY BANK LIMITED,28/02/2024,NEFT-784699888083-Anitha Iyer,0.0,0.0,0.0
60108027008,SYNERGY BANK LIMITED,28/02/2024,NEFT-328168440565-APEX HEAVY INDUSTRIES,0.0,0.0,0.0
60108027008,SYNERGY BANK LIMITED,28/02/2024,CASH DEPOSIT-Ganesh Iyer,0.0,0.0,0.0
60108027008,SYNERGY BANK LIMITED,28/02/2024,Service Charges-Statement Charges,0.0,0.0,0.0
60108027008,SYNERGY BANK LIMITED,28/02/2024,Service Charges-Cheque Book Charges,0.0,0.0,0.0
60108027008,SYNERGY BANK LIMITED,29/02/2024,NEFT-972551809363-MEDCARE LABORATORIES,0.0,0.0,0.0
60108027008,SYNERGY BANK LIMITED,01/03/2024,CHQ PAID-Anitha Pillai-MICR,0.0,0.0,0.0
60108027008,SYNERGY BANK LIMITED,01/03/2024,CHQ PAID-Anitha Pillai-MICR,0.0,0.0,0.0
60108027008,SYNERGY BANK LIMITED,01/03/2024,CASH DEPOSIT-Subramaniam Krishnan,0.0,0.0,0.0
60108027008,SYNERGY BANK LIMITED,02/03/2024,RTGS-ICICR734950512034-Subramaniam Rao,0.0,0.0,0.0
60108027008,SYNERGY BANK LIMITED,02/03/2024,CASH DEPOSIT-Ramesh Iyer,0.0,0.0,0.0
60108027008,SYNERGY BANK LIMITED,02/03/2024,NEFT-743171552846-PRECISION ENGINEERING WORKS,0.0,0.0,0.0
60108027008,SYNERGY BANK LIMITED,02/03/2024,SERVICE CHARGES-SMS Alert Charges,0.0,0.0,0.0
60108027008,SYNERGY BANK LIMITED,05/03/2024,NEFT Dr-983017052067-RENT PAYMENT-MONTHLY RENT,0.0,0.0,0.0
60108027008,SYNERGY BANK LIMITED,06/03/2024,SERVICE CHARGES-Demat Account AMC,0.0,0.0,0.0
60108027008,SYNERGY BANK LIMITED,07/03/2024,CHQ PAID-Karthik Krishnan-MICR,0.0,0.0,0.0
60108027008,SYNERGY BANK LIMITED,09/03/2024,CASH DEPOSIT-Venkatesh Nair,0.0,0.0,0.0
60108027008,SYNERGY BANK LIMITED,09/03/2024,CLG-INFOCORE TECHNOLOGIES,0.0,0.0,0.0
60108027008,SYNERGY BANK LIMITED,09/03/2024,CLG-URBAN ESTATES INDIA,0.0,0.0,0.0
60108027008,SYNERGY BANK LIMITED,11/03/2024,CASH WITHDRAWAL-Venkatesh Nair,0.0,0.0,0.0
60108027008,SYNERGY BANK LIMITED,11/03/2024,IMPS-454619677485-MEDCARE LABORATORIES,0.0,0.0,0.0
60108027008,SYNERGY BANK LIMITED,12/03/2024,IMPS-940572863182-URBAN ESTATES INDIA,0.0,0.0,0.0
60108027008,SYNERGY BANK LIMITED,12/03/2024,CLG-URBAN CONSTRUCTIONS,0.0,0.0,0.0
60108027008,SYNERGY BANK LIMITED,12/03/2024,NEFT-535880888411-RETAIL SOLUTIONS INDIA,0.0,0.0,0.0
60108027008,SYNERGY BANK LIMITED,13/03/2024,REVERSAL-CLG-URBAN CONSTRUCTIONS,0.0,0.0,0.0
60108027008,SYNERGY BANK LIMITED,13/03/2024,ATM WDL-22989,0.0,0.0,0.0
60108027008,SYNERGY BANK LIMITED,14/03/2024,IMPS-716245894352-Subramaniam Naidu,0.0,0.0,0.0
60108027008,SYNERGY BANK LIMITED,14/03/2024,UPI/CR/602107089284/Karthik Iyer/8200702967@pay,0.0,0.0,0.0
60108027008,SYNERGY BANK LIMITED,15/03/2024,Dividend Cr-REALTY VENTURES LTD-EQUITY SHARES,0.0,0.0,0.0
60108027008,SYNERGY BANK LIMITED,16/03/2024,SERVICE CHARGES-Demat Account AMC,0.0,0.0,0.0
60108027008,SYNERGY BANK LIMITED,16/03/2024,IMPS-641389582325-Lakshmi Nair,0.0,0.0,0.0
60108027008,SYNERGY BANK LIMITED,19/03/2024,CHQ PAID-Venkatesh Nair-MICR,0.0,0.0,0.0
60108027008,SYNERGY BANK LIMITED,19/03/2024,ATM WDL-15085,0.0,0.0,0.0
60108027008,SYNERGY BANK LIMITED,20/03/2024,CHQ PAID-Srinivas Reddy-MICR,0.0,0.0,0.0
60108027008,SYNERGY BANK LIMITED,20/03/2024,UPI/DR/572291821291/Karthik Murthy/9974148096@pay,0.0,0.0,0.0
60108027008,SYNERGY BANK LIMITED,20/03/2024,NEFT Dr-925045893647-GST PAYMENT-GSTIN 20C3502,0.0,0.0,0.0
60108027008,SYNERGY BANK LIMITED,20/03/2024,CLG-EXPRESS LOGISTICS INDIA,0.0,0.0,0.0
60108027008,SYNERGY BANK LIMITED,21/03/2024,SERVICE CHARGES-Foreign Currency Markup,0.0,0.0,0.0
60108027008,SYNERGY BANK LIMITED,21/03/2024,ATM WDL-60547,0.0,0.0,0.0
60108027008,SYNERGY BANK LIMITED,21/03/2024,CHQ PAID-Anitha Rao-MICR,0.0,0.0,0.0
60108027008,SYNERGY BANK LIMITED,22/03/2024,RTGS-ICICR908934764689-TECHVISION SYSTEMS,0.0,0.0,0.0
60108027008,SYNERGY BANK LIMITED,22/03/2024,CLG-MINDWAVE CONSULTING,0.0,0.0,0.0
60108027008,SYNERGY BANK LIMITED,23/03/2024,ATM WDL-12168,0.0,0.0,0.0
60108027008,SYNERGY BANK LIMITED,23/03/2024,NEFT-272727538671-Ramesh Reddy,0.0,0.0,0.0
60108027008,SYNERGY BANK LIMITED,23/03/2024,CASH WITHDRAWAL-Priya Reddy,0.0,0.0,0.0
60108027008,SYNERGY BANK LIMITED,26/03/2024,UPI/DR/993992544606/Anitha Menon/6192054090@pay,0.0,0.0,0.0
60108027008,SYNERGY BANK LIMITED,26/03/2024,CHQ PAID-Subramaniam Murthy-MICR,0.0,0.0,0.0
60108027008,SYNERGY BANK LIMITED,26/03/2024,IMPS-582944159924-HEALTHCARE PRODUCTS LTD,0.0,0.0,0.0
60108027008,SYNERGY BANK LIMITED,26/03/2024,IMPS-417291520125-CONSUMER PRODUCTS INDIA,0.0,0.0,0.0
60108027008,SYNERGY BANK LIMITED,26/03/2024,CASH WITHDRAWAL-Subramaniam Nair,0.0,0.0,0.0
60108027008,SYNERGY BANK LIMITED,26/03/2024,CLG-LIFELINE PHARMACEUTICAL,0.0,0.0,0.0
60108027008,SYNERGY BANK LIMITED,27/03/2024,IMPS-512978106890-FASHION TEXTILES LTD,0.0,0.0,0.0
60108027008,SYNERGY BANK LIMITED,28/03/2024,CASH DEPOSIT-Ganesh Menon,0.0,0.0,0.0
60108027008,SYNERGY BANK LIMITED,28/03/2024,CASH DEPOSIT-Lakshmi Iyer,0.0,0.0,0.0
60108027008,SYNERGY BANK LIMITED,28/03/2024,ATM WDL-86651,0.0,0.0,0.0
60108027008,SYNERGY BANK LIMITED,28/03/2024,Service Charges-Online Banking Charges,0.0,0.0,0.0
60108027008,SYNERGY BANK LIMITED,30/03/2024,IMPS-226602020962-REALTY VENTURES LTD,0.0,0.0,0.0
60108027008,SYNERGY BANK LIMITED,30/03/2024,CHQ PAID-Kavitha Reddy-MICR,0.0,0.0,0.0
60108027008,SYNERGY BANK LIMITED,30/03/2024,NEFT-939847399348-CONSTRUCTION SOLUTIONS LTD,0.0,0.0,0.0
16326761553,ROYAL COMMERCE BANK,01/01/2024,RTGS-ICICR994432460510-URBAN CONSTRUCTIONS,0.0,0.0,0.0
16326761553,ROYAL COMMERCE BANK,01/01/2024,CASH DEPOSIT-Hitesh Parekh,0.0,0.0,0.0
16326761553,ROYAL COMMERCE BANK,01/01/2024,CLG-HOUSING DEVELOPERS CORP,0.0,0.0,0.0
16326761553,ROYAL COMMERCE BANK,03/01/2024,CASH WITHDRAWAL-Hitesh Patel,0.0,0.0,0.0
16326761553,ROYAL COMMERCE BANK,04/01/2024,UPI/CR/707147117546/Nisha Modi/6885428667@pay,0.0,0.0,0.0
16326761553,ROYAL COMMERCE BANK,05/01/2024,NEFT Dr-984708154906-RENT PAYMENT-MONTHLY RENT,0.0,0.0,0.0
16326761553,ROYAL COMMERCE BANK,05/01/2024,RTGS-ICICR172818560766-MINDWAVE CONSULTING,0.0,0.0,0.0
16326761553,ROYAL COMMERCE BANK,05/01/2024,CASH DEPOSIT-Nilesh Parekh,0.0,0.0,0.0
16326761553,ROYAL COMMERCE BANK,06/01/2024,NEFT-568930921967-MOTOR INDUSTRIES LTD,0.0,0.0,0.0
16326761553,ROYAL COMMERCE BANK,06/01/2024,CASH WITHDRAWAL-Mehul Amin,0.0,0.0,0.0
16326761553,ROYAL COMMERCE BANK,06/01/2024,NEFT-521343782412-NETPULSE SYSTEMS,0.0,0.0,0.0
16326761553,ROYAL COMMERCE BANK,08/01/2024,FAILED-INSUFFICIENT FUNDS-RTGS-ICICR137087303615-Bhavesh Amin,0.0,0.0,0.0
16326761553,ROYAL COMMERCE BANK,08/01/2024,IMPS-608261401242-MINDWAVE CONSULTING,0.0,0.0,0.0
16326761553,ROYAL COMMERCE BANK,08/01/2024,CHQ PAID-Paresh Vora-MICR,0.0,0.0,0.0
16326761553,ROYAL COMMERCE BANK,08/01/2024,ATM WDL-56871,0.0,0.0,0.0
16326761553,ROYAL COMMERCE BANK,08/01/2024,UPI/DR/318617245481/Hitesh Desai/6972800706@pay,0.0,0.0,0.0
16326761553,ROYAL COMMERCE BANK,08/01/2024,NEFT-275436664764-Nisha Patel,0.0,0.0,0.0
16326761553,ROYAL COMMERCE BANK,09/01/2024,CASH WITHDRAWAL-Hitesh Amin,0.0,0.0,0.0
16326761553,ROYAL COMMERCE BANK,09/01/2024,NEFT-350148822772-HIGHWAY DEVELOPERS INDIA,0.0,0.0,0.0
16326761553,ROYAL COMMERCE BANK,09/01/2024,IMPS-657372068318-Hitesh Amin,0.0,0.0,0.0
16326761553,ROYAL COMMERCE BANK,09/01/2024,CLG-URBAN ESTATES INDIA,0.0,0.0,0.0
16326761553,ROYAL COMMERCE BANK,11/01/2024,CLG-PERSONAL CARE LTD,0.0,0.0,0.0
16326761553,ROYAL COMMERCE BANK,11/01/2024,RTGS-ICICR684250472304-DAILY NEEDS LIMITED,0.0,0.0,0.0
16326761553,ROYAL COMMERCE BANK,11/01/2024,Dividend Cr-WEBSTREAM LIMITED-EQUITY SHARES,0.0,0.0,0.0
16326761553,ROYAL COMMERCE BANK,12/01/2024,RTGS-ICICR634842845033-Paresh Trivedi,0.0,0.0,0.0
16326761553,ROYAL COMMERCE BANK,13/01/2024,NEFT-588572082448-PERSONAL CARE LTD,0.0,0.0,0.0
16326761553,ROYAL COMMERCE BANK,13/01/2024,CASH DEPOSIT-Jayesh Parekh,0.0,0.0,0.0
16326761553,ROYAL COMMERCE BANK,13/01/2024,IMPS-491353123461-CODEBASE SOLUTIONS,0.0,0.0,0.0
16326761553,ROYAL COMMERCE BANK,15/01/2024,CASH DEPOSIT-Hitesh Parekh,0.0,0.0,0.0
16326761553,ROYAL COMMERCE BANK,15/01/2024,IMPS-647083572897-Jayesh Modi,0.0,0.0,0.0
16326761553,ROYAL COMMERCE BANK,16/01/2024,IMPS-718788418304-SUPPLY CHAIN CORP,0.0,0.0,0.0
16326761553,ROYAL COMMERCE BANK,16/01/2024,UPI/DR/184306601032/Bhavesh Amin/7485174108@pay,0.0,0.0,0.0
16326761553,ROYAL COMMERCE BANK,16/01/2024,NEFT-399633861180-Hitesh Modi,0.0,0.0,0.0
16326761553,ROYAL COMMERCE BANK,17/01/2024,RTGS-ICICR633683453794-GATEWAY PROJECTS LTD,0.0,0.0,0.0
16326761553,ROYAL COMMERCE BANK,17/01/2024,CHQ PAID-Paresh Trivedi-MICR,0.0,0.0,0.0
16326761553,ROYAL COMMERCE BANK,17/01/2024,RTGS-ICICR379849288094-Mehul Modi,0.0,0.0,0.0
16326761553,ROYAL COMMERCE BANK,17/01/2024,CLG-SUPPLY CHAIN CORP,0.0,0.0,0.0
16326761553,ROYAL COMMERCE BANK,17/01/2024,CHQ PAID-Nilesh Vora-MICR,0.0,0.0,0.0
16326761553,ROYAL COMMERCE BANK,17/01/2024,NEFT-198109363100-RETAIL SOLUTIONS INDIA,0.0,0.0,0.0
16326761553,ROYAL COMMERCE BANK,18/01/2024,NEFT-477440779272-CARGO SOLUTIONS LTD,0.0,0.0,0.0
16326761553,ROYAL COMMERCE BANK,18/01/2024,NEFT-946877163387-MEDCARE LABORATORIES,0.0,0.0,0.0
16326761553,ROYAL COMMERCE BANK,19/01/2024,NEFT-862588613761-CONSTRUCTION SOLUTIONS LTD,0.0,0.0,0.0
16326761553,ROYAL COMMERCE BANK,20/01/2024,CASH DEPOSIT-Jayesh Shah,0.0,0.0,0.0
16326761553,ROYAL COMMERCE BANK,20/01/2024,ATM WDL-69495,0.0,0.0,0.0
16326761553,ROYAL COMMERCE BANK,20/01/2024,NEFT Dr-138818897116-GST PAYMENT-GSTIN 61C2033,0.0,0.0,0.0
16326761553,ROYAL COMMERCE BANK,20/01/2024,IMPS-640088321435-WEBSTREAM LIMITED,0.0,0.0,0.0
16326761553,ROYAL COMMERCE BANK,23/01/2024,RTGS-ICICR562620531863-Mehul Vora,0.0,0.0,0.0
16326761553,ROYAL COMMERCE BANK,23/01/2024,CASH WITHDRAWAL-Ketan Patel,0.0,0.0,0.0
16326761553,ROYAL COMMERCE BANK,23/01/2024,IMPS-851425028770-PRECISION ENGINEERING WORKS,0.0,0.0,0.0
16326761553,ROYAL COMMERCE BANK,23/01/2024,NEFT-441211447519-LOAN DISBURSEMENT-NETPULSE SYSTEMS,0.0,0.0,0.0
16326761553,ROYAL COMMERCE BANK,23/01/2024,IMPS-356943310859-Hitesh Patel,0.0,0.0,0.0
16326761553,ROYAL COMMERCE BANK,23/01/2024,NEFT-333062516134-Nilesh Amin,0.0,0.0,0.0
16326761553,ROYAL COMMERCE BANK,23/01/2024,ATM WDL-75649,0.0,0.0,0.0
16326761553,ROYAL COMMERCE BANK,24/01/2024,CHQ PAID-Hitesh Amin-MICR,0.0,0.0,0.0
16326761553,ROYAL COMMERCE BANK,24/01/2024,CLG-MOTOR INDUSTRIES LTD,0.0,0.0,0.0
16326761553,ROYAL COMMERCE BANK,24/01/2024,NEFT-901425021010-Jayesh Desai,0.0,0.0,0.0
16326761553,ROYAL COMMERCE BANK,27/01/2024,NEFT-840652233454-Ketan Trivedi,0.0,0.0,0.0
16326761553,ROYAL COMMERCE BANK,27/01/2024,NEFT-293716862528-PREMIUM PROPERTIES LTD,0.0,0.0,0.0
16326761553,ROYAL COMMERCE BANK,27/01/2024,ATM WDL-45451,0.0,0.0,0.0
16326761553,ROYAL COMMERCE BANK,30/01/2024,NEFT-334267475360-Nisha Shah,0.0,0.0,0.0
16326761553,ROYAL COMMERCE BANK,30/01/2024,UPI/DR/658073462866/Nisha Vora/7759685470@pay,0.0,0.0,0.0
16326761553,ROYAL COMMERCE BANK,30/01/2024,NEFT-354867933885-Nilesh Desai,0.0,0.0,0.0
16326761553,ROYAL COMMERCE BANK,31/01/2024,IMPS-230932333998-Jayesh Shah,0.0,0.0,0.0
16326761553,ROYAL COMMERCE BANK,31/01/2024,CLG-AUTOMOTIVE PARTS CORP,0.0,0.0,0.0
16326761553,ROYAL COMMERCE BANK,01/02/2024,CHQ PAID-Ketan Vora-MICR,0.0,0.0,0.0
16326761553,ROYAL COMMERCE BANK,01/02/2024,UPI/DR/206545205485/Bhavesh Patel/7427458654@pay,0.0,0.0,0.0
16326761553,ROYAL COMMERCE BANK,02/02/2024,NEFT-621666365394-HIGHWAY DEVELOPERS INDIA,0.0,0.0,0.0
16326761553,ROYAL COMMERCE BANK,02/02/2024,RTGS-ICICR469170588297-Hitesh Vora,0.0,0.0,0.0
16326761553,ROYAL COMMERCE BANK,03/02/2024,IMPS-985393496928-FOOD INDUSTRIES CORP,0.0,0.0,0.0
16326761553,ROYAL COMMERCE BANK,03/02/2024,NEFT-251832491131-Paresh Modi,0.0,0.0,0.0
16326761553,ROYAL COMMERCE BANK,03/02/2024,IMPS-442511774027-CARGO SOLUTIONS LTD,0.0,0.0,0.0
16326761553,ROYAL COMMERCE BANK,05/02/2024,NEFT Dr-423119287539-RENT PAYMENT-MONTHLY RENT,0.0,0.0,0.0
16326761553,ROYAL COMMERCE BANK,05/02/2024,CLG-LIFELINE PHARMACEUTICAL,0.0,0.0,0.0
16326761553,ROYAL COMMERCE BANK,05/02/2024,CHQ PAID-Mehul Shah-MICR,0.0,0.0,0.0
16326761553,ROYAL COMMERCE BANK,06/02/2024,UPI/CR/803559404563/Nilesh Patel/6131650549@pay,0.0,0.0,0.0
16326761553,ROYAL COMMERCE BANK,08/02/2024,CHQ PAID-Ketan Amin-MICR,0.0,0.0,0.0
16326761553,ROYAL COMMERCE BANK,08/02/2024,ATM WDL-90031,0.0,0.0,0.0
16326761553,ROYAL COMMERCE BANK,09/02/2024,NEFT-538687791142-INDUSTRIAL COMPONENTS INDIA,0.0,0.0,0.0
16326761553,ROYAL COMMERCE BANK,10/02/2024,IMPS-343368858844-EXPRESS LOGISTICS INDIA,0.0,0.0,0.0
16326761553,ROYAL COMMERCE BANK,12/02/2024,REVERSAL-IMPS-343368858844-EXPRESS LOGISTICS INDIA,0.0,0.0,0.0
16326761553,ROYAL COMMERCE BANK,12/02/2024,CHQ PAID-Nisha Parekh-MICR,0.0,0.0,0.0
16326761553,ROYAL COMMERCE BANK,12/02/2024,CHQ PAID-Bhavesh Parekh-MICR,0.0,0.0,0.0
16326761553,ROYAL COMMERCE BANK,13/02/2024,UPI/CR/448230144073/Nisha Shah/8040976133@pay,0.0,0.0,0.0
16326761553,ROYAL COMMERCE BANK,13/02/2024,RTGS-ICICR893532922165-Jayesh Parekh,0.0,0.0,0.0
16326761553,ROYAL COMMERCE BANK,13/02/2024,NEFT-740405256558-GST PAYMENT-GSTIN,0.0,0.0,0.0
16326761553,ROYAL COMMERCE BANK,14/02/2024,CASH DEPOSIT-Hitesh Trivedi,0.0,0.0,0.0
16326761553,ROYAL COMMERCE BANK,14/02/2024,CLG-CONSUMER PRODUCTS INDIA,0.0,0.0,0.0
16326761553,ROYAL COMMERCE BANK,14/02/2024,IMPS-338094959008-COTTON MILLS CORP,0.0,0.0,0.0
16326761553,ROYAL COMMERCE BANK,15/02/2024,NEFT-641149237446-Nisha Amin,0.0,0.0,0.0
16326761553,ROYAL COMMERCE BANK,15/02/2024,CASH DEPOSIT-Paresh Trivedi,0.0,0.0,0.0
16326761553,ROYAL COMMERCE BANK,15/02/2024,NEFT-359936577853-PREMIUM PROPERTIES LTD,0.0,0.0,0.0
16326761553,ROYAL COMMERCE BANK,15/02/2024,UPI/DR/982698824057/Nilesh Patel/7823940950@pay,0.0,0.0,0.0
16326761553,ROYAL COMMERCE BANK,19/02/2024,UPI/CR/810389472462/Mehul Patel/9594517218@pay,0.0,0.0,0.0
16326761553,ROYAL COMMERCE BANK,20/02/2024,NEFT-468379080544-DATABRIDGE INFOTECH,0.0,0.0,0.0
16326761553,ROYAL COMMERCE BANK,20/02/2024,NEFT Dr-335064099574-GST PAYMENT-GSTIN 97C9693,0.0,0.0,0.0
16326761553,ROYAL COMMERCE BANK,20/02/2024,NEFT-942143513086-CODEBASE SOLUTIONS,0.0,0.0,0.0
16326761553,ROYAL COMMERCE BANK,21/02/2024,CHQ PAID-Nilesh Patel-MICR,0.0,0.0,0.0
16326761553,ROYAL COMMERCE BANK,21/02/2024,IMPS-729690389555-Ketan Patel,0.0,0.0,0.0
16326761553,ROYAL COMMERCE BANK,21/02/2024,FAILED-INSUFFICIENT FUNDS-UPI/DR/517272524602/Hitesh Parekh/9205811705@pay,0.0,0.0,0.0
16326761553,ROYAL COMMERCE BANK,23/02/2024,UPI/CR/869713979184/Hitesh Parekh/8180675020@pay,0.0,0.0,0.0
16326761553,ROYAL COMMERCE BANK,23/02/2024,RTGS-ICICR498970151531-MEDCARE LABORATORIES,0.0,0.0,0.0
16326761553,ROYAL COMMERCE BANK,23/02/2024,UPI/CR/567941713519/Paresh Desai/8312224459@pay,0.0,0.0,0.0
16326761553,ROYAL COMMERCE BANK,24/02/2024,NEFT-886377305339-GATEWAY PROJECTS LTD,0.0,0.0,0.0
16326761553,ROYAL COMMERCE BANK,24/02/2024,NEFT-623295205480-Jayesh Shah,0.0,0.0,0.0
16326761553,ROYAL COMMERCE BANK,26/02/2024,RTGS-ICICR640135830848-CARGO SOLUTIONS LTD,0.0,0.0,0.0
16326761553,ROYAL COMMERCE BANK,26/02/2024,NEFT-537971257886-PREMIUM PROPERTIES LTD,0.0,0.0,0.0
16326761553,ROYAL COMMERCE BANK,27/02/2024,IMPS-363179563101-Mehul Trivedi,0.0,0.0,0.0
16326761553,ROYAL COMMERCE BANK,27/02/2024,IMPS-555284340150-Jayesh Trivedi,0.0,0.0,0.0
16326761553,ROYAL COMMERCE BANK,27/02/2024,ATM WDL-26305,0.0,0.0,0.0
16326761553,ROYAL COMMERCE BANK,28/02/2024,CHQ PAID-Nilesh Parekh-MICR,0.0,0.0,0.0
16326761553,ROYAL COMMERCE BANK,28/02/2024,NEFT-548106009125-Nisha Desai,0.0,0.0,0.0
16326761553,ROYAL COMMERCE BANK,28/02/2024,Service Charges-SMS Alert Charges,0.0,0.0,0.0
16326761553,ROYAL COMMERCE BANK,28/02/2024,Service Charges-Cheque Book Charges,0.0,0.0,0.0
16326761553,ROYAL COMMERCE BANK,29/02/2024,REVERSAL-NEFT-537971257886-PREMIUM PROPERTIES LTD,0.0,0.0,0.0
16326761553,ROYAL COMMERCE BANK,29/02/2024,UPI/DR/103959376909/Nisha Parekh/6938396316@pay,0.0,0.0,0.0
16326761553,ROYAL COMMERCE BANK,29/02/2024,IMPS-425805675442-Paresh Patel,0.0,0.0,0.0
16326761553,ROYAL COMMERCE BANK,01/03/2024,SERVICE CHARGES-Foreign Currency Markup,0.0,0.0,0.0
16326761553,ROYAL COMMERCE BANK,01/03/2024,RTGS-ICICR461021222499-SUPPLY CHAIN CORP,0.0,0.0,0.0
16326761553,ROYAL COMMERCE BANK,02/03/2024,IMPS-919707871533-Nisha Modi,0.0,0.0,0.0
16326761553,ROYAL COMMERCE BANK,02/03/2024,NEFT-771290329583-Jayesh Desai,0.0,0.0,0.0
16326761553,ROYAL COMMERCE BANK,05/03/2024,NEFT Dr-593339963198-RENT PAYMENT-MONTHLY RENT,0.0,0.0,0.0
16326761553,ROYAL COMMERCE BANK,06/03/2024,CHQ PAID-Nilesh Vora-MICR,0.0,0.0,0.0
16326761553,ROYAL COMMERCE BANK,06/03/2024,NEFT-753519944125-CYBERCRAFT SYSTEMS,0.0,0.0,0.0
16326761553,ROYAL COMMERCE BANK,06/03/2024,NEFT-365467755618-DAILY NEEDS LIMITED,0.0,0.0,0.0
16326761553,ROYAL COMMERCE BANK,06/03/2024,ATM WDL-85440,0.0,0.0,0.0
16326761553,ROYAL COMMERCE BANK,11/03/2024,NEFT-826557487005-Ketan Desai,0.0,0.0,0.0
16326761553,ROYAL COMMERCE BANK,11/03/2024,IMPS-716393986836-GATEWAY PROJECTS LTD,0.0,0.0,0.0
16326761553,ROYAL COMMERCE BANK,11/03/2024,IMPS-702251166138-Jayesh Parekh,0.0,0.0,0.0
16326761553,ROYAL COMMERCE BANK,11/03/2024,CLG-CREDIT SERVICES LTD,0.0,0.0,0.0
16326761553,ROYAL COMMERCE BANK,11/03/2024,RTGS-ICICR662956215012-LIFELINE PHARMACEUTICAL,0.0,0.0,0.0
16326761553,ROYAL COMMERCE BANK,12/03/2024,CHQ PAID-Nisha Modi-MICR,0.0,0.0,0.0
16326761553,ROYAL COMMERCE BANK,12/03/2024,IMPS-994278689404-DAILY NEEDS LIMITED,0.0,0.0,0.0
16326761553,ROYAL COMMERCE BANK,13/03/2024,IMPS-197785896908-DAILY NEEDS LIMITED,0.0,0.0,0.0
16326761553,ROYAL COMMERCE BANK,15/03/2024,CASH WITHDRAWAL-Mehul Trivedi,0.0,0.0,0.0
16326761553,ROYAL COMMERCE BANK,15/03/2024,NEFT-528913229292-MOTOR INDUSTRIES LTD,0.0,0.0,0.0
16326761553,ROYAL COMMERCE BANK,15/03/2024,NEFT-395096972853-CARGO SOLUTIONS LTD,0.0,0.0,0.0
16326761553,ROYAL COMMERCE BANK,16/03/2024,CHQ PAID-Bhavesh Parekh-MICR,0.0,0.0,0.0
16326761553,ROYAL COMMERCE BANK,18/03/2024,IMPS-634768108616-NETFORGE TECHNOLOGIES,0.0,0.0,0.0
16326761553,ROYAL COMMERCE BANK,19/03/2024,CHQ PAID-Bhavesh Patel-MICR,0.0,0.0,0.0
16326761553,ROYAL COMMERCE BANK,19/03/2024,CASH WITHDRAWAL-Hitesh Amin,0.0,0.0,0.0
16326761553,ROYAL COMMERCE BANK,19/03/2024,CASH WITHDRAWAL-Mehul Modi,0.0,0.0,0.0
16326761553,ROYAL COMMERCE BANK,19/03/2024,NEFT-938081270822-Ketan Desai,0.0,0.0,0.0
16326761553,ROYAL COMMERCE BANK,20/03/2024,UPI/DR/618450661369/Jayesh Desai/6388270512@pay,0.0,0.0,0.0
16326761553,ROYAL COMMERCE BANK,20/03/2024,IMPS-560821856209-CONSUMER PRODUCTS INDIA,0.0,0.0,0.0
16326761553,ROYAL COMMERCE BANK,20/03/2024,NEFT Dr-615284017760-GST PAYMENT-GSTIN 49D1251,0.0,0.0,0.0
16326761553,ROYAL COMMERCE BANK,21/03/2024,NEFT-134671264153-CREDIT SERVICES LTD,0.0,0.0,0.0
16326761553,ROYAL COMMERCE BANK,22/03/2024,IMPS-274920078772-DIGITAL SOLUTIONS INDIA,0.0,0.0,0.0
16326761553,ROYAL COMMERCE BANK,22/03/2024,IMPS-196955806782-Paresh Shah,0.0,0.0,0.0
16326761553,ROYAL COMMERCE BANK,23/03/2024,ATM WDL-11282,0.0,0.0,0.0
16326761553,ROYAL COMMERCE BANK,23/03/2024,IMPS-917993530443-CYBERCRAFT SYSTEMS,0.0,0.0,0.0
16326761553,ROYAL COMMERCE BANK,26/03/2024,NEFT-340741246026-METROPOLITAN BUILDERS,0.0,0.0,0.0
16326761553,ROYAL COMMERCE BANK,28/03/2024,NEFT-857326200839-Jayesh Shah,0.0,0.0,0.0
16326761553,ROYAL COMMERCE BANK,28/03/2024,IMPS-240970087775-Jayesh Parekh,0.0,0.0,0.0
16326761553,ROYAL COMMERCE BANK,28/03/2024,RTGS-ICICR237781874007-URBAN CONSTRUCTIONS,0.0,0.0,0.0
16326761553,ROYAL COMMERCE BANK,28/03/2024,Service Charges-Demat Account AMC,0.0,0.0,0.0
16326761553,ROYAL COMMERCE BANK,30/03/2024,CLG-FASHION TEXTILES LTD,0.0,0.0,0.0
16326761553,ROYAL COMMERCE BANK,30/03/2024,UPI/DR/248130516575/Nilesh Patel/8351037509@pay,0.0,0.0,0.0
16326761553,ROYAL COMMERCE BANK,30/03/2024,CHQ PAID-Ketan Parekh-MICR,0.0,0.0,0.0
16326761553,ROYAL COMMERCE BANK,30/03/2024,NEFT-498788645125-FOOD INDUSTRIES CORP,0.0,0.0,0.0
16326761553,ROYAL COMMERCE BANK,30/03/2024,IMPS-713410762865-Nisha Trivedi,0.0,0.0,0.0
16326761553,ROYAL COMMERCE BANK,30/03/2024,IMPS-821261350902-Hitesh Shah,0.0,0.0,0.0
92432539257,HERITAGE BANK LIMITED,01/01/2024,CASH DEPOSIT-Karthik Naidu,0.0,0.0,0.0
92432539257,HERITAGE BANK LIMITED,01/01/2024,IMPS-831191501796-CYBERCRAFT SYSTEMS,0.0,0.0,0.0
92432539257,HERITAGE BANK LIMITED,01/01/2024,CASH WITHDRAWAL-Subramaniam Murthy,0.0,0.0,0.0
92432539257,HERITAGE BANK LIMITED,02/01/2024,REVERSAL-IMPS-831191501796-CYBERCRAFT SYSTEMS,0.0,0.0,0.0
92432539257,HERITAGE BANK LIMITED,03/01/2024,RTGS-ICICR730942900122-Srinivas Iyer,0.0,0.0,0.0
92432539257,HERITAGE BANK LIMITED,03/01/2024,NEFT-923725403680-INFOCORE TECHNOLOGIES,0.0,0.0,0.0
92432539257,HERITAGE BANK LIMITED,03/01/2024,CHQ PAID-Lakshmi Iyer-MICR,0.0,0.0,0.0
92432539257,HERITAGE BANK LIMITED,04/01/2024,Dividend Cr-MINDWAVE CONSULTING-EQUITY SHARES,0.0,0.0,0.0
92432539257,HERITAGE BANK LIMITED,04/01/2024,UPI/CR/574818558933/Srinivas Menon/7511402235@pay,0.0,0.0,0.0
92432539257,HERITAGE BANK LIMITED,05/01/2024,CHQ PAID-Karthik Krishnan-MICR,0.0,0.0,0.0
92432539257,HERITAGE BANK LIMITED,05/01/2024,NEFT Dr-824392677149-RENT PAYMENT-MONTHLY RENT,0.0,0.0,0.0
92432539257,HERITAGE BANK LIMITED,05/01/2024,IMPS-301625284001-GATEWAY PROJECTS LTD,0.0,0.0,0.0
92432539257,HERITAGE BANK LIMITED,05/01/2024,NEFT-619075585902-PREMIUM PROPERTIES LTD,0.0,0.0,0.0
92432539257,HERITAGE BANK LIMITED,06/01/2024,NEFT-283986591384-Karthik Reddy,0.0,0.0,0.0
92432539257,HERITAGE BANK LIMITED,08/01/2024,CASH DEPOSIT-Srinivas Naidu,0.0,0.0,0.0
92432539257,HERITAGE BANK LIMITED,08/01/2024,NEFT Dr-770521298402-CLOUD SUBSCRIPTION,0.0,0.0,0.0
92432539257,HERITAGE BANK LIMITED,08/01/2024,CASH WITHDRAWAL-Srinivas Rao,0.0,0.0,0.0
92432539257,HERITAGE BANK LIMITED,08/01/2024,Dividend Cr-INFOCORE TECHNOLOGIES-EQUITY SHARES,0.0,0.0,0.0
92432539257,HERITAGE BANK LIMITED,09/01/2024,RTGS-ICICR740784081288-INFOCORE TECHNOLOGIES,0.0,0.0,0.0
92432539257,HERITAGE BANK LIMITED,09/01/2024,UPI/CR/267763601452/Lakshmi Murthy/9575145015@pay,0.0,0.0,0.0
92432539257,HERITAGE BANK LIMITED,10/01/2024,CASH DEPOSIT-Anitha Pillai,0.0,0.0,0.0
92432539257,HERITAGE BANK LIMITED,10/01/2024,CHQ PAID-Venkatesh Iyer-MICR,0.0,0.0,0.0
92432539257,HERITAGE BANK LIMITED,10/01/2024,CASH DEPOSIT-Ramesh Nair,0.0,0.0,0.0
92432539257,HERITAGE BANK LIMITED,11/01/2024,NEFT-552191364389-Ganesh Iyer,0.0,0.0,0.0
92432539257,HERITAGE BANK LIMITED,12/01/2024,Dividend Cr-HEALTHPLUS PHARMA LTD-EQUITY SHARES,0.0,0.0,0.0
92432539257,HERITAGE BANK LIMITED,12/01/2024,NEFT-421377101461-Karthik Nair,0.0,0.0,0.0
92432539257,HERITAGE BANK LIMITED,12/01/2024,NEFT-702890744142-Lakshmi Nair,0.0,0.0,0.0
92432539257,HERITAGE BANK LIMITED,12/01/2024,IMPS-853407242396-FOOD INDUSTRIES CORP,0.0,0.0,0.0
92432539257,HERITAGE BANK LIMITED,12/01/2024,RTGS-ICICR560177359101-Venkatesh Pillai,0.0,0.0,0.0
92432539257,HERITAGE BANK LIMITED,12/01/2024,NEFT-981174119679-SOFTWAVE TECHNOLOGIES,0.0,0.0,0.0
92432539257,HERITAGE BANK LIMITED,13/01/2024,NEFT-744192279177-HEALTHCARE PRODUCTS LTD,0.0,0.0,0.0
92432539257,HERITAGE BANK LIMITED,13/01/2024,CLG-CLOUDTECH SERVICES,0.0,0.0,0.0
92432539257,HERITAGE BANK LIMITED,13/01/2024,CASH DEPOSIT-Anitha Murthy,0.0,0.0,0.0
92432539257,HERITAGE BANK LIMITED,16/01/2024,ATM WDL-14995,0.0,0.0,0.0
92432539257,HERITAGE BANK LIMITED,16/01/2024,NEFT Dr-226040102627-INSURANCE SUBSCRIPTION,0.0,0.0,0.0
92432539257,HERITAGE BANK LIMITED,16/01/2024,ATM WDL-61534,0.0,0.0,0.0
92432539257,HERITAGE BANK LIMITED,16/01/2024,UPI/CR/424895953137/Subramaniam Menon/8713575234@pay,0.0,0.0,0.0
92432539257,HERITAGE BANK LIMITED,17/01/2024,IMPS-132188390278-Anitha Krishnan,0.0,0.0,0.0
92432539257,HERITAGE BANK LIMITED,17/01/2024,SERVICE CHARGES-SMS Alert Charges,0.0,0.0,0.0
92432539257,HERITAGE BANK LIMITED,18/01/2024,NEFT Dr-889466114864-INSURANCE SUBSCRIPTION,0.0,0.0,0.0
92432539257,HERITAGE BANK LIMITED,19/01/2024,CLG-MEDCARE LABORATORIES,0.0,0.0,0.0
92432539257,HERITAGE BANK LIMITED,19/01/2024,CHQ PAID-Ramesh Pillai-MICR,0.0,0.0,0.0
92432539257,HERITAGE BANK LIMITED,19/01/2024,CASH DEPOSIT-Venkatesh Iyer,0.0,0.0,0.0
92432539257,HERITAGE BANK LIMITED,19/01/2024,NEFT-354816945477-CYBERCRAFT SYSTEMS,0.0,0.0,0.0
92432539257,HERITAGE BANK LIMITED,20/01/2024,NEFT-710543601927-NETFORGE TECHNOLOGIES,0.0,0.0,0.0
92432539257,HERITAGE BANK LIMITED,20/01/2024,Dividend Cr-SUPPLY CHAIN CORP-EQUITY SHARES,0.0,0.0,0.0
92432539257,HERITAGE BANK LIMITED,20/01/2024,CASH WITHDRAWAL-Kavitha Iyer,0.0,0.0,0.0
92432539257,HERITAGE BANK LIMITED,22/01/2024,CLG-SUPPLY CHAIN CORP,0.0,0.0,0.0
92432539257,HERITAGE BANK LIMITED,22/01/2024,ATM WDL-95782,0.0,0.0,0.0
92432539257,HERITAGE BANK LIMITED,23/01/2024,CLG-FOOD INDUSTRIES CORP,0.0,0.0,0.0
92432539257,HERITAGE BANK LIMITED,25/01/2024,RTGS-ICICR692992692554-Subramaniam Reddy,0.0,0.0,0.0
92432539257,HERITAGE BANK LIMITED,27/01/2024,IMPS-723204435561-Anitha Murthy,0.0,0.0,0.0
92432539257,HERITAGE BANK LIMITED,27/01/2024,NEFT-368100457720-CLOUDTECH SERVICES,0.0,0.0,0.0
92432539257,HERITAGE BANK LIMITED,29/01/2024,RTGS-ICICR925578875400-Lakshmi Krishnan,0.0,0.0,0.0
92432539257,HERITAGE BANK LIMITED,29/01/2024,UPI/CR/940981027522/Karthik Iyer/7153946496@pay,0.0,0.0,0.0
92432539257,HERITAGE BANK LIMITED,29/01/2024,IMPS-342965809914-FINANCE SOLUTIONS INDIA,0.0,0.0,0.0
92432539257,HERITAGE BANK LIMITED,29/01/2024,NEFT-774999606993-NETFORGE TECHNOLOGIES,0.0,0.0,0.0
92432539257,HERITAGE BANK LIMITED,30/01/2024,RTGS-ICICR463245000305-MOTOR INDUSTRIES LTD,0.0,0.0,0.0
92432539257,HERITAGE BANK LIMITED,30/01/2024,IMPS-499591672219-Ramesh Reddy,0.0,0.0,0.0
92432539257,HERITAGE BANK LIMITED,31/01/2024,CASH WITHDRAWAL-Ramesh Reddy,0.0,0.0,0.0
92432539257,HERITAGE BANK LIMITED,31/01/2024,FAILED-INSUFFICIENT FUNDS-NEFT-665004052817-GST PAYMENT-GSTIN,0.0,0.0,0.0
92432539257,HERITAGE BANK LIMITED,01/02/2024,IMPS-586885222960-CONSUMER PRODUCTS INDIA,0.0,0.0,0.0
92432539257,HERITAGE BANK LIMITED,01/02/2024,UPI/CR/856355318618/Lakshmi Reddy/6479913517@pay,0.0,0.0,0.0
92432539257,HERITAGE BANK LIMITED,01/02/2024,IMPS-164500347826-PERSONAL CARE LTD,0.0,0.0,0.0
92432539257,HERITAGE BANK LIMITED,02/02/2024,CLG-REALTY VENTURES LTD,0.0,0.0,0.0
92432539257,HERITAGE BANK LIMITED,02/02/2024,CLG-CYBERCRAFT SYSTEMS,0.0,0.0,0.0
92432539257,HERITAGE BANK LIMITED,03/02/2024,IMPS-837031731912-Priya Menon,0.0,0.0,0.0
92432539257,HERITAGE BANK LIMITED,05/02/2024,NEFT Dr-416777147659-RENT PAYMENT-MONTHLY RENT,0.0,0.0,0.0
92432539257,HERITAGE BANK LIMITED,05/02/2024,UPI/DR/670577540927/Lakshmi Reddy/8869097831@pay,0.0,0.0,0.0
92432539257,HERITAGE BANK LIMITED,05/02/2024,CLG-CONSUMER PRODUCTS INDIA,0.0,0.0,0.0
92432539257,HERITAGE BANK LIMITED,05/02/2024,IMPS-866804987715-THERMAL SYSTEMS LTD,0.0,0.0,0.0
92432539257,HERITAGE BANK LIMITED,06/02/2024,NEFT-630965014262-Lakshmi Pillai,0.0,0.0,0.0
92432539257,HERITAGE BANK LIMITED,07/02/2024,CHQ PAID-Karthik Reddy-MICR,0.0,0.0,0.0
92432539257,HERITAGE BANK LIMITED,07/02/2024,CHQ PAID-Priya Krishnan-MICR,0.0,0.0,0.0
92432539257,HERITAGE BANK LIMITED,07/02/2024,UPI/CR/358264653195/Kavitha Krishnan/6771571887@pay,0.0,0.0,0.0
92432539257,HERITAGE BANK LIMITED,08/02/2024,NEFT Dr-203876225599-SOFTWARE SUBSCRIPTION,0.0,0.0,0.0
92432539257,HERITAGE BANK LIMITED,08/02/2024,ATM WDL-23191,0.0,0.0,0.0
92432539257,HERITAGE BANK LIMITED,09/02/2024,NEFT-616849450370-AUTOMOTIVE PARTS CORP,0.0,0.0,0.0
92432539257,HERITAGE BANK LIMITED,09/02/2024,UPI/DR/133655528014/Karthik Naidu/8165117222@pay,0.0,0.0,0.0
92432539257,HERITAGE BANK LIMITED,09/02/2024,CHQ PAID-Anitha Murthy-MICR,0.0,0.0,0.0
92432539257,HERITAGE BANK LIMITED,09/02/2024,UPI/CR/861246133697/Ramesh Reddy/9888548585@pay,0.0,0.0,0.0
92432539257,HERITAGE BANK LIMITED,09/02/2024,CLG-FOOD INDUSTRIES CORP,0.0,0.0,0.0
92432539257,HERITAGE BANK LIMITED,09/02/2024,NEFT-180204171243-GST PAYMENT-GSTIN,0.0,0.0,0.0
92432539257,HERITAGE BANK LIMITED,10/02/2024,ATM WDL-87906,0.0,0.0,0.0
92432539257,HERITAGE BANK LIMITED,10/02/2024,CLG-AUTOMOTIVE PARTS CORP,0.0,0.0,0.0
92432539257,HERITAGE BANK LIMITED,12/02/2024,UPI/DR/185600796355/Srinivas Iyer/6947215281@pay,0.0,0.0,0.0
92432539257,HERITAGE BANK LIMITED,12/02/2024,REVERSAL-UPI/CR/861246133697/Ramesh Reddy/9888548585@pay,0.0,0.0,0.0
92432539257,HERITAGE BANK LIMITED,12/02/2024,IMPS-642042514906-CLOUDTECH SERVICES,0.0,0.0,0.0
92432539257,HERITAGE BANK LIMITED,13/02/2024,IMPS-747182837944-Karthik Reddy,0.0,0.0,0.0
92432539257,HERITAGE BANK LIMITED,13/02/2024,RTGS-ICICR830625449662-Priya Krishnan,0.0,0.0,0.0
92432539257,HERITAGE BANK LIMITED,13/02/2024,RTGS-ICICR545084851489-COTTON MILLS CORP,0.0,0.0,0.0
92432539257,HERITAGE BANK LIMITED,13/02/2024,NEFT-112997385448-INFOCORE TECHNOLOGIES,0.0,0.0,0.0
92432539257,HERITAGE BANK LIMITED,14/02/2024,IMPS-472486872186-HIGHWAY DEVELOPERS INDIA,0.0,0.0,0.0
92432539257,HERITAGE BANK LIMITED,14/02/2024,IMPS-123440162028-FOOD INDUSTRIES CORP,0.0,0.0,0.0
92432539257,HERITAGE BANK LIMITED,14/02/2024,IMPS-868973893024-CAPITAL VENTURES INDIA,0.0,0.0,0.0
92432539257,HERITAGE BANK LIMITED,14/02/2024,RTGS-ICICR137985819104-WELLNESS BRANDS INDIA,0.0,0.0,0.0
92432539257,HERITAGE BANK LIMITED,15/02/2024,NEFT-303343272012-CARGO SOLUTIONS LTD,0.0,0.0,0.0
92432539257,HERITAGE BANK LIMITED,15/02/2024,CHQ PAID-Venkatesh Krishnan-MICR,0.0,0.0,0.0
92432539257,HERITAGE BANK LIMITED,16/02/2024,NEFT-914657159662-Srinivas Rao,0.0,0.0,0.0
92432539257,HERITAGE BANK LIMITED,16/02/2024,NEFT Dr-271025474626-CLOUD SUBSCRIPTION,0.0,0.0,0.0
92432539257,HERITAGE BANK LIMITED,16/02/2024,CASH DEPOSIT-Venkatesh Pillai,0.0,0.0,0.0
92432539257,HERITAGE BANK LIMITED,17/02/2024,CASH WITHDRAWAL-Anitha Murthy,0.0,0.0,0.0
92432539257,HERITAGE BANK LIMITED,17/02/2024,IMPS-502653213927-SOFTWAVE TECHNOLOGIES,0.0,0.0,0.0
92432539257,HERITAGE BANK LIMITED,19/02/2024,NEFT-640692763391-Priya Nair,0.0,0.0,0.0
92432539257,HERITAGE BANK LIMITED,20/02/2024,IMPS-562426377267-URBAN ESTATES INDIA,0.0,0.0,0.0
92432539257,HERITAGE BANK LIMITED,21/02/2024,UPI/DR/855003156954/Anitha Reddy/8718757908@pay,0.0,0.0,0.0
92432539257,HERITAGE BANK LIMITED,22/02/2024,NEFT-793833086801-CLOUDTECH SERVICES,0.0,0.0,0.0
92432539257,HERITAGE BANK LIMITED,22/02/2024,CHQ PAID-Ganesh Murthy-MICR,0.0,0.0,0.0
92432539257,HERITAGE BANK LIMITED,23/02/2024,UPI/CR/131551859910/Lakshmi Pillai/6266436860@pay,0.0,0.0,0.0
92432539257,HERITAGE BANK LIMITED,24/02/2024,UPI/DR/383924404858/Anitha Pillai/7067343242@pay,0.0,0.0,0.0
92432539257,HERITAGE BANK LIMITED,26/02/2024,CLG-CLOUDTECH SERVICES,0.0,0.0,0.0
92432539257,HERITAGE BANK LIMITED,26/02/2024,CLG-EXPRESS LOGISTICS INDIA,0.0,0.0,0.0
92432539257,HERITAGE BANK LIMITED,27/02/2024,UPI/CR/987679022644/Venkatesh Menon/7023744564@pay,0.0,0.0,0.0
92432539257,HERITAGE BANK LIMITED,27/02/2024,IMPS-953142668989-Kavitha Nair,0.0,0.0,0.0
92432539257,HERITAGE BANK LIMITED,28/02/2024,ATM WDL-94302,0.0,0.0,0.0
92432539257,HERITAGE BANK LIMITED,28/02/2024,CLG-WELLNESS BRANDS INDIA,0.0,0.0,0.0
92432539257,HERITAGE BANK LIMITED,28/02/2024,CLG-FOOD INDUSTRIES CORP,0.0,0.0,0.0
92432539257,HERITAGE BANK LIMITED,28/02/2024,Service Charges-Demat Account AMC,0.0,0.0,0.0
92432539257,HERITAGE BANK LIMITED,29/02/2024,IMPS-369803430140-EXPRESS LOGISTICS INDIA,0.0,0.0,0.0
92432539257,HERITAGE BANK LIMITED,29/02/2024,NEFT-522899577354-Srinivas Rao,0.0,0.0,0.0
92432539257,HERITAGE BANK LIMITED,01/03/2024,CLG-INDUSTRIAL COMPONENTS INDIA,0.0,0.0,0.0
92432539257,HERITAGE BANK LIMITED,01/03/2024,UPI/DR/199433799071/Venkatesh Naidu/6254509409@pay,0.0,0.0,0.0
92432539257,HERITAGE BANK LIMITED,02/03/2024,UPI/DR/903541005266/Kavitha Iyer/6033205626@pay,0.0,0.0,0.0
92432539257,HERITAGE BANK LIMITED,02/03/2024,NEFT-194949152984-SUPPLY CHAIN CORP,0.0,0.0,0.0
92432539257,HERITAGE BANK LIMITED,02/03/2024,CLG-PREMIUM INFRASTRUCTURE,0.0,0.0,0.0
92432539257,HERITAGE BANK LIMITED,05/03/2024,NEFT Dr-235358803454-RENT PAYMENT-MONTHLY RENT,0.0,0.0,0.0
92432539257,HERITAGE BANK LIMITED,05/03/2024,IMPS-103675321121-Karthik Rao,0.0,0.0,0.0
92432539257,HERITAGE BANK LIMITED,06/03/2024,CLG-WELLNESS BRANDS INDIA,0.0,0.0,0.0
92432539257,HERITAGE BANK LIMITED,06/03/2024,RTGS-ICICR108099484941-MOTOR INDUSTRIES LTD,0.0,0.0,0.0
92432539257,HERITAGE BANK LIMITED,06/03/2024,CLG-PERSONAL CARE LTD,0.0,0.0,0.0
92432539257,HERITAGE BANK LIMITED,06/03/2024,NEFT-524686946949-FINANCE SOLUTIONS INDIA,0.0,0.0,0.0
92432539257,HERITAGE BANK LIMITED,11/03/2024,NEFT-311798940019-GST PAYMENT-GSTIN,0.0,0.0,0.0
92432539257,HERITAGE BANK LIMITED,11/03/2024,CASH WITHDRAWAL-Venkatesh Rao,0.0,0.0,0.0
92432539257,HERITAGE BANK LIMITED,12/03/2024,NEFT-609111305359-CLOUDTECH SERVICES,0.0,0.0,0.0
92432539257,HERITAGE BANK LIMITED,12/03/2024,UPI/CR/397656350693/Ganesh Reddy/9112303210@pay,0.0,0.0,0.0
92432539257,HERITAGE BANK LIMITED,14/03/2024,UPI/DR/196499862841/Karthik Murthy/7750124676@pay,0.0,0.0,0.0
92432539257,HERITAGE BANK LIMITED,14/03/2024,CLG-INFOCORE TECHNOLOGIES,0.0,0.0,0.0
92432539257,HERITAGE BANK LIMITED,14/03/2024,IMPS-677745617184-Priya Menon,0.0,0.0,0.0
92432539257,HERITAGE BANK LIMITED,15/03/2024,ATM WDL-37339,0.0,0.0,0.0
92432539257,HERITAGE BANK LIMITED,15/03/2024,ATM WDL-55435,0.0,0.0,0.0
92432539257,HERITAGE BANK LIMITED,15/03/2024,RTGS-ICICR532355663164-AUTOMOTIVE PARTS CORP,0.0,0.0,0.0
92432539257,HERITAGE BANK LIMITED,16/03/2024,NEFT Dr-611269096211-INSURANCE SUBSCRIPTION,0.0,0.0,0.0
92432539257,HERITAGE BANK LIMITED,16/03/2024,Dividend Cr-PRECISION ENGINEERING WORKS-EQUITY SHARES,0.0,0.0,0.0
92432539257,HERITAGE BANK LIMITED,18/03/2024,NEFT Dr-386132776241-SOFTWARE SUBSCRIPTION,0.0,0.0,0.0
92432539257,HERITAGE BANK LIMITED,18/03/2024,RTGS-ICICR469852985710-Priya Reddy,0.0,0.0,0.0
92432539257,HERITAGE BANK LIMITED,20/03/2024,CHQ PAID-Srinivas Murthy-MICR,0.0,0.0,0.0
92432539257,HERITAGE BANK LIMITED,20/03/2024,NEFT-416557080747-GST PAYMENT-GSTIN,0.0,0.0,0.0
92432539257,HERITAGE BANK LIMITED,20/03/2024,ATM WDL-69592,0.0,0.0,0.0
92432539257,HERITAGE BANK LIMITED,21/03/2024,UPI/CR/984447696487/Priya Menon/8409401932@pay,0.0,0.0,0.0
92432539257,HERITAGE BANK LIMITED,21/03/2024,NEFT-159521734998-TECHVISION SYSTEMS,0.0,0.0,0.0
92432539257,HERITAGE BANK LIMITED,21/03/2024,CHQ PAID-Srinivas Murthy-MICR,0.0,0.0,0.0
92432539257,HERITAGE BANK LIMITED,22/03/2024,CLG-AUTOMOTIVE PARTS CORP,0.0,0.0,0.0
92432539257,HERITAGE BANK LIMITED,23/03/2024,ATM WDL-82383,0.0,0.0,0.0
92432539257,HERITAGE BANK LIMITED,23/03/2024,RTGS-ICICR829116369361-Anitha Murthy,0.0,0.0,0.0
92432539257,HERITAGE BANK LIMITED,26/03/2024,CASH DEPOSIT-Srinivas Nair,0.0,0.0,0.0
92432539257,HERITAGE BANK LIMITED,27/03/2024,SERVICE CHARGES-SMS Alert Charges,0.0,0.0,0.0
92432539257,HERITAGE BANK LIMITED,28/03/2024,NEFT-124798899335-HOUSING DEVELOPERS CORP,0.0,0.0,0.0
92432539257,HERITAGE BANK LIMITED,28/03/2024,ATM WDL-66696,0.0,0.0,0.0
92432539257,HERITAGE BANK LIMITED,28/03/2024,Service Charges-SMS Alert Charges,0.0,0.0,0.0
92432539257,HERITAGE BANK LIMITED,28/03/2024,Service Charges-Account Maintenance,0.0,0.0,0.0
92432539257,HERITAGE BANK LIMITED,28/03/2024,Service Charges-Cheque Book Charges,0.0,0.0,0.0
92432539257,HERITAGE BANK LIMITED,30/03/2024,ATM WDL-58256,0.0,0.0,0.0
92432539257,HERITAGE BANK LIMITED,30/03/2024,CLG-HIGHWAY DEVELOPERS INDIA,0.0,0.0,0.0
92432539257,HERITAGE BANK LIMITED,30/03/2024,CASH DEPOSIT-Kavitha Menon,0.0,0.0,0.0
92432539257,HERITAGE BANK LIMITED,30/03/2024,NEFT-950161363263-AUTOMOTIVE PARTS CORP,0.0,0.0,0.0
92432539257,HERITAGE BANK LIMITED,30/03/2024,NEFT-515211603672-Kavitha Nair,0.0,0.0,0.0
33812359982,HERITAGE BANK LIMITED,01/01/2024,NEFT-253465624611-FINANCE SOLUTIONS INDIA,0.0,0.0,0.0
33812359982,HERITAGE BANK LIMITED,01/01/2024,NEFT-553420880943-LOAN DISBURSEMENT-PERSONAL CARE LTD,0.0,0.0,0.0
33812359982,HERITAGE BANK LIMITED,01/01/2024,UPI/CR/776411996642/Neha Mehta/7389239558@pay,0.0,0.0,0.0
33812359982,HERITAGE BANK LIMITED,01/01/2024,CHQ PAID-Karan Mehta-MICR,0.0,0.0,0.0
33812359982,HERITAGE BANK LIMITED,03/01/2024,IMPS-943515830050-MEDCARE LABORATORIES,0.0,0.0,0.0
33812359982,HERITAGE BANK LIMITED,05/01/2024,NEFT-994974055706-NETPULSE SYSTEMS,0.0,0.0,0.0
33812359982,HERITAGE BANK LIMITED,06/01/2024,UPI/CR/212725512515/Suresh Mehta/6076954865@pay,0.0,0.0,0.0
33812359982,HERITAGE BANK LIMITED,06/01/2024,CHQ PAID-Kavita Malhotra-MICR,0.0,0.0,0.0
33812359982,HERITAGE BANK LIMITED,06/01/2024,IMPS-344716802014-Kavita Sharma,0.0,0.0,0.0
33812359982,HERITAGE BANK LIMITED,09/01/2024,CASH DEPOSIT-Suresh Sharma,0.0,0.0,0.0
33812359982,HERITAGE BANK LIMITED,09/01/2024,RTGS-ICICR140076049068-MOTOR INDUSTRIES LTD,0.0,0.0,0.0
33812359982,HERITAGE BANK LIMITED,10/01/2024,IMPS-116877628509-Arun Gupta,0.0,0.0,0.0
33812359982,HERITAGE BANK LIMITED,10/01/2024,ATM WDL-49839,0.0,0.0,0.0
33812359982,HERITAGE BANK LIMITED,11/01/2024,NEFT-343942865197-Amit Mehta,0.0,0.0,0.0
33812359982,HERITAGE BANK LIMITED,11/01/2024,ATM WDL-46507,0.0,0.0,0.0
33812359982,HERITAGE BANK LIMITED,11/01/2024,NEFT-872579236160-GST PAYMENT-GSTIN,0.0,0.0,0.0
33812359982,HERITAGE BANK LIMITED,12/01/2024,RTGS-ICICR610068044999-SOFTWAVE TECHNOLOGIES,0.0,0.0,0.0
33812359982,HERITAGE BANK LIMITED,12/01/2024,UPI/DR/799286067357/Vikram Gupta/8133359101@pay,0.0,0.0,0.0
33812359982,HERITAGE BANK LIMITED,12/01/2024,CLG-HEALTHCARE PRODUCTS LTD,0.0,0.0,0.0
33812359982,HERITAGE BANK LIMITED,12/01/2024,RTGS-ICICR857484090592-Priya Malhotra,0.0,0.0,0.0
33812359982,HERITAGE BANK LIMITED,13/01/2024,ATM WDL-29771,0.0,0.0,0.0
33812359982,HERITAGE BANK LIMITED,13/01/2024,CASH DEPOSIT-Rajesh Agarwal,0.0,0.0,0.0
33812359982,HERITAGE BANK LIMITED,13/01/2024,UPI/CR/684257760488/Rajesh Kumar/9271789788@pay,0.0,0.0,0.0
33812359982,HERITAGE BANK LIMITED,15/01/2024,IMPS-870866370536-Rohit Verma,0.0,0.0,0.0
33812359982,HERITAGE BANK LIMITED,15/01/2024,CHQ PAID-Anjali Agarwal-MICR,0.0,0.0,0.0
33812359982,HERITAGE BANK LIMITED,16/01/2024,NEFT-744176487092-CONSUMER PRODUCTS INDIA,0.0,0.0,0.0
33812359982,HERITAGE BANK LIMITED,16/01/2024,CHQ PAID-Anjali Joshi-MICR,0.0,0.0,0.0
33812359982,HERITAGE BANK LIMITED,17/01/2024,CLG-INDUSTRIAL COMPONENTS INDIA,0.0,0.0,0.0
33812359982,HERITAGE BANK LIMITED,17/01/2024,IMPS-534661919253-Rajesh Gupta,0.0,0.0,0.0
33812359982,HERITAGE BANK LIMITED,17/01/2024,UPI/DR/848429686603/Simran Mehta/7344629302@pay,0.0,0.0,0.0
33812359982,HERITAGE BANK LIMITED,17/01/2024,NEFT-994117521214-Karan Kumar,0.0,0.0,0.0
33812359982,HERITAGE BANK LIMITED,18/01/2024,IMPS-942784616443-NETFORGE TECHNOLOGIES,0.0,0.0,0.0
33812359982,HERITAGE BANK LIMITED,18/01/2024,NEFT-128359887773-Simran Verma,0.0,0.0,0.0
33812359982,HERITAGE BANK LIMITED,18/01/2024,UPI/CR/999693012716/Karan Verma/6777646533@pay,0.0,0.0,0.0
33812359982,HERITAGE BANK LIMITED,19/01/2024,NEFT-364785892642-Kavita Gupta,0.0,0.0,0.0
33812359982,HERITAGE BANK LIMITED,19/01/2024,NEFT-371765388751-WELLNESS BRANDS INDIA,0.0,0.0,0.0
33812359982,HERITAGE BANK LIMITED,19/01/2024,UPI/CR/633590188944/Neha Joshi/6092544681@pay,0.0,0.0,0.0
33812359982,HERITAGE BANK LIMITED,20/01/2024,CHQ PAID-Rohit Joshi-MICR,0.0,0.0,0.0
33812359982,HERITAGE BANK LIMITED,20/01/2024,CHQ PAID-Arun Verma-MICR,0.0,0.0,0.0
33812359982,HERITAGE BANK LIMITED,20/01/2024,NEFT Dr-904562059228-GST PAYMENT-GSTIN 54C6641,0.0,0.0,0.0
33812359982,HERITAGE BANK LIMITED,23/01/2024,ATM WDL-65121,0.0,0.0,0.0
33812359982,HERITAGE BANK LIMITED,24/01/2024,NEFT-632002867687-Rohit Kumar,0.0,0.0,0.0
33812359982,HERITAGE BANK LIMITED,25/01/2024,NEFT-201853771895-METROPOLITAN BUILDERS,0.0,0.0,0.0
33812359982,HERITAGE BANK LIMITED,25/01/2024,IMPS-371086240553-CREDIT SERVICES LTD,0.0,0.0,0.0
33812359982,HERITAGE BANK LIMITED,29/01/2024,IMPS-785579862449-Vikram Sharma,0.0,0.0,0.0
33812359982,HERITAGE BANK LIMITED,29/01/2024,CLG-PREMIUM PROPERTIES LTD,0.0,0.0,0.0
33812359982,HERITAGE BANK LIMITED,29/01/2024,IMPS-675303878303-WEBSTREAM LIMITED,0.0,0.0,0.0
33812359982,HERITAGE BANK LIMITED,30/01/2024,RTGS-ICICR216336575120-Suresh Verma,0.0,0.0,0.0
33812359982,HERITAGE BANK LIMITED,31/01/2024,NEFT-840318613178-DAILY NEEDS LIMITED,0.0,0.0,0.0
33812359982,HERITAGE BANK LIMITED,01/02/2024,RTGS-ICICR809650321782-DATABRIDGE INFOTECH,0.0,0.0,0.0
33812359982,HERITAGE BANK LIMITED,02/02/2024,NEFT-978954013121-PRECISION ENGINEERING WORKS,0.0,0.0,0.0
33812359982,HERITAGE BANK LIMITED,02/02/2024,RTGS-ICICR122682449763-INDUSTRIAL COMPONENTS INDIA,0.0,0.0,0.0
33812359982,HERITAGE BANK LIMITED,03/02/2024,Dividend Cr-GATEWAY PROJECTS LTD-EQUITY SHARES,0.0,0.0,0.0
33812359982,HERITAGE BANK LIMITED,03/02/2024,ATM WDL-29496,0.0,0.0,0.0
33812359982,HERITAGE BANK LIMITED,03/02/2024,RTGS-ICICR478179186651-Simran Malhotra,0.0,0.0,0.0
33812359982,HERITAGE BANK LIMITED,03/02/2024,NEFT-260937951102-DIGITAL SOLUTIONS INDIA,0.0,0.0,0.0
33812359982,HERITAGE BANK LIMITED,05/02/2024,IMPS-394775539662-METROPOLITAN BUILDERS,0.0,0.0,0.0
33812359982,HERITAGE BANK LIMITED,05/02/2024,NEFT-266960058095-INVESTMENT SERVICES INDIA,0.0,0.0,0.0
33812359982,HERITAGE BANK LIMITED,06/02/2024,RTGS-ICICR348964647722-HEALTHCARE PRODUCTS LTD,0.0,0.0,0.0
33812359982,HERITAGE BANK LIMITED,06/02/2024,IMPS-697695164607-Vikram Agarwal,0.0,0.0,0.0
33812359982,HERITAGE BANK LIMITED,06/02/2024,UPI/CR/629243579349/Karan Verma/7718858909@pay,0.0,0.0,0.0
33812359982,HERITAGE BANK LIMITED,06/02/2024,CLG-MEDCARE LABORATORIES,0.0,0.0,0.0
33812359982,HERITAGE BANK LIMITED,07/02/2024,UPI/DR/988511801929/Suresh Mehta/6843423484@pay,0.0,0.0,0.0
33812359982,HERITAGE BANK LIMITED,08/02/2024,CLG-WEBSTREAM LIMITED,0.0,0.0,0.0
33812359982,HERITAGE BANK LIMITED,08/02/2024,IMPS-672593460693-Anjali Gupta,0.0,0.0,0.0
33812359982,HERITAGE BANK LIMITED,09/02/2024,NEFT-450548957271-Karan Mehta,0.0,0.0,0.0
33812359982,HERITAGE BANK LIMITED,09/02/2024,RTGS-ICICR958532762840-Anjali Kumar,0.0,0.0,0.0
33812359982,HERITAGE BANK LIMITED,09/02/2024,IMPS-441539099688-TECHVISION SYSTEMS,0.0,0.0,0.0
33812359982,HERITAGE BANK LIMITED,10/02/2024,NEFT-577181148478-LIFELINE PHARMACEUTICAL,0.0,0.0,0.0
33812359982,HERITAGE BANK LIMITED,10/02/2024,IMPS-211918697190-Neha Kumar,0.0,0.0,0.0
33812359982,HERITAGE BANK LIMITED,10/02/2024,CLG-TECHVISION SYSTEMS,0.0,0.0,0.0
33812359982,HERITAGE BANK LIMITED,12/02/2024,ATM WDL-62763,0.0,0.0,0.0
33812359982,HERITAGE BANK LIMITED,12/02/2024,IMPS-552462446315-Arun Singh,0.0,0.0,0.0
33812359982,HERITAGE BANK LIMITED,12/02/2024,RTGS-ICICR949614567342-SUPPLY CHAIN CORP,0.0,0.0,0.0
33812359982,HERITAGE BANK LIMITED,12/02/2024,IMPS-982349967551-Kavita Verma,0.0,0.0,0.0
33812359982,HERITAGE BANK LIMITED,12/02/2024,IMPS-298925984986-Kavita Agarwal,0.0,0.0,0.0
33812359982,HERITAGE BANK LIMITED,13/02/2024,IMPS-108785292249-Rajesh Kumar,0.0,0.0,0.0
33812359982,HERITAGE BANK LIMITED,13/02/2024,CLG-CYBERCRAFT SYSTEMS,0.0,0.0,0.0
33812359982,HERITAGE BANK LIMITED,14/02/2024,CASH WITHDRAWAL-Rohit Singh,0.0,0.0,0.0
33812359982,HERITAGE BANK LIMITED,14/02/2024,IMPS-372452980365-LIFELINE PHARMACEUTICAL,0.0,0.0,0.0
33812359982,HERITAGE BANK LIMITED,15/02/2024,RTGS-ICICR203463303018-Neha Kumar,0.0,0.0,0.0
33812359982,HERITAGE BANK LIMITED,16/02/2024,RTGS-ICICR539300917513-Kavita Mehta,0.0,0.0,0.0
33812359982,HERITAGE BANK LIMITED,16/02/2024,ATM WDL-55248,0.0,0.0,0.0
33812359982,HERITAGE BANK LIMITED,16/02/2024,NEFT-792564177911-METROPOLITAN BUILDERS,0.0,0.0,0.0
33812359982,HERITAGE BANK LIMITED,16/02/2024,NEFT-958083332609-COTTON MILLS CORP,0.0,0.0,0.0
33812359982,HERITAGE BANK LIMITED,16/02/2024,CHQ PAID-Neha Sharma-MICR,0.0,0.0,0.0
33812359982,HERITAGE BANK LIMITED,17/02/2024,REVERSAL-IMPS-372452980365-LIFELINE PHARMACEUTICAL,0.0,0.0,0.0
33812359982,HERITAGE BANK LIMITED,20/02/2024,UPI/DR/815395601527/Kavita Kumar/8593936957@pay,0.0,0.0,0.0
33812359982,HERITAGE BANK LIMITED,20/02/2024,NEFT Dr-642942564417-GST PAYMENT-GSTIN 25A8118,0.0,0.0,0.0
33812359982,HERITAGE BANK LIMITED,20/02/2024,RTGS-ICICR515312950881-CAPITAL VENTURES INDIA,0.0,0.0,0.0
33812359982,HERITAGE BANK LIMITED,21/02/2024,NEFT-389285828736-Karan Malhotra,0.0,0.0,0.0
33812359982,HERITAGE BANK LIMITED,21/02/2024,CLG-CONSUMER PRODUCTS INDIA,0.0,0.0,0.0
33812359982,HERITAGE BANK LIMITED,21/02/2024,CLG-DAILY NEEDS LIMITED,0.0,0.0,0.0
33812359982,HERITAGE BANK LIMITED,22/02/2024,RTGS-ICICR550638744525-NETPULSE SYSTEMS,0.0,0.0,0.0
33812359982,HERITAGE BANK LIMITED,24/02/2024,CHQ PAID-Rohit Kumar-MICR,0.0,0.0,0.0
33812359982,HERITAGE BANK LIMITED,24/02/2024,NEFT-966477888755-Priya Agarwal,0.0,0.0,0.0
33812359982,HERITAGE BANK LIMITED,24/02/2024,SERVICE CHARGES-NEFT/RTGS Charges,0.0,0.0,0.0
33812359982,HERITAGE BANK LIMITED,24/02/2024,CASH WITHDRAWAL-Priya Kumar,0.0,0.0,0.0
33812359982,HERITAGE BANK LIMITED,26/02/2024,CASH WITHDRAWAL-Simran Agarwal,0.0,0.0,0.0
33812359982,HERITAGE BANK LIMITED,26/02/2024,CLG-URBAN CONSTRUCTIONS,0.0,0.0,0.0
33812359982,HERITAGE BANK LIMITED,27/02/2024,NEFT-684823970701-Rajesh Singh,0.0,0.0,0.0
33812359982,HERITAGE BANK LIMITED,27/02/2024,UPI/DR/970423085141/Suresh Gupta/7515517448@pay,0.0,0.0,0.0
33812359982,HERITAGE BANK LIMITED,27/02/2024,NEFT-334566023343-INVESTMENT SERVICES INDIA,0.0,0.0,0.0
33812359982,HERITAGE BANK LIMITED,28/02/2024,IMPS-606975643842-APEX HEAVY INDUSTRIES,0.0,0.0,0.0
33812359982,HERITAGE BANK LIMITED,28/02/2024,CLG-PERSONAL CARE LTD,0.0,0.0,0.0
33812359982,HERITAGE BANK LIMITED,28/02/2024,Service Charges-NEFT/RTGS Charges,0.0,0.0,0.0
33812359982,HERITAGE BANK LIMITED,28/02/2024,Service Charges-Demat Account AMC,0.0,0.0,0.0
33812359982,HERITAGE BANK LIMITED,01/03/2024,CHQ PAID-Anjali Kapoor-MICR,0.0,0.0,0.0
33812359982,HERITAGE BANK LIMITED,01/03/2024,UPI/CR/489504124671/Arun Agarwal/9569796404@pay,0.0,0.0,0.0
33812359982,HERITAGE BANK LIMITED,01/03/2024,IMPS-903649483747-INDUSTRIAL COMPONENTS INDIA,0.0,0.0,0.0
33812359982,HERITAGE BANK LIMITED,02/03/2024,NEFT-117399456746-WELLNESS BRANDS INDIA,0.0,0.0,0.0
33812359982,HERITAGE BANK LIMITED,02/03/2024,CHQ PAID-Arun Singh-MICR,0.0,0.0,0.0
33812359982,HERITAGE BANK LIMITED,02/03/2024,RTGS-ICICR692539359826-WEBSTREAM LIMITED,0.0,0.0,0.0
33812359982,HERITAGE BANK LIMITED,04/03/2024,CHQ PAID-Priya Joshi-MICR,0.0,0.0,0.0
33812359982,HERITAGE BANK LIMITED,05/03/2024,RTGS-ICICR544858268848-HIGHWAY DEVELOPERS INDIA,0.0,0.0,0.0
33812359982,HERITAGE BANK LIMITED,06/03/2024,UPI/DR/593479647282/Pooja Verma/6471508930@pay,0.0,0.0,0.0
33812359982,HERITAGE BANK LIMITED,07/03/2024,NEFT-896239127129-CARGO SOLUTIONS LTD,0.0,0.0,0.0
33812359982,HERITAGE BANK LIMITED,07/03/2024,CASH DEPOSIT-Rajesh Mehta,0.0,0.0,0.0
33812359982,HERITAGE BANK LIMITED,09/03/2024,NEFT-286980715554-Karan Gupta,0.0,0.0,0.0
33812359982,HERITAGE BANK LIMITED,11/03/2024,NEFT-153451229265-Amit Malhotra,0.0,0.0,0.0
33812359982,HERITAGE BANK LIMITED,11/03/2024,FAILED-INSUFFICIENT FUNDS-CHQ PAID-Rohit Singh-MICR,0.0,0.0,0.0
33812359982,HERITAGE BANK LIMITED,12/03/2024,CASH WITHDRAWAL-Arun Kapoor,0.0,0.0,0.0
33812359982,HERITAGE BANK LIMITED,12/03/2024,IMPS-766598370137-Simran Gupta,0.0,0.0,0.0
33812359982,HERITAGE BANK LIMITED,12/03/2024,Service Charges-Cheque Bounce Charge-325605,0.0,0.0,0.0
33812359982,HERITAGE BANK LIMITED,13/03/2024,CHQ PAID-Vikram Mehta-MICR,0.0,0.0,0.0
33812359982,HERITAGE BANK LIMITED,14/03/2024,CASH WITHDRAWAL-Rajesh Kumar,0.0,0.0,0.0
33812359982,HERITAGE BANK LIMITED,14/03/2024,RTGS-ICICR712767498334-Karan Kumar,0.0,0.0,0.0
33812359982,HERITAGE BANK LIMITED,15/03/2024,CASH WITHDRAWAL-Kavita Mehta,0.0,0.0,0.0
33812359982,HERITAGE BANK LIMITED,15/03/2024,CLG-HEALTHPLUS PHARMA LTD,0.0,0.0,0.0
33812359982,HERITAGE BANK LIMITED,16/03/2024,UPI/CR/711702595466/Priya Kapoor/8603492324@pay,0.0,0.0,0.0
33812359982,HERITAGE BANK LIMITED,18/03/2024,IMPS-957613780602-Amit Joshi,0.0,0.0,0.0
33812359982,HERITAGE BANK LIMITED,18/03/2024,CASH WITHDRAWAL-Karan Joshi,0.0,0.0,0.0
33812359982,HERITAGE BANK LIMITED,18/03/2024,IMPS-851653016940-Priya Gupta,0.0,0.0,0.0
33812359982,HERITAGE BANK LIMITED,18/03/2024,NEFT-537082500236-Rohit Mehta,0.0,0.0,0.0
33812359982,HERITAGE BANK LIMITED,18/03/2024,IMPS-917624381697-Suresh Agarwal,0.0,0.0,0.0
33812359982,HERITAGE BANK LIMITED,18/03/2024,UPI/CR/867945432178/Pooja Singh/9325272096@pay,0.0,0.0,0.0
33812359982,HERITAGE BANK LIMITED,19/03/2024,NEFT-850082570148-MEDCARE LABORATORIES,0.0,0.0,0.0
33812359982,HERITAGE BANK LIMITED,19/03/2024,ATM WDL-45526,0.0,0.0,0.0
33812359982,HERITAGE BANK LIMITED,20/03/2024,RTGS-ICICR496688715890-FASHION TEXTILES LTD,0.0,0.0,0.0
33812359982,HERITAGE BANK LIMITED,20/03/2024,IMPS-767445257211-Amit Verma,0.0,0.0,0.0
33812359982,HERITAGE BANK LIMITED,20/03/2024,NEFT Dr-486049673931-GST PAYMENT-GSTIN 44B1462,0.0,0.0,0.0
33812359982,HERITAGE BANK LIMITED,21/03/2024,RTGS-ICICR595506151386-Karan Singh,0.0,0.0,0.0
33812359982,HERITAGE BANK LIMITED,21/03/2024,IMPS-318764690998-WEBSTREAM LIMITED,0.0,0.0,0.0
33812359982,HERITAGE BANK LIMITED,22/03/2024,UPI/DR/829377811896/Simran Sharma/6130842830@pay,0.0,0.0,0.0
33812359982,HERITAGE BANK LIMITED,22/03/2024,UPI/CR/844296795712/Vikram Agarwal/8313593702@pay,0.0,0.0,0.0
33812359982,HERITAGE BANK LIMITED,23/03/2024,SERVICE CHARGES-NEFT/RTGS Charges,0.0,0.0,0.0
33812359982,HERITAGE BANK LIMITED,26/03/2024,NEFT-168993883451-Rajesh Agarwal,0.0,0.0,0.0
33812359982,HERITAGE BANK LIMITED,26/03/2024,CHQ PAID-Vikram Gupta-MICR,0.0,0.0,0.0
33812359982,HERITAGE BANK LIMITED,26/03/2024,CLG-RETAIL SOLUTIONS INDIA,0.0,0.0,0.0
33812359982,HERITAGE BANK LIMITED,27/03/2024,RTGS-ICICR873959676843-MOTOR INDUSTRIES LTD,0.0,0.0,0.0
33812359982,HERITAGE BANK LIMITED,28/03/2024,UPI/DR/863233101364/Rohit Agarwal/7138002816@pay,0.0,0.0,0.0
33812359982,HERITAGE BANK LIMITED,28/03/2024,CLG-TECHVISION SYSTEMS,0.0,0.0,0.0
33812359982,HERITAGE BANK LIMITED,28/03/2024,Service Charges-Online Banking Charges,0.0,0.0,0.0
33812359982,HERITAGE BANK LIMITED,30/03/2024,CASH DEPOSIT-Kavita Verma,0.0,0.0,0.0
33812359982,HERITAGE BANK LIMITED,30/03/2024,CHQ PAID-Pooja Singh-MICR,0.0,0.0,0.0
33812359982,HERITAGE BANK LIMITED,30/03/2024,IMPS-317035208469-NETPULSE SYSTEMS,0.0,0.0,0.0
33812359982,HERITAGE BANK LIMITED,30/03/2024,ATM WDL-67927,0.0,0.0,0.0
33812359982,HERITAGE BANK LIMITED,30/03/2024,CLG-THERMAL SYSTEMS LTD,0.0,0.0,0.0
99093498837,PARAMOUNT BANKING CORPORATION,01/01/2024,CASH WITHDRAWAL-Ketan Patel,0.0,0.0,0.0
99093498837,PARAMOUNT BANKING CORPORATION,01/01/2024,RTGS-ICICR587298284200-Nilesh Amin,0.0,0.0,0.0
99093498837,PARAMOUNT BANKING CORPORATION,03/01/2024,RTGS-ICICR815734303062-FOOD INDUSTRIES CORP,0.0,0.0,0.0
99093498837,PARAMOUNT BANKING CORPORATION,03/01/2024,NEFT-219091913330-URBAN CONSTRUCTIONS,0.0,0.0,0.0
99093498837,PARAMOUNT BANKING CORPORATION,04/01/2024,CHQ PAID-Bhavesh Desai-MICR,0.0,0.0,0.0
99093498837,PARAMOUNT BANKING CORPORATION,04/01/2024,UPI/CR/507016408193/Nisha Amin/6233580618@pay,0.0,0.0,0.0
99093498837,PARAMOUNT BANKING CORPORATION,05/01/2024,UPI/CR/778478048343/Bhavesh Amin/6793627726@pay,0.0,0.0,0.0
99093498837,PARAMOUNT BANKING CORPORATION,05/01/2024,CLG-AUTOMOTIVE PARTS CORP,0.0,0.0,0.0
99093498837,PARAMOUNT BANKING CORPORATION,05/01/2024,CLG-MINDWAVE CONSULTING,0.0,0.0,0.0
99093498837,PARAMOUNT BANKING CORPORATION,06/01/2024,NEFT-390350466962-HOUSING DEVELOPERS CORP,0.0,0.0,0.0
99093498837,PARAMOUNT BANKING CORPORATION,06/01/2024,CASH DEPOSIT-Mehul Trivedi,0.0,0.0,0.0
99093498837,PARAMOUNT BANKING CORPORATION,06/01/2024,UPI/CR/506188323821/Nisha Desai/7341228575@pay,0.0,0.0,0.0
99093498837,PARAMOUNT BANKING CORPORATION,08/01/2024,NEFT-953527713077-Nilesh Trivedi,0.0,0.0,0.0
99093498837,PARAMOUNT BANKING CORPORATION,09/01/2024,IMPS-544332482623-CONSUMER PRODUCTS INDIA,0.0,0.0,0.0
99093498837,PARAMOUNT BANKING CORPORATION,09/01/2024,IMPS-202872969980-Mehul Trivedi,0.0,0.0,0.0
99093498837,PARAMOUNT BANKING CORPORATION,09/01/2024,RTGS-ICICR121608446956-Bhavesh Modi,0.0,0.0,0.0
99093498837,PARAMOUNT BANKING CORPORATION,09/01/2024,RTGS-ICICR632095643202-Ketan Trivedi,0.0,0.0,0.0
99093498837,PARAMOUNT BANKING CORPORATION,09/01/2024,NEFT-363138537584-HIGHWAY DEVELOPERS INDIA,0.0,0.0,0.0
99093498837,PARAMOUNT BANKING CORPORATION,10/01/2024,NEFT-678628923946-HOUSING DEVELOPERS CORP,0.0,0.0,0.0
99093498837,PARAMOUNT BANKING CORPORATION,10/01/2024,RTGS-ICICR940188613580-Hitesh Vora,0.0,0.0,0.0
99093498837,PARAMOUNT BANKING CORPORATION,15/01/2024,CASH WITHDRAWAL-Bhavesh Shah,0.0,0.0,0.0
99093498837,PARAMOUNT BANKING CORPORATION,15/01/2024,NEFT-956670406044-WELLNESS BRANDS INDIA,0.0,0.0,0.0
99093498837,PARAMOUNT BANKING CORPORATION,16/01/2024,UPI/DR/223317017681/Bhavesh Shah/8477509803@pay,0.0,0.0,0.0
99093498837,PARAMOUNT BANKING CORPORATION,16/01/2024,IMPS-446902050743-FABRIC INDUSTRIES INDIA,0.0,0.0,0.0
99093498837,PARAMOUNT BANKING CORPORATION,16/01/2024,UPI/CR/475149553653/Jayesh Vora/9058596732@pay,0.0,0.0,0.0
99093498837,PARAMOUNT BANKING CORPORATION,17/01/2024,NEFT-240299909733-Paresh Parekh,0.0,0.0,0.0
99093498837,PARAMOUNT BANKING CORPORATION,18/01/2024,IMPS-981052403317-EXPRESS LOGISTICS INDIA,0.0,0.0,0.0
99093498837,PARAMOUNT BANKING CORPORATION,18/01/2024,UPI/CR/331729861434/Bhavesh Vora/9392584605@pay,0.0,0.0,0.0
99093498837,PARAMOUNT BANKING CORPORATION,18/01/2024,REVERSAL-UPI/CR/475149553653/Jayesh Vora/9058596732@pay,0.0,0.0,0.0
99093498837,PARAMOUNT BANKING CORPORATION,19/01/2024,CASH DEPOSIT-Nilesh Trivedi,0.0,0.0,0.0
99093498837,PARAMOUNT BANKING CORPORATION,20/01/2024,IMPS-815275281868-Ketan Shah,0.0,0.0,0.0
99093498837,PARAMOUNT BANKING CORPORATION,20/01/2024,UPI/CR/558654065521/Paresh Parekh/8749668291@pay,0.0,0.0,0.0
99093498837,PARAMOUNT BANKING CORPORATION,20/01/2024,IMPS-715164648429-PERSONAL CARE LTD,0.0,0.0,0.0
99093498837,PARAMOUNT BANKING CORPORATION,20/01/2024,CHQ PAID-Bhavesh Amin-MICR,0.0,0.0,0.0
99093498837,PARAMOUNT BANKING CORPORATION,23/01/2024,CASH DEPOSIT-Jayesh Shah,0.0,0.0,0.0
99093498837,PARAMOUNT BANKING CORPORATION,25/01/2024,NEFT-410117624257-Ketan Trivedi,0.0,0.0,0.0
99093498837,PARAMOUNT BANKING CORPORATION,25/01/2024,UPI/CR/289343456605/Jayesh Patel/9384466661@pay,0.0,0.0,0.0
99093498837,PARAMOUNT BANKING CORPORATION,25/01/2024,CLG-MINDWAVE CONSULTING,0.0,0.0,0.0
99093498837,PARAMOUNT BANKING CORPORATION,25/01/2024,RTGS-ICICR775107722742-Nilesh Trivedi,0.0,0.0,0.0
99093498837,PARAMOUNT BANKING CORPORATION,27/01/2024,NEFT-609271270305-GST PAYMENT-GSTIN,0.0,0.0,0.0
99093498837,PARAMOUNT BANKING CORPORATION,29/01/2024,NEFT-623465310727-FOOD INDUSTRIES CORP,0.0,0.0,0.0
99093498837,PARAMOUNT BANKING CORPORATION,29/01/2024,CASH WITHDRAWAL-Mehul Vora,0.0,0.0,0.0
99093498837,PARAMOUNT BANKING CORPORATION,29/01/2024,NEFT-727183979793-Ketan Trivedi,0.0,0.0,0.0
99093498837,PARAMOUNT BANKING CORPORATION,29/01/2024,IMPS-660464419996-INFOCORE TECHNOLOGIES,0.0,0.0,0.0
99093498837,PARAMOUNT BANKING CORPORATION,30/01/2024,NEFT-173433735309-LOAN DISBURSEMENT-HEALTHCARE PRODUCTS LTD,0.0,0.0,0.0
99093498837,PARAMOUNT BANKING CORPORATION,31/01/2024,NEFT-769781677729-LIFELINE PHARMACEUTICAL,0.0,0.0,0.0
99093498837,PARAMOUNT BANKING CORPORATION,31/01/2024,IMPS-841871828115-WELLNESS BRANDS INDIA,0.0,0.0,0.0
99093498837,PARAMOUNT BANKING CORPORATION,31/01/2024,NEFT-278709205102-Mehul Trivedi,0.0,0.0,0.0
99093498837,PARAMOUNT BANKING CORPORATION,31/01/2024,NEFT-346965763111-Nilesh Amin,0.0,0.0,0.0
99093498837,PARAMOUNT BANKING CORPORATION,01/02/2024,RTGS-ICICR870379002323-APEX HEAVY INDUSTRIES,0.0,0.0,0.0
99093498837,PARAMOUNT BANKING CORPORATION,01/02/2024,CASH DEPOSIT-Mehul Parekh,0.0,0.0,0.0
99093498837,PARAMOUNT BANKING CORPORATION,01/02/2024,CASH WITHDRAWAL-Jayesh Vora,0.0,0.0,0.0
99093498837,PARAMOUNT BANKING CORPORATION,02/02/2024,IMPS-311098175583-Paresh Patel,0.0,0.0,0.0
99093498837,PARAMOUNT BANKING CORPORATION,02/02/2024,RTGS-ICICR920846503849-HOUSING DEVELOPERS CORP,0.0,0.0,0.0
99093498837,PARAMOUNT BANKING CORPORATION,02/02/2024,RTGS-ICICR347245594371-Nilesh Patel,0.0,0.0,0.0
99093498837,PARAMOUNT BANKING CORPORATION,02/02/2024,UPI/CR/850204136709/Bhavesh Parekh/9843784181@pay,0.0,0.0,0.0
99093498837,PARAMOUNT BANKING CORPORATION,03/02/2024,UPI/CR/357722276911/Nisha Amin/6015719948@pay,0.0,0.0,0.0
99093498837,PARAMOUNT BANKING CORPORATION,06/02/2024,NEFT-371274749841-TECHVISION SYSTEMS,0.0,0.0,0.0
99093498837,PARAMOUNT BANKING CORPORATION,07/02/2024,CHQ PAID-Nilesh Parekh-MICR,0.0,0.0,0.0
99093498837,PARAMOUNT BANKING CORPORATION,07/02/2024,RTGS-ICICR767943697066-SOFTWAVE TECHNOLOGIES,0.0,0.0,0.0
99093498837,PARAMOUNT BANKING CORPORATION,08/02/2024,UPI/DR/786615140411/Jayesh Trivedi/9391508428@pay,0.0,0.0,0.0
99093498837,PARAMOUNT BANKING CORPORATION,09/02/2024,CLG-CARGO SOLUTIONS LTD,0.0,0.0,0.0
99093498837,PARAMOUNT BANKING CORPORATION,09/02/2024,RTGS-ICICR383983591275-FINANCE SOLUTIONS INDIA,0.0,0.0,0.0
99093498837,PARAMOUNT BANKING CORPORATION,09/02/2024,UPI/CR/456800399835/Nilesh Parekh/6888688963@pay,0.0,0.0,0.0
99093498837,PARAMOUNT BANKING CORPORATION,10/02/2024,NEFT-972090072847-CONSUMER PRODUCTS INDIA,0.0,0.0,0.0
99093498837,PARAMOUNT BANKING CORPORATION,13/02/2024,IMPS-856612171089-LIFELINE PHARMACEUTICAL,0.0,0.0,0.0
99093498837,PARAMOUNT BANKING CORPORATION,13/02/2024,NEFT-771852446022-Jayesh Modi,0.0,0.0,0.0
99093498837,PARAMOUNT BANKING CORPORATION,14/02/2024,IMPS-119345198218-COTTON MILLS CORP,0.0,0.0,0.0
99093498837,PARAMOUNT BANKING CORPORATION,15/02/2024,UPI/CR/143969702536/Hitesh Patel/8308733412@pay,0.0,0.0,0.0
99093498837,PARAMOUNT BANKING CORPORATION,15/02/2024,NEFT-904253675920-FABRIC INDUSTRIES INDIA,0.0,0.0,0.0
99093498837,PARAMOUNT BANKING CORPORATION,16/02/2024,NEFT-799343027356-INFOCORE TECHNOLOGIES,0.0,0.0,0.0
99093498837,PARAMOUNT BANKING CORPORATION,16/02/2024,IMPS-634723543492-MOTOR INDUSTRIES LTD,0.0,0.0,0.0
99093498837,PARAMOUNT BANKING CORPORATION,16/02/2024,CHQ PAID-Jayesh Vora-MICR,0.0,0.0,0.0
99093498837,PARAMOUNT BANKING CORPORATION,16/02/2024,ATM WDL-40333,0.0,0.0,0.0
99093498837,PARAMOUNT BANKING CORPORATION,16/02/2024,IMPS-734044760405-Nisha Patel,0.0,0.0,0.0
99093498837,PARAMOUNT BANKING CORPORATION,17/02/2024,IMPS-212898346100-FABRIC INDUSTRIES INDIA,0.0,0.0,0.0
99093498837,PARAMOUNT BANKING CORPORATION,19/02/2024,NEFT-171029571223-CONSUMER PRODUCTS INDIA,0.0,0.0,0.0
99093498837,PARAMOUNT BANKING CORPORATION,20/02/2024,CLG-NETFORGE TECHNOLOGIES,0.0,0.0,0.0
99093498837,PARAMOUNT BANKING CORPORATION,20/02/2024,NEFT-544890861195-TECHVISION SYSTEMS,0.0,0.0,0.0
99093498837,PARAMOUNT BANKING CORPORATION,20/02/2024,NEFT-246498379114-PRECISION ENGINEERING WORKS,0.0,0.0,0.0
99093498837,PARAMOUNT BANKING CORPORATION,20/02/2024,NEFT-866014888771-INFOCORE TECHNOLOGIES,0.0,0.0,0.0
99093498837,PARAMOUNT BANKING CORPORATION,22/02/2024,NEFT-193226110276-Nisha Patel,0.0,0.0,0.0
99093498837,PARAMOUNT BANKING CORPORATION,22/02/2024,CLG-DIGITAL SOLUTIONS INDIA,0.0,0.0,0.0
99093498837,PARAMOUNT BANKING CORPORATION,23/02/2024,RTGS-ICICR933389149735-Nilesh Amin,0.0,0.0,0.0
99093498837,PARAMOUNT BANKING CORPORATION,23/02/2024,CLG-HEALTHPLUS PHARMA LTD,0.0,0.0,0.0
99093498837,PARAMOUNT BANKING CORPORATION,24/02/2024,RTGS-ICICR676360066011-Mehul Amin,0.0,0.0,0.0
99093498837,PARAMOUNT BANKING CORPORATION,24/02/2024,NEFT-536372714729-FASHION TEXTILES LTD,0.0,0.0,0.0
99093498837,PARAMOUNT BANKING CORPORATION,24/02/2024,NEFT-665333257728-Mehul Trivedi,0.0,0.0,0.0
99093498837,PARAMOUNT BANKING CORPORATION,24/02/2024,NEFT-970082099291-URBAN CONSTRUCTIONS,0.0,0.0,0.0
99093498837,PARAMOUNT BANKING CORPORATION,26/02/2024,IMPS-960321012306-MOTOR INDUSTRIES LTD,0.0,0.0,0.0
99093498837,PARAMOUNT BANKING CORPORATION,27/02/2024,NEFT-278576796970-Mehul Patel,0.0,0.0,0.0
99093498837,PARAMOUNT BANKING CORPORATION,27/02/2024,UPI/DR/416538499835/Bhavesh Patel/8616419770@pay,0.0,0.0,0.0
99093498837,PARAMOUNT BANKING CORPORATION,27/02/2024,CLG-REALTY VENTURES LTD,0.0,0.0,0.0
99093498837,PARAMOUNT BANKING CORPORATION,28/02/2024,NEFT-204033789974-Paresh Modi,0.0,0.0,0.0
99093498837,PARAMOUNT BANKING CORPORATION,28/02/2024,NEFT-164314271934-TECHVISION SYSTEMS,0.0,0.0,0.0
99093498837,PARAMOUNT BANKING CORPORATION,28/02/2024,NEFT-203841291277-METROPOLITAN BUILDERS,0.0,0.0,0.0
99093498837,PARAMOUNT BANKING CORPORATION,28/02/2024,Service Charges-Cheque Book Charges,0.0,0.0,0.0
99093498837,PARAMOUNT BANKING CORPORATION,29/02/2024,CHQ PAID-Jayesh Amin-MICR,0.0,0.0,0.0
99093498837,PARAMOUNT BANKING CORPORATION,29/02/2024,IMPS-990214752548-AUTOMOTIVE PARTS CORP,0.0,0.0,0.0
99093498837,PARAMOUNT BANKING CORPORATION,01/03/2024,IMPS-687432096901-COTTON MILLS CORP,0.0,0.0,0.0
99093498837,PARAMOUNT BANKING CORPORATION,01/03/2024,CASH DEPOSIT-Bhavesh Shah,0.0,0.0,0.0
99093498837,PARAMOUNT BANKING CORPORATION,01/03/2024,CASH DEPOSIT-Ketan Modi,0.0,0.0,0.0
99093498837,PARAMOUNT BANKING CORPORATION,01/03/2024,IMPS-233070196313-Bhavesh Desai,0.0,0.0,0.0
99093498837,PARAMOUNT BANKING CORPORATION,02/03/2024,IMPS-280334121713-PREMIUM INFRASTRUCTURE,0.0,0.0,0.0
99093498837,PARAMOUNT BANKING CORPORATION,02/03/2024,NEFT-768992976195-DATABRIDGE INFOTECH,0.0,0.0,0.0
99093498837,PARAMOUNT BANKING CORPORATION,02/03/2024,ATM WDL-98082,0.0,0.0,0.0
99093498837,PARAMOUNT BANKING CORPORATION,04/03/2024,IMPS-316311942568-EXPRESS LOGISTICS INDIA,0.0,0.0,0.0
99093498837,PARAMOUNT BANKING CORPORATION,04/03/2024,NEFT-598496501294-PERSONAL CARE LTD,0.0,0.0,0.0
99093498837,PARAMOUNT BANKING CORPORATION,05/03/2024,UPI/CR/444637557388/Nisha Amin/7596471344@pay,0.0,0.0,0.0
99093498837,PARAMOUNT BANKING CORPORATION,05/03/2024,RTGS-ICICR732607150028-RETAIL SOLUTIONS INDIA,0.0,0.0,0.0
99093498837,PARAMOUNT BANKING CORPORATION,06/03/2024,IMPS-375986005479-Jayesh Vora,0.0,0.0,0.0
99093498837,PARAMOUNT BANKING CORPORATION,06/03/2024,CLG-INVESTMENT SERVICES INDIA,0.0,0.0,0.0
99093498837,PARAMOUNT BANKING CORPORATION,06/03/2024,IMPS-422907819641-EXPRESS LOGISTICS INDIA,0.0,0.0,0.0
99093498837,PARAMOUNT BANKING CORPORATION,07/03/2024,CASH WITHDRAWAL-Nisha Desai,0.0,0.0,0.0
99093498837,PARAMOUNT BANKING CORPORATION,07/03/2024,IMPS-354869826065-CARGO SOLUTIONS LTD,0.0,0.0,0.0
99093498837,PARAMOUNT BANKING CORPORATION,07/03/2024,IMPS-267605534204-Nisha Shah,0.0,0.0,0.0
99093498837,PARAMOUNT BANKING CORPORATION,09/03/2024,IMPS-365245927904-Bhavesh Amin,0.0,0.0,0.0
99093498837,PARAMOUNT BANKING CORPORATION,11/03/2024,RTGS-ICICR492103049995-URBAN ESTATES INDIA,0.0,0.0,0.0
99093498837,PARAMOUNT BANKING CORPORATION,11/03/2024,NEFT-330927071644-Mehul Trivedi,0.0,0.0,0.0
99093498837,PARAMOUNT BANKING CORPORATION,12/03/2024,CASH DEPOSIT-Hitesh Trivedi,0.0,0.0,0.0
99093498837,PARAMOUNT BANKING CORPORATION,12/03/2024,UPI/CR/110281811154/Nisha Vora/9581526674@pay,0.0,0.0,0.0
99093498837,PARAMOUNT BANKING CORPORATION,12/03/2024,CHQ PAID-Nilesh Shah-MICR,0.0,0.0,0.0
99093498837,PARAMOUNT BANKING CORPORATION,12/03/2024,UPI/DR/283947600633/Bhavesh Parekh/8922546275@pay,0.0,0.0,0.0
99093498837,PARAMOUNT BANKING CORPORATION,12/03/2024,CHQ PAID-Nisha Desai-MICR,0.0,0.0,0.0
99093498837,PARAMOUNT BANKING CORPORATION,13/03/2024,CLG-THERMAL SYSTEMS LTD,0.0,0.0,0.0
99093498837,PARAMOUNT BANKING CORPORATION,13/03/2024,REVERSAL-RTGS-ICICR492103049995-URBAN ESTATES INDIA,0.0,0.0,0.0
99093498837,PARAMOUNT BANKING CORPORATION,15/03/2024,CHQ PAID-Nisha Shah-MICR,0.0,0.0,0.0
99093498837,PARAMOUNT BANKING CORPORATION,15/03/2024,NEFT-209072105586-Nilesh Vora,0.0,0.0,0.0
99093498837,PARAMOUNT BANKING CORPORATION,15/03/2024,IMPS-123111621347-FOOD INDUSTRIES CORP,0.0,0.0,0.0
99093498837,PARAMOUNT BANKING CORPORATION,15/03/2024,CHQ PAID-Jayesh Parekh-MICR,0.0,0.0,0.0
99093498837,PARAMOUNT BANKING CORPORATION,18/03/2024,UPI/CR/150588196724/Ketan Vora/6210430962@pay,0.0,0.0,0.0
99093498837,PARAMOUNT BANKING CORPORATION,18/03/2024,UPI/CR/491157736156/Mehul Shah/9237425500@pay,0.0,0.0,0.0
99093498837,PARAMOUNT BANKING CORPORATION,19/03/2024,CASH DEPOSIT-Bhavesh Desai,0.0,0.0,0.0
99093498837,PARAMOUNT BANKING CORPORATION,19/03/2024,NEFT-518472764029-GST PAYMENT-GSTIN,0.0,0.0,0.0
99093498837,PARAMOUNT BANKING CORPORATION,19/03/2024,UPI/CR/307875855032/Jayesh Shah/7136199439@pay,0.0,0.0,0.0
99093498837,PARAMOUNT BANKING CORPORATION,20/03/2024,CLG-PREMIUM PROPERTIES LTD,0.0,0.0,0.0
99093498837,PARAMOUNT BANKING CORPORATION,20/03/2024,IMPS-750710676176-COTTON MILLS CORP,0.0,0.0,0.0
99093498837,PARAMOUNT BANKING CORPORATION,22/03/2024,CHQ PAID-Nisha Desai-MICR,0.0,0.0,0.0
99093498837,PARAMOUNT BANKING CORPORATION,22/03/2024,CHQ PAID-Paresh Vora-MICR,0.0,0.0,0.0
99093498837,PARAMOUNT BANKING CORPORATION,22/03/2024,IMPS-694064792617-Ketan Amin,0.0,0.0,0.0
99093498837,PARAMOUNT BANKING CORPORATION,23/03/2024,CHQ PAID-Jayesh Patel-MICR,0.0,0.0,0.0
99093498837,PARAMOUNT BANKING CORPORATION,23/03/2024,IMPS-256389039764-CONSTRUCTION SOLUTIONS LTD,0.0,0.0,0.0
99093498837,PARAMOUNT BANKING CORPORATION,23/03/2024,UPI/CR/617079662067/Jayesh Desai/7775950582@pay,0.0,0.0,0.0
99093498837,PARAMOUNT BANKING CORPORATION,23/03/2024,UPI/CR/295458444289/Hitesh Trivedi/9687250998@pay,0.0,0.0,0.0
99093498837,PARAMOUNT BANKING CORPORATION,26/03/2024,IMPS-178968004786-DAILY NEEDS LIMITED,0.0,0.0,0.0
99093498837,PARAMOUNT BANKING CORPORATION,26/03/2024,NEFT-470949982128-FINANCE SOLUTIONS INDIA,0.0,0.0,0.0
99093498837,PARAMOUNT BANKING CORPORATION,26/03/2024,RTGS-ICICR360913474559-MOTOR INDUSTRIES LTD,0.0,0.0,0.0
99093498837,PARAMOUNT BANKING CORPORATION,27/03/2024,UPI/CR/744152865524/Nilesh Shah/9866773842@pay,0.0,0.0,0.0
99093498837,PARAMOUNT BANKING CORPORATION,27/03/2024,CLG-APEX HEAVY INDUSTRIES,0.0,0.0,0.0
99093498837,PARAMOUNT BANKING CORPORATION,28/03/2024,IMPS-186157538098-Hitesh Parekh,0.0,0.0,0.0
99093498837,PARAMOUNT BANKING CORPORATION,28/03/2024,ATM WDL-13878,0.0,0.0,0.0
99093498837,PARAMOUNT BANKING CORPORATION,28/03/2024,Service Charges-Online Banking Charges,0.0,0.0,0.0
99093498837,PARAMOUNT BANKING CORPORATION,28/03/2024,Service Charges-NEFT/RTGS Charges,0.0,0.0,0.0
99093498837,PARAMOUNT BANKING CORPORATION,28/03/2024,Service Charges-Account Maintenance,0.0,0.0,0.0
99093498837,PARAMOUNT BANKING CORPORATION,30/03/2024,UPI/DR/811848780819/Paresh Shah/7613188420@pay,0.0,0.0,0.0
99093498837,PARAMOUNT BANKING CORPORATION,30/03/2024,CHQ PAID-Hitesh Vora-MICR,0.0,0.0,0.0
68889231143,MILESTONE BANKING SOLUTIONS,01/01/2024,IMPS-679823053192-Ganesh Iyer,0.0,0.0,0.0
68889231143,MILESTONE BANKING SOLUTIONS,02/01/2024,RTGS-ICICR594661781012-Ramesh Naidu,0.0,0.0,0.0
68889231143,MILESTONE BANKING SOLUTIONS,02/01/2024,ATM WDL-89484,0.0,0.0,0.0
68889231143,MILESTONE BANKING SOLUTIONS,03/01/2024,NEFT-476229881642-HIGHWAY DEVELOPERS INDIA,0.0,0.0,0.0
68889231143,MILESTONE BANKING SOLUTIONS,03/01/2024,UPI/CR/834072366406/Kavitha Menon/8222525228@pay,0.0,0.0,0.0
68889231143,MILESTONE BANKING SOLUTIONS,03/01/2024,NEFT-527441878249-FABRIC INDUSTRIES INDIA,0.0,0.0,0.0
68889231143,MILESTONE BANKING SOLUTIONS,04/01/2024,UPI/DR/987725000414/Subramaniam Menon/7669856382@pay,0.0,0.0,0.0
68889231143,MILESTONE BANKING SOLUTIONS,05/01/2024,NEFT Dr-916005451765-RENT PAYMENT-MONTHLY RENT,0.0,0.0,0.0
68889231143,MILESTONE BANKING SOLUTIONS,05/01/2024,ATM WDL-41065,0.0,0.0,0.0
68889231143,MILESTONE BANKING SOLUTIONS,05/01/2024,IMPS-694942638284-CARGO SOLUTIONS LTD,0.0,0.0,0.0
68889231143,MILESTONE BANKING SOLUTIONS,06/01/2024,ATM WDL-24385,0.0,0.0,0.0
68889231143,MILESTONE BANKING SOLUTIONS,06/01/2024,IMPS-740924373083-CONSUMER PRODUCTS INDIA,0.0,0.0,0.0
68889231143,MILESTONE BANKING SOLUTIONS,08/01/2024,CLG-LIFELINE PHARMACEUTICAL,0.0,0.0,0.0
68889231143,MILESTONE BANKING SOLUTIONS,08/01/2024,IMPS-998943599346-DAILY NEEDS LIMITED,0.0,0.0,0.0
68889231143,MILESTONE BANKING SOLUTIONS,09/01/2024,RTGS-ICICR568991171636-Ramesh Krishnan,0.0,0.0,0.0
68889231143,MILESTONE BANKING SOLUTIONS,10/01/2024,NEFT Dr-151108928107-LOAN EMI-MONTHLY INSTALLMENT,0.0,0.0,0.0
68889231143,MILESTONE BANKING SOLUTIONS,10/01/2024,NEFT-474624855759-PRECISION ENGINEERING WORKS,0.0,0.0,0.0
68889231143,MILESTONE BANKING SOLUTIONS,10/01/2024,RTGS-ICICR948147144155-Priya Rao,0.0,0.0,0.0
68889231143,MILESTONE BANKING SOLUTIONS,10/01/2024,IMPS-199408119123-FASHION TEXTILES LTD,0.0,0.0,0.0
68889231143,MILESTONE BANKING SOLUTIONS,11/01/2024,CHQ PAID-Srinivas Naidu-MICR,0.0,0.0,0.0
68889231143,MILESTONE BANKING SOLUTIONS,11/01/2024,UPI/CR/744043028989/Subramaniam Murthy/8739031571@pay,0.0,0.0,0.0
68889231143,MILESTONE BANKING SOLUTIONS,12/01/2024,RTGS-ICICR745245975458-INFOCORE TECHNOLOGIES,0.0,0.0,0.0
68889231143,MILESTONE BANKING SOLUTIONS,12/01/2024,CASH DEPOSIT-Venkatesh Rao,0.0,0.0,0.0
68889231143,MILESTONE BANKING SOLUTIONS,13/01/2024,SERVICE CHARGES-SMS Alert Charges,0.0,0.0,0.0
68889231143,MILESTONE BANKING SOLUTIONS,13/01/2024,CASH WITHDRAWAL-Kavitha Menon,0.0,0.0,0.0
68889231143,MILESTONE BANKING SOLUTIONS,15/01/2024,IMPS-545213906046-PERSONAL CARE LTD,0.0,0.0,0.0
68889231143,MILESTONE BANKING SOLUTIONS,15/01/2024,NEFT Dr-956125334798-UTILITY SUBSCRIPTION,0.0,0.0,0.0
68889231143,MILESTONE BANKING SOLUTIONS,15/01/2024,NEFT-793354721374-URBAN ESTATES INDIA,0.0,0.0,0.0
68889231143,MILESTONE BANKING SOLUTIONS,16/01/2024,UPI/DR/796415351954/Anitha Menon/8412880791@pay,0.0,0.0,0.0
68889231143,MILESTONE BANKING SOLUTIONS,16/01/2024,NEFT-518286561818-URBAN CONSTRUCTIONS,0.0,0.0,0.0
68889231143,MILESTONE BANKING SOLUTIONS,18/01/2024,NEFT-702964489539-PERSONAL CARE LTD,0.0,0.0,0.0
68889231143,MILESTONE BANKING SOLUTIONS,18/01/2024,CASH WITHDRAWAL-Subramaniam Naidu,0.0,0.0,0.0
68889231143,MILESTONE BANKING SOLUTIONS,19/01/2024,UPI/DR/580639486819/Kavitha Reddy/6646590491@pay,0.0,0.0,0.0
68889231143,MILESTONE BANKING SOLUTIONS,19/01/2024,IMPS-987735049032-SUPPLY CHAIN CORP,0.0,0.0,0.0
68889231143,MILESTONE BANKING SOLUTIONS,19/01/2024,UPI/CR/146831547914/Kavitha Rao/7820631333@pay,0.0,0.0,0.0
68889231143,MILESTONE BANKING SOLUTIONS,22/01/2024,RTGS-ICICR907166635085-Srinivas Iyer,0.0,0.0,0.0
68889231143,MILESTONE BANKING SOLUTIONS,23/01/2024,NEFT-155392765559-CREDIT SERVICES LTD,0.0,0.0,0.0
68889231143,MILESTONE BANKING SOLUTIONS,24/01/2024,CHQ PAID-Lakshmi Iyer-MICR,0.0,0.0,0.0
68889231143,MILESTONE BANKING SOLUTIONS,24/01/2024,CASH DEPOSIT-Subramaniam Menon,0.0,0.0,0.0
68889231143,MILESTONE BANKING SOLUTIONS,24/01/2024,CASH DEPOSIT-Priya Rao,0.0,0.0,0.0
68889231143,MILESTONE BANKING SOLUTIONS,24/01/2024,CHQ PAID-Karthik Murthy-MICR,0.0,0.0,0.0
68889231143,MILESTONE BANKING SOLUTIONS,25/01/2024,ATM WDL-28649,0.0,0.0,0.0
68889231143,MILESTONE BANKING SOLUTIONS,25/01/2024,CLG-INVESTMENT SERVICES INDIA,0.0,0.0,0.0
68889231143,MILESTONE BANKING SOLUTIONS,27/01/2024,UPI/CR/706129865810/Ganesh Rao/9230091067@pay,0.0,0.0,0.0
68889231143,MILESTONE BANKING SOLUTIONS,27/01/2024,ATM WDL-79342,0.0,0.0,0.0
68889231143,MILESTONE BANKING SOLUTIONS,27/01/2024,CLG-DATABRIDGE INFOTECH,0.0,0.0,0.0
68889231143,MILESTONE BANKING SOLUTIONS,27/01/2024,IMPS-945250946374-AUTOMOTIVE PARTS CORP,0.0,0.0,0.0
68889231143,MILESTONE BANKING SOLUTIONS,27/01/2024,SERVICE CHARGES-Statement Charges,0.0,0.0,0.0
68889231143,MILESTONE BANKING SOLUTIONS,29/01/2024,NEFT-764327767919-CARGO SOLUTIONS LTD,0.0,0.0,0.0
68889231143,MILESTONE BANKING SOLUTIONS,30/01/2024,NEFT-125584614532-COTTON MILLS CORP,0.0,0.0,0.0
68889231143,MILESTONE BANKING SOLUTIONS,30/01/2024,CLG-HEALTHPLUS PHARMA LTD,0.0,0.0,0.0
68889231143,MILESTONE BANKING SOLUTIONS,30/01/2024,UPI/DR/690654098947/Srinivas Murthy/6893974622@pay,0.0,0.0,0.0
68889231143,MILESTONE BANKING SOLUTIONS,01/02/2024,Dividend Cr-METROPOLITAN BUILDERS-EQUITY SHARES,0.0,0.0,0.0
68889231143,MILESTONE BANKING SOLUTIONS,02/02/2024,CLG-FOOD INDUSTRIES CORP,0.0,0.0,0.0
68889231143,MILESTONE BANKING SOLUTIONS,03/02/2024,CASH DEPOSIT-Srinivas Pillai,0.0,0.0,0.0
68889231143,MILESTONE BANKING SOLUTIONS,05/02/2024,CLG-NETFORGE TECHNOLOGIES,0.0,0.0,0.0
68889231143,MILESTONE BANKING SOLUTIONS,05/02/2024,NEFT Dr-349505982426-RENT PAYMENT-MONTHLY RENT,0.0,0.0,0.0
68889231143,MILESTONE BANKING SOLUTIONS,05/02/2024,NEFT-654105420376-GST PAYMENT-GSTIN,0.0,0.0,0.0
68889231143,MILESTONE BANKING SOLUTIONS,06/02/2024,SERVICE CHARGES-Demat Account AMC,0.0,0.0,0.0
68889231143,MILESTONE BANKING SOLUTIONS,06/02/2024,NEFT-519255714314-CONSUMER PRODUCTS INDIA,0.0,0.0,0.0
68889231143,MILESTONE BANKING SOLUTIONS,07/02/2024,NEFT-776308816194-WELLNESS BRANDS INDIA,0.0,0.0,0.0
68889231143,MILESTONE BANKING SOLUTIONS,07/02/2024,IMPS-562988029524-Anitha Murthy,0.0,0.0,0.0
68889231143,MILESTONE BANKING SOLUTIONS,07/02/2024,RTGS-ICICR261637855971-THERMAL SYSTEMS LTD,0.0,0.0,0.0
68889231143,MILESTONE BANKING SOLUTIONS,08/02/2024,NEFT-950573238108-URBAN ESTATES INDIA,0.0,0.0,0.0
68889231143,MILESTONE BANKING SOLUTIONS,08/02/2024,CASH WITHDRAWAL-Lakshmi Rao,0.0,0.0,0.0
68889231143,MILESTONE BANKING SOLUTIONS,09/02/2024,UPI/CR/761791516324/Kavitha Iyer/9303474190@pay,0.0,0.0,0.0
68889231143,MILESTONE BANKING SOLUTIONS,10/02/2024,NEFT Dr-167501512737-LOAN EMI-MONTHLY INSTALLMENT,0.0,0.0,0.0
68889231143,MILESTONE BANKING SOLUTIONS,10/02/2024,ATM WDL-83061,0.0,0.0,0.0
68889231143,MILESTONE BANKING SOLUTIONS,10/02/2024,UPI/CR/498592567304/Ganesh Rao/9289723526@pay,0.0,0.0,0.0
68889231143,MILESTONE BANKING SOLUTIONS,10/02/2024,IMPS-810413778783-HOUSING DEVELOPERS CORP,0.0,0.0,0.0
68889231143,MILESTONE BANKING SOLUTIONS,10/02/2024,UPI/DR/565570962933/Priya Rao/7097798271@pay,0.0,0.0,0.0
68889231143,MILESTONE BANKING SOLUTIONS,12/02/2024,REVERSAL-UPI/CR/498592567304/Ganesh Rao/9289723526@pay,0.0,0.0,0.0
68889231143,MILESTONE BANKING SOLUTIONS,12/02/2024,RTGS-ICICR962419438861-Subramaniam Reddy,0.0,0.0,0.0
68889231143,MILESTONE BANKING SOLUTIONS,12/02/2024,IMPS-776315686446-URBAN CONSTRUCTIONS,0.0,0.0,0.0
68889231143,MILESTONE BANKING SOLUTIONS,13/02/2024,RTGS-ICICR267232912669-Ganesh Krishnan,0.0,0.0,0.0
68889231143,MILESTONE BANKING SOLUTIONS,14/02/2024,RTGS-ICICR164222614450-Venkatesh Reddy,0.0,0.0,0.0
68889231143,MILESTONE BANKING SOLUTIONS,15/02/2024,NEFT Dr-360947162126-INSURANCE SUBSCRIPTION,0.0,0.0,0.0
68889231143,MILESTONE BANKING SOLUTIONS,15/02/2024,NEFT-845766240230-COTTON MILLS CORP,0.0,0.0,0.0
68889231143,MILESTONE BANKING SOLUTIONS,16/02/2024,UPI/CR/637614319688/Priya Rao/6702353180@pay,0.0,0.0,0.0
68889231143,MILESTONE BANKING SOLUTIONS,16/02/2024,CHQ PAID-Ganesh Menon-MICR,0.0,0.0,0.0
68889231143,MILESTONE BANKING SOLUTIONS,17/02/2024,UPI/DR/132307621316/Ramesh Naidu/9432325853@pay,0.0,0.0,0.0
68889231143,MILESTONE BANKING SOLUTIONS,17/02/2024,NEFT-644389469845-CODEBASE SOLUTIONS,0.0,0.0,0.0
68889231143,MILESTONE BANKING SOLUTIONS,17/02/2024,CLG-WELLNESS BRANDS INDIA,0.0,0.0,0.0
68889231143,MILESTONE BANKING SOLUTIONS,19/02/2024,UPI/CR/459124258576/Karthik Krishnan/8894374991@pay,0.0,0.0,0.0
68889231143,MILESTONE BANKING SOLUTIONS,20/02/2024,NEFT-796473838707-PERSONAL CARE LTD,0.0,0.0,0.0
68889231143,MILESTONE BANKING SOLUTIONS,21/02/2024,UPI/DR/478423269311/Venkatesh Krishnan/8581433638@pay,0.0,0.0,0.0
68889231143,MILESTONE BANKING SOLUTIONS,21/02/2024,RTGS-ICICR268761544095-CONSUMER PRODUCTS INDIA,0.0,0.0,0.0
68889231143,MILESTONE BANKING SOLUTIONS,24/02/2024,UPI/DR/660876588682/Ganesh Pillai/7025596706@pay,0.0,0.0,0.0
68889231143,MILESTONE BANKING SOLUTIONS,24/02/2024,NEFT-594322549159-Ganesh Menon,0.0,0.0,0.0
68889231143,MILESTONE BANKING SOLUTIONS,24/02/2024,ATM WDL-16216,0.0,0.0,0.0
68889231143,MILESTONE BANKING SOLUTIONS,24/02/2024,UPI/CR/343581825451/Ramesh Menon/6550746402@pay,0.0,0.0,0.0
68889231143,MILESTONE BANKING SOLUTIONS,26/02/2024,CLG-HEALTHCARE PRODUCTS LTD,0.0,0.0,0.0
68889231143,MILESTONE BANKING SOLUTIONS,27/02/2024,NEFT-558813660839-URBAN CONSTRUCTIONS,0.0,0.0,0.0
68889231143,MILESTONE BANKING SOLUTIONS,27/02/2024,RTGS-ICICR340573633862-Srinivas Naidu,0.0,0.0,0.0
68889231143,MILESTONE BANKING SOLUTIONS,27/02/2024,CLG-HIGHWAY DEVELOPERS INDIA,0.0,0.0,0.0
68889231143,MILESTONE BANKING SOLUTIONS,28/02/2024,UPI/CR/870058482066/Anitha Nair/7663046720@pay,0.0,0.0,0.0
68889231143,MILESTONE BANKING SOLUTIONS,28/02/2024,UPI/DR/682351542017/Priya Pillai/8343495808@pay,0.0,0.0,0.0
68889231143,MILESTONE BANKING SOLUTIONS,28/02/2024,Service Charges-NEFT/RTGS Charges,0.0,0.0,0.0
68889231143,MILESTONE BANKING SOLUTIONS,28/02/2024,Service Charges-Cheque Book Charges,0.0,0.0,0.0
68889231143,MILESTONE BANKING SOLUTIONS,28/02/2024,Service Charges-Account Maintenance,0.0,0.0,0.0
68889231143,MILESTONE BANKING SOLUTIONS,29/02/2024,CASH DEPOSIT-Karthik Rao,0.0,0.0,0.0
68889231143,MILESTONE BANKING SOLUTIONS,29/02/2024,IMPS-932422136029-MINDWAVE CONSULTING,0.0,0.0,0.0
68889231143,MILESTONE BANKING SOLUTIONS,29/02/2024,IMPS-555962833212-DIGITAL SOLUTIONS INDIA,0.0,0.0,0.0
68889231143,MILESTONE BANKING SOLUTIONS,29/02/2024,UPI/DR/504287556203/Kavitha Menon/8968864815@pay,0.0,0.0,0.0
68889231143,MILESTONE BANKING SOLUTIONS,01/03/2024,CLG-WEBSTREAM LIMITED,0.0,0.0,0.0
68889231143,MILESTONE BANKING SOLUTIONS,01/03/2024,ATM WDL-97256,0.0,0.0,0.0
68889231143,MILESTONE BANKING SOLUTIONS,01/03/2024,RTGS-ICICR610701102428-Venkatesh Iyer,0.0,0.0,0.0
68889231143,MILESTONE BANKING SOLUTIONS,01/03/2024,CLG-SUPPLY CHAIN CORP,0.0,0.0,0.0
68889231143,MILESTONE BANKING SOLUTIONS,01/03/2024,SERVICE CHARGES-Demat Account AMC,0.0,0.0,0.0
68889231143,MILESTONE BANKING SOLUTIONS,02/03/2024,RTGS-ICICR103263851234-TECHVISION SYSTEMS,0.0,0.0,0.0
68889231143,MILESTONE BANKING SOLUTIONS,02/03/2024,NEFT-514811212553-HEALTHCARE PRODUCTS LTD,0.0,0.0,0.0
68889231143,MILESTONE BANKING SOLUTIONS,02/03/2024,CLG-WEBSTREAM LIMITED,0.0,0.0,0.0
68889231143,MILESTONE BANKING SOLUTIONS,04/03/2024,ATM WDL-34807,0.0,0.0,0.0
68889231143,MILESTONE BANKING SOLUTIONS,05/03/2024,NEFT Dr-207201438387-RENT PAYMENT-MONTHLY RENT,0.0,0.0,0.0
68889231143,MILESTONE BANKING SOLUTIONS,05/03/2024,ATM WDL-90974,0.0,0.0,0.0
68889231143,MILESTONE BANKING SOLUTIONS,05/03/2024,IMPS-591214954129-Subramaniam Krishnan,0.0,0.0,0.0
68889231143,MILESTONE BANKING SOLUTIONS,05/03/2024,CHQ PAID-Subramaniam Reddy-MICR,0.0,0.0,0.0
68889231143,MILESTONE BANKING SOLUTIONS,05/03/2024,IMPS-789598463883-PREMIUM INFRASTRUCTURE,0.0,0.0,0.0
68889231143,MILESTONE BANKING SOLUTIONS,05/03/2024,RTGS-ICICR792240442032-LIFELINE PHARMACEUTICAL,0.0,0.0,0.0
68889231143,MILESTONE BANKING SOLUTIONS,06/03/2024,IMPS-953932932266-Karthik Murthy,0.0,0.0,0.0
68889231143,MILESTONE BANKING SOLUTIONS,07/03/2024,CHQ PAID-Venkatesh Pillai-MICR,0.0,0.0,0.0
68889231143,MILESTONE BANKING SOLUTIONS,07/03/2024,IMPS-328397838580-CREDIT SERVICES LTD,0.0,0.0,0.0
68889231143,MILESTONE BANKING SOLUTIONS,07/03/2024,IMPS-119991724070-Venkatesh Reddy,0.0,0.0,0.0
68889231143,MILESTONE BANKING SOLUTIONS,09/03/2024,NEFT-883190332044-Anitha Menon,0.0,0.0,0.0
68889231143,MILESTONE BANKING SOLUTIONS,09/03/2024,NEFT-882892839523-SUPPLY CHAIN CORP,0.0,0.0,0.0
68889231143,MILESTONE BANKING SOLUTIONS,11/03/2024,CLG-HOUSING DEVELOPERS CORP,0.0,0.0,0.0
68889231143,MILESTONE BANKING SOLUTIONS,11/03/2024,NEFT-608966435736-Kavitha Rao,0.0,0.0,0.0
68889231143,MILESTONE BANKING SOLUTIONS,12/03/2024,IMPS-123941120043-Lakshmi Krishnan,0.0,0.0,0.0
68889231143,MILESTONE BANKING SOLUTIONS,12/03/2024,ATM WDL-80362,0.0,0.0,0.0
68889231143,MILESTONE BANKING SOLUTIONS,13/03/2024,UPI/CR/693040316083/Venkatesh Reddy/9012977101@pay,0.0,0.0,0.0
68889231143,MILESTONE BANKING SOLUTIONS,14/03/2024,Dividend Cr-FINANCE SOLUTIONS INDIA-EQUITY SHARES,0.0,0.0,0.0
68889231143,MILESTONE BANKING SOLUTIONS,14/03/2024,NEFT-638236703182-CONSUMER PRODUCTS INDIA,0.0,0.0,0.0
68889231143,MILESTONE BANKING SOLUTIONS,15/03/2024,NEFT Dr-828428206006-UTILITY SUBSCRIPTION,0.0,0.0,0.0
68889231143,MILESTONE BANKING SOLUTIONS,15/03/2024,CLG-SOFTWAVE TECHNOLOGIES,0.0,0.0,0.0
68889231143,MILESTONE BANKING SOLUTIONS,16/03/2024,ATM WDL-65513,0.0,0.0,0.0
68889231143,MILESTONE BANKING SOLUTIONS,16/03/2024,NEFT-347484303179-Srinivas Menon,0.0,0.0,0.0
68889231143,MILESTONE BANKING SOLUTIONS,18/03/2024,NEFT-530850931346-Ganesh Iyer,0.0,0.0,0.0
68889231143,MILESTONE BANKING SOLUTIONS,18/03/2024,RTGS-ICICR877495222592-WEBSTREAM LIMITED,0.0,0.0,0.0
68889231143,MILESTONE BANKING SOLUTIONS,18/03/2024,NEFT-296874460059-FABRIC INDUSTRIES INDIA,0.0,0.0,0.0
68889231143,MILESTONE BANKING SOLUTIONS,18/03/2024,CASH WITHDRAWAL-Srinivas Iyer,0.0,0.0,0.0
68889231143,MILESTONE BANKING SOLUTIONS,19/03/2024,ATM WDL-90924,0.0,0.0,0.0
68889231143,MILESTONE BANKING SOLUTIONS,19/03/2024,NEFT-519727124455-CREDIT SERVICES LTD,0.0,0.0,0.0
68889231143,MILESTONE BANKING SOLUTIONS,19/03/2024,IMPS-707599774328-Ganesh Rao,0.0,0.0,0.0
68889231143,MILESTONE BANKING SOLUTIONS,20/03/2024,IMPS-314188084127-Subramaniam Rao,0.0,0.0,0.0
68889231143,MILESTONE BANKING SOLUTIONS,20/03/2024,CLG-HOUSING DEVELOPERS CORP,0.0,0.0,0.0
68889231143,MILESTONE BANKING SOLUTIONS,20/03/2024,SERVICE CHARGES-Statement Charges,0.0,0.0,0.0
68889231143,MILESTONE BANKING SOLUTIONS,21/03/2024,IMPS-301384171939-Srinivas Murthy,0.0,0.0,0.0
68889231143,MILESTONE BANKING SOLUTIONS,22/03/2024,NEFT-444330917707-Kavitha Rao,0.0,0.0,0.0
68889231143,MILESTONE BANKING SOLUTIONS,22/03/2024,RTGS-ICICR809016384006-Lakshmi Pillai,0.0,0.0,0.0
68889231143,MILESTONE BANKING SOLUTIONS,23/03/2024,CLG-HIGHWAY DEVELOPERS INDIA,0.0,0.0,0.0
68889231143,MILESTONE BANKING SOLUTIONS,23/03/2024,NEFT-160212678257-MINDWAVE CONSULTING,0.0,0.0,0.0
68889231143,MILESTONE BANKING SOLUTIONS,26/03/2024,IMPS-865069426304-Ramesh Krishnan,0.0,0.0,0.0
68889231143,MILESTONE BANKING SOLUTIONS,27/03/2024,CASH WITHDRAWAL-Anitha Iyer,0.0,0.0,0.0
68889231143,MILESTONE BANKING SOLUTIONS,27/03/2024,NEFT-504093883604-Venkatesh Krishnan,0.0,0.0,0.0
68889231143,MILESTONE BANKING SOLUTIONS,28/03/2024,NEFT-336874070683-Ganesh Iyer,0.0,0.0,0.0
68889231143,MILESTONE BANKING SOLUTIONS,28/03/2024,CHQ PAID-Ganesh Krishnan-MICR,0.0,0.0,0.0
68889231143,MILESTONE BANKING SOLUTIONS,28/03/2024,IMPS-705774372015-WELLNESS BRANDS INDIA,0.0,0.0,0.0
68889231143,MILESTONE BANKING SOLUTIONS,28/03/2024,NEFT-497168220088-Srinivas Krishnan,0.0,0.0,0.0
68889231143,MILESTONE BANKING SOLUTIONS,28/03/2024,NEFT-898521102478-REALTY VENTURES LTD,0.0,0.0,0.0
68889231143,MILESTONE BANKING SOLUTIONS,28/03/2024,IMPS-816609521780-NETFORGE TECHNOLOGIES,0.0,0.0,0.0
68889231143,MILESTONE BANKING SOLUTIONS,28/03/2024,NEFT-806946607270-METROPOLITAN BUILDERS,0.0,0.0,0.0
68889231143,MILESTONE BANKING SOLUTIONS,28/03/2024,Service Charges-Account Maintenance,0.0,0.0,0.0
68889231143,MILESTONE BANKING SOLUTIONS,28/03/2024,Service Charges-SMS Alert Charges,0.0,0.0,0.0
68889231143,MILESTONE BANKING SOLUTIONS,28/03/2024,Service Charges-Cheque Book Charges,0.0,0.0,0.0
68889231143,MILESTONE BANKING SOLUTIONS,30/03/2024,CASH DEPOSIT-Priya Nair,0.0,0.0,0.0
44826835244,INDUSBANK LIMITED,01/01/2024,RTGS-ICICR825342685841-LIFELINE PHARMACEUTICAL,0.0,0.0,0.0
44826835244,INDUSBANK LIMITED,02/01/2024,CLG-APEX HEAVY INDUSTRIES,0.0,0.0,0.0
44826835244,INDUSBANK LIMITED,03/01/2024,CHQ PAID-Venkatesh Reddy-MICR,0.0,0.0,0.0
44826835244,INDUSBANK LIMITED,03/01/2024,IMPS-833455247800-Srinivas Iyer,0.0,0.0,0.0
44826835244,INDUSBANK LIMITED,04/01/2024,CLG-RETAIL SOLUTIONS INDIA,0.0,0.0,0.0
44826835244,INDUSBANK LIMITED,05/01/2024,IMPS-162031200445-Anitha Rao,0.0,0.0,0.0
44826835244,INDUSBANK LIMITED,06/01/2024,NEFT-948292876515-GST PAYMENT-GSTIN,0.0,0.0,0.0
44826835244,INDUSBANK LIMITED,06/01/2024,UPI/CR/710005364820/Kavitha Menon/7075475745@pay,0.0,0.0,0.0
44826835244,INDUSBANK LIMITED,08/01/2024,UPI/CR/474871352362/Lakshmi Murthy/6926188021@pay,0.0,0.0,0.0
44826835244,INDUSBANK LIMITED,08/01/2024,UPI/CR/196236100823/Ramesh Naidu/8461400671@pay,0.0,0.0,0.0
44826835244,INDUSBANK LIMITED,08/01/2024,UPI/DR/127951482243/Priya Menon/8029392569@pay,0.0,0.0,0.0
44826835244,INDUSBANK LIMITED,08/01/2024,CLG-SUPPLY CHAIN CORP,0.0,0.0,0.0
44826835244,INDUSBANK LIMITED,09/01/2024,UPI/CR/544642935371/Subramaniam Pillai/6568248779@pay,0.0,0.0,0.0
44826835244,INDUSBANK LIMITED,09/01/2024,NEFT-598994412253-HOUSING DEVELOPERS CORP,0.0,0.0,0.0
44826835244,INDUSBANK LIMITED,09/01/2024,CASH DEPOSIT-Venkatesh Nair,0.0,0.0,0.0
44826835244,INDUSBANK LIMITED,10/01/2024,UPI/CR/108382151968/Lakshmi Pillai/7029713318@pay,0.0,0.0,0.0
44826835244,INDUSBANK LIMITED,10/01/2024,IMPS-378064727441-CONSTRUCTION SOLUTIONS LTD,0.0,0.0,0.0
44826835244,INDUSBANK LIMITED,11/01/2024,CLG-CONSTRUCTION SOLUTIONS LTD,0.0,0.0,0.0
44826835244,INDUSBANK LIMITED,12/01/2024,IMPS-271431528249-EXPRESS LOGISTICS INDIA,0.0,0.0,0.0
44826835244,INDUSBANK LIMITED,12/01/2024,IMPS-336280434291-MINDWAVE CONSULTING,0.0,0.0,0.0
44826835244,INDUSBANK LIMITED,13/01/2024,NEFT-222989996197-Anitha Krishnan,0.0,0.0,0.0
44826835244,INDUSBANK LIMITED,13/01/2024,NEFT-760025599460-METROPOLITAN BUILDERS,0.0,0.0,0.0
44826835244,INDUSBANK LIMITED,13/01/2024,CASH WITHDRAWAL-Kavitha Menon,0.0,0.0,0.0
44826835244,INDUSBANK LIMITED,15/01/2024,IMPS-903727183326-Srinivas Murthy,0.0,0.0,0.0
44826835244,INDUSBANK LIMITED,15/01/2024,CHQ PAID-Ganesh Reddy-MICR,0.0,0.0,0.0
44826835244,INDUSBANK LIMITED,16/01/2024,NEFT-446141141839-Karthik Rao,0.0,0.0,0.0
44826835244,INDUSBANK LIMITED,17/01/2024,CHQ PAID-Lakshmi Naidu-MICR,0.0,0.0,0.0
44826835244,INDUSBANK LIMITED,18/01/2024,UPI/CR/394636348122/Ganesh Naidu/9522792868@pay,0.0,0.0,0.0
44826835244,INDUSBANK LIMITED,18/01/2024,IMPS-214848737367-INFOCORE TECHNOLOGIES,0.0,0.0,0.0
44826835244,INDUSBANK LIMITED,19/01/2024,NEFT-725089228902-NETFORGE TECHNOLOGIES,0.0,0.0,0.0
44826835244,INDUSBANK LIMITED,19/01/2024,NEFT-295420871374-AUTOMOTIVE PARTS CORP,0.0,0.0,0.0
44826835244,INDUSBANK LIMITED,19/01/2024,UPI/CR/723816431541/Anitha Krishnan/8183816280@pay,0.0,0.0,0.0
44826835244,INDUSBANK LIMITED,20/01/2024,CLG-GATEWAY PROJECTS LTD,0.0,0.0,0.0
44826835244,INDUSBANK LIMITED,22/01/2024,NEFT-187052690749-THERMAL SYSTEMS LTD,0.0,0.0,0.0
44826835244,INDUSBANK LIMITED,22/01/2024,RTGS-ICICR515060798561-Anitha Naidu,0.0,0.0,0.0
44826835244,INDUSBANK LIMITED,22/01/2024,NEFT-164434295181-REALTY VENTURES LTD,0.0,0.0,0.0
44826835244,INDUSBANK LIMITED,24/01/2024,NEFT-158836398356-URBAN ESTATES INDIA,0.0,0.0,0.0
44826835244,INDUSBANK LIMITED,24/01/2024,CLG-DAILY NEEDS LIMITED,0.0,0.0,0.0
44826835244,INDUSBANK LIMITED,24/01/2024,CLG-MINDWAVE CONSULTING,0.0,0.0,0.0
44826835244,INDUSBANK LIMITED,25/01/2024,IMPS-931950462195-Srinivas Krishnan,0.0,0.0,0.0
44826835244,INDUSBANK LIMITED,27/01/2024,CLG-HEALTHCARE PRODUCTS LTD,0.0,0.0,0.0
44826835244,INDUSBANK LIMITED,27/01/2024,RTGS-ICICR191932237559-Anitha Menon,0.0,0.0,0.0
44826835244,INDUSBANK LIMITED,29/01/2024,UPI/CR/228868778826/Priya Pillai/9112692921@pay,0.0,0.0,0.0
44826835244,INDUSBANK LIMITED,29/01/2024,IMPS-813032614716-DATABRIDGE INFOTECH,0.0,0.0,0.0
44826835244,INDUSBANK LIMITED,30/01/2024,Dividend Cr-PRECISION ENGINEERING WORKS-EQUITY SHARES,0.0,0.0,0.0
44826835244,INDUSBANK LIMITED,31/01/2024,UPI/CR/288722377374/Ganesh Reddy/8762575964@pay,0.0,0.0,0.0
44826835244,INDUSBANK LIMITED,31/01/2024,NEFT-521852207653-INDUSTRIAL COMPONENTS INDIA,0.0,0.0,0.0
44826835244,INDUSBANK LIMITED,31/01/2024,CLG-FASHION TEXTILES LTD,0.0,0.0,0.0
44826835244,INDUSBANK LIMITED,01/02/2024,ATM WDL-44479,0.0,0.0,0.0
44826835244,INDUSBANK LIMITED,01/02/2024,Dividend Cr-METROPOLITAN BUILDERS-EQUITY SHARES,0.0,0.0,0.0
44826835244,INDUSBANK LIMITED,01/02/2024,IMPS-878848662472-DAILY NEEDS LIMITED,0.0,0.0,0.0
44826835244,INDUSBANK LIMITED,02/02/2024,RTGS-ICICR775717744981-Kavitha Murthy,0.0,0.0,0.0
44826835244,INDUSBANK LIMITED,02/02/2024,CASH DEPOSIT-Anitha Reddy,0.0,0.0,0.0
44826835244,INDUSBANK LIMITED,03/02/2024,CASH DEPOSIT-Venkatesh Krishnan,0.0,0.0,0.0
44826835244,INDUSBANK LIMITED,03/02/2024,CLG-HIGHWAY DEVELOPERS INDIA,0.0,0.0,0.0
44826835244,INDUSBANK LIMITED,05/02/2024,UPI/CR/557856016344/Anitha Naidu/9475283955@pay,0.0,0.0,0.0
44826835244,INDUSBANK LIMITED,05/02/2024,CHQ PAID-Venkatesh Reddy-MICR,0.0,0.0,0.0
44826835244,INDUSBANK LIMITED,06/02/2024,IMPS-369358727799-INVESTMENT SERVICES INDIA,0.0,0.0,0.0
44826835244,INDUSBANK LIMITED,06/02/2024,NEFT-910003669651-CODEBASE SOLUTIONS,0.0,0.0,0.0
44826835244,INDUSBANK LIMITED,06/02/2024,UPI/CR/877751367246/Karthik Krishnan/6928144763@pay,0.0,0.0,0.0
44826835244,INDUSBANK LIMITED,07/02/2024,IMPS-986894800411-Priya Murthy,0.0,0.0,0.0
44826835244,INDUSBANK LIMITED,07/02/2024,REVERSAL-NEFT-910003669651-CODEBASE SOLUTIONS,0.0,0.0,0.0
44826835244,INDUSBANK LIMITED,08/02/2024,CASH DEPOSIT-Priya Menon,0.0,0.0,0.0
44826835244,INDUSBANK LIMITED,09/02/2024,CASH DEPOSIT-Karthik Krishnan,0.0,0.0,0.0
44826835244,INDUSBANK LIMITED,12/02/2024,RTGS-ICICR303710768657-Srinivas Naidu,0.0,0.0,0.0
44826835244,INDUSBANK LIMITED,12/02/2024,CASH WITHDRAWAL-Lakshmi Menon,0.0,0.0,0.0
44826835244,INDUSBANK LIMITED,12/02/2024,Dividend Cr-PREMIUM PROPERTIES LTD-EQUITY SHARES,0.0,0.0,0.0
44826835244,INDUSBANK LIMITED,12/02/2024,NEFT-531888547190-REALTY VENTURES LTD,0.0,0.0,0.0
44826835244,INDUSBANK LIMITED,13/02/2024,UPI/CR/542722413468/Karthik Reddy/8879507113@pay,0.0,0.0,0.0
44826835244,INDUSBANK LIMITED,13/02/2024,CLG-DAILY NEEDS LIMITED,0.0,0.0,0.0
44826835244,INDUSBANK LIMITED,13/02/2024,CLG-MINDWAVE CONSULTING,0.0,0.0,0.0
44826835244,INDUSBANK LIMITED,13/02/2024,CLG-URBAN CONSTRUCTIONS,0.0,0.0,0.0
44826835244,INDUSBANK LIMITED,14/02/2024,NEFT-278319538520-INFOCORE TECHNOLOGIES,0.0,0.0,0.0
44826835244,INDUSBANK LIMITED,14/02/2024,NEFT-250942936984-Ramesh Rao,0.0,0.0,0.0
44826835244,INDUSBANK LIMITED,14/02/2024,CLG-APEX HEAVY INDUSTRIES,0.0,0.0,0.0
44826835244,INDUSBANK LIMITED,14/02/2024,IMPS-473128295406-LIFELINE PHARMACEUTICAL,0.0,0.0,0.0
44826835244,INDUSBANK LIMITED,15/02/2024,CASH DEPOSIT-Srinivas Murthy,0.0,0.0,0.0
44826835244,INDUSBANK LIMITED,15/02/2024,REVERSAL-NEFT-531888547190-REALTY VENTURES LTD,0.0,0.0,0.0
44826835244,INDUSBANK LIMITED,15/02/2024,NEFT-309847523348-CAPITAL VENTURES INDIA,0.0,0.0,0.0
44826835244,INDUSBANK LIMITED,16/02/2024,CLG-CARGO SOLUTIONS LTD,0.0,0.0,0.0
44826835244,INDUSBANK LIMITED,16/02/2024,ATM WDL-14895,0.0,0.0,0.0
44826835244,INDUSBANK LIMITED,17/02/2024,IMPS-885143269598-Venkatesh Nair,0.0,0.0,0.0
44826835244,INDUSBANK LIMITED,19/02/2024,UPI/DR/452028101390/Srinivas Menon/6519463811@pay,0.0,0.0,0.0
44826835244,INDUSBANK LIMITED,20/02/2024,ATM WDL-64023,0.0,0.0,0.0
44826835244,INDUSBANK LIMITED,20/02/2024,IMPS-105517449263-Priya Nair,0.0,0.0,0.0
44826835244,INDUSBANK LIMITED,20/02/2024,ATM WDL-83635,0.0,0.0,0.0
44826835244,INDUSBANK LIMITED,20/02/2024,NEFT-499906778483-HEALTHCARE PRODUCTS LTD,0.0,0.0,0.0
44826835244,INDUSBANK LIMITED,20/02/2024,RTGS-ICICR316207857914-Venkatesh Reddy,0.0,0.0,0.0
44826835244,INDUSBANK LIMITED,21/02/2024,NEFT-123358918953-GST PAYMENT-GSTIN,0.0,0.0,0.0
44826835244,INDUSBANK LIMITED,21/02/2024,UPI/CR/443425858626/Priya Pillai/9602183172@pay,0.0,0.0,0.0
44826835244,INDUSBANK LIMITED,22/02/2024,CLG-CAPITAL VENTURES INDIA,0.0,0.0,0.0
44826835244,INDUSBANK LIMITED,22/02/2024,IMPS-597916529325-DATABRIDGE INFOTECH,0.0,0.0,0.0
44826835244,INDUSBANK LIMITED,22/02/2024,NEFT-472570475998-Venkatesh Iyer,0.0,0.0,0.0
44826835244,INDUSBANK LIMITED,23/02/2024,ATM WDL-63032,0.0,0.0,0.0
44826835244,INDUSBANK LIMITED,23/02/2024,CLG-EXPRESS LOGISTICS INDIA,0.0,0.0,0.0
44826835244,INDUSBANK LIMITED,27/02/2024,IMPS-359117980672-Anitha Pillai,0.0,0.0,0.0
44826835244,INDUSBANK LIMITED,27/02/2024,UPI/CR/818463446788/Karthik Pillai/6026973147@pay,0.0,0.0,0.0
44826835244,INDUSBANK LIMITED,27/02/2024,FAILED-INSUFFICIENT FUNDS-UPI/DR/667981882487/Karthik Pillai/8172540746@pay,0.0,0.0,0.0
44826835244,INDUSBANK LIMITED,28/02/2024,IMPS-313277490811-Ganesh Nair,0.0,0.0,0.0
44826835244,INDUSBANK LIMITED,28/02/2024,NEFT-943450041913-GST PAYMENT-GSTIN,0.0,0.0,0.0
44826835244,INDUSBANK LIMITED,28/02/2024,UPI/CR/467391860314/Karthik Reddy/9684049982@pay,0.0,0.0,0.0
44826835244,INDUSBANK LIMITED,28/02/2024,Service Charges-Cheque Book Charges,0.0,0.0,0.0
44826835244,INDUSBANK LIMITED,28/02/2024,Service Charges-Foreign Currency Markup,0.0,0.0,0.0
44826835244,INDUSBANK LIMITED,29/02/2024,IMPS-254339856172-Ramesh Nair,0.0,0.0,0.0
44826835244,INDUSBANK LIMITED,29/02/2024,CHQ PAID-Priya Naidu-MICR,0.0,0.0,0.0
44826835244,INDUSBANK LIMITED,29/02/2024,UPI/DR/685645624548/Ramesh Rao/6587049730@pay,0.0,0.0,0.0
44826835244,INDUSBANK LIMITED,29/02/2024,IMPS-363364956934-CONSTRUCTION SOLUTIONS LTD,0.0,0.0,0.0
44826835244,INDUSBANK LIMITED,01/03/2024,RTGS-ICICR119262898946-CODEBASE SOLUTIONS,0.0,0.0,0.0
44826835244,INDUSBANK LIMITED,02/03/2024,IMPS-341379301640-Subramaniam Reddy,0.0,0.0,0.0
44826835244,INDUSBANK LIMITED,04/03/2024,CASH WITHDRAWAL-Anitha Krishnan,0.0,0.0,0.0
44826835244,INDUSBANK LIMITED,04/03/2024,CASH WITHDRAWAL-Karthik Nair,0.0,0.0,0.0
44826835244,INDUSBANK LIMITED,04/03/2024,ATM WDL-60611,0.0,0.0,0.0
44826835244,INDUSBANK LIMITED,04/03/2024,NEFT-633574335712-Lakshmi Murthy,0.0,0.0,0.0
44826835244,INDUSBANK LIMITED,04/03/2024,FAILED-INSUFFICIENT FUNDS-RTGS-ICICR423913468606-Subramaniam Krishnan,0.0,0.0,0.0
44826835244,INDUSBANK LIMITED,05/03/2024,NEFT-906249338737-AUTOMOTIVE PARTS CORP,0.0,0.0,0.0
44826835244,INDUSBANK LIMITED,05/03/2024,NEFT-817087065090-Kavitha Murthy,0.0,0.0,0.0
44826835244,INDUSBANK LIMITED,06/03/2024,CASH WITHDRAWAL-Subramaniam Rao,0.0,0.0,0.0
44826835244,INDUSBANK LIMITED,06/03/2024,NEFT-692695350000-Venkatesh Pillai,0.0,0.0,0.0
44826835244,INDUSBANK LIMITED,07/03/2024,IMPS-989123265141-Ganesh Iyer,0.0,0.0,0.0
44826835244,INDUSBANK LIMITED,09/03/2024,CHQ PAID-Ganesh Menon-MICR,0.0,0.0,0.0
44826835244,INDUSBANK LIMITED,09/03/2024,NEFT-341173767681-PERSONAL CARE LTD,0.0,0.0,0.0
44826835244,INDUSBANK LIMITED,11/03/2024,IMPS-721070351828-Subramaniam Rao,0.0,0.0,0.0
44826835244,INDUSBANK LIMITED,11/03/2024,CHQ PAID-Kavitha Menon-MICR,0.0,0.0,0.0
44826835244,INDUSBANK LIMITED,11/03/2024,RTGS-ICICR115300808656-Ganesh Nair,0.0,0.0,0.0
44826835244,INDUSBANK LIMITED,12/03/2024,NEFT-163361183656-Priya Krishnan,0.0,0.0,0.0
44826835244,INDUSBANK LIMITED,13/03/2024,NEFT-377592818409-Ramesh Iyer,0.0,0.0,0.0
44826835244,INDUSBANK LIMITED,15/03/2024,ATM WDL-68150,0.0,0.0,0.0
44826835244,INDUSBANK LIMITED,15/03/2024,NEFT-174563733186-Kavitha Rao,0.0,0.0,0.0
44826835244,INDUSBANK LIMITED,15/03/2024,Dividend Cr-CYBERCRAFT SYSTEMS-EQUITY SHARES,0.0,0.0,0.0
44826835244,INDUSBANK LIMITED,15/03/2024,CLG-MEDCARE LABORATORIES,0.0,0.0,0.0
44826835244,INDUSBANK LIMITED,16/03/2024,IMPS-369076538363-MEDCARE LABORATORIES,0.0,0.0,0.0
44826835244,INDUSBANK LIMITED,16/03/2024,NEFT-435861685813-Anitha Reddy,0.0,0.0,0.0
44826835244,INDUSBANK LIMITED,18/03/2024,CHQ PAID-Priya Reddy-MICR,0.0,0.0,0.0
44826835244,INDUSBANK LIMITED,18/03/2024,CLG-DIGITAL SOLUTIONS INDIA,0.0,0.0,0.0
44826835244,INDUSBANK LIMITED,18/03/2024,NEFT-730927899639-Kavitha Menon,0.0,0.0,0.0
44826835244,INDUSBANK LIMITED,19/03/2024,SERVICE CHARGES-Cheque Book Charges,0.0,0.0,0.0
44826835244,INDUSBANK LIMITED,19/03/2024,UPI/CR/753505167190/Lakshmi Pillai/8664312626@pay,0.0,0.0,0.0
44826835244,INDUSBANK LIMITED,20/03/2024,UPI/DR/376488763260/Priya Menon/6265859635@pay,0.0,0.0,0.0
44826835244,INDUSBANK LIMITED,21/03/2024,IMPS-534985045001-CODEBASE SOLUTIONS,0.0,0.0,0.0
44826835244,INDUSBANK LIMITED,21/03/2024,CLG-CAPITAL VENTURES INDIA,0.0,0.0,0.0
44826835244,INDUSBANK LIMITED,21/03/2024,IMPS-856393733092-CLOUDTECH SERVICES,0.0,0.0,0.0
44826835244,INDUSBANK LIMITED,21/03/2024,UPI/CR/810371720481/Srinivas Rao/6655976800@pay,0.0,0.0,0.0
44826835244,INDUSBANK LIMITED,22/03/2024,CASH DEPOSIT-Kavitha Murthy,0.0,0.0,0.0
44826835244,INDUSBANK LIMITED,22/03/2024,CASH DEPOSIT-Venkatesh Reddy,0.0,0.0,0.0
44826835244,INDUSBANK LIMITED,22/03/2024,UPI/CR/429753838458/Srinivas Reddy/9004204245@pay,0.0,0.0,0.0
44826835244,INDUSBANK LIMITED,22/03/2024,RTGS-ICICR624080760291-THERMAL SYSTEMS LTD,0.0,0.0,0.0
44826835244,INDUSBANK LIMITED,22/03/2024,IMPS-643140293505-HOUSING DEVELOPERS CORP,0.0,0.0,0.0
44826835244,INDUSBANK LIMITED,23/03/2024,IMPS-612483885629-Karthik Rao,0.0,0.0,0.0
44826835244,INDUSBANK LIMITED,26/03/2024,RTGS-ICICR973336721868-NETPULSE SYSTEMS,0.0,0.0,0.0
44826835244,INDUSBANK LIMITED,26/03/2024,CASH DEPOSIT-Subramaniam Naidu,0.0,0.0,0.0
44826835244,INDUSBANK LIMITED,26/03/2024,CHQ PAID-Priya Murthy-MICR,0.0,0.0,0.0
44826835244,INDUSBANK LIMITED,26/03/2024,NEFT-502094654258-Ganesh Nair,0.0,0.0,0.0
44826835244,INDUSBANK LIMITED,27/03/2024,CHQ PAID-Srinivas Menon-MICR,0.0,0.0,0.0
44826835244,INDUSBANK LIMITED,27/03/2024,NEFT-215429271927-Lakshmi Pillai,0.0,0.0,0.0
44826835244,INDUSBANK LIMITED,28/03/2024,CASH DEPOSIT-Venkatesh Menon,0.0,0.0,0.0
44826835244,INDUSBANK LIMITED,28/03/2024,Service Charges-Online Banking Charges,0.0,0.0,0.0
61370448090,CITADEL BANK OF INDIA,02/01/2024,IMPS-557145024424-Kavitha Naidu,0.0,0.0,0.0
61370448090,CITADEL BANK OF INDIA,02/01/2024,UPI/CR/721853693699/Ganesh Nair/8593991959@pay,0.0,0.0,0.0
61370448090,CITADEL BANK OF INDIA,02/01/2024,NEFT-124200512320-CODEBASE SOLUTIONS,0.0,0.0,0.0
61370448090,CITADEL BANK OF INDIA,03/01/2024,CASH DEPOSIT-Srinivas Murthy,0.0,0.0,0.0
61370448090,CITADEL BANK OF INDIA,03/01/2024,UPI/CR/865029337184/Srinivas Nair/8133590319@pay,0.0,0.0,0.0
61370448090,CITADEL BANK OF INDIA,03/01/2024,IMPS-861833326702-Subramaniam Rao,0.0,0.0,0.0
61370448090,CITADEL BANK OF INDIA,03/01/2024,CASH WITHDRAWAL-Ramesh Reddy,0.0,0.0,0.0
61370448090,CITADEL BANK OF INDIA,04/01/2024,CASH WITHDRAWAL-Karthik Reddy,0.0,0.0,0.0
61370448090,CITADEL BANK OF INDIA,04/01/2024,UPI/CR/402592616300/Venkatesh Naidu/7815052424@pay,0.0,0.0,0.0
61370448090,CITADEL BANK OF INDIA,05/01/2024,NEFT Dr-765278180754-RENT PAYMENT-MONTHLY RENT,0.0,0.0,0.0
61370448090,CITADEL BANK OF INDIA,05/01/2024,SERVICE CHARGES-Demat Account AMC,0.0,0.0,0.0
61370448090,CITADEL BANK OF INDIA,05/01/2024,IMPS-279979093797-PREMIUM INFRASTRUCTURE,0.0,0.0,0.0
61370448090,CITADEL BANK OF INDIA,05/01/2024,RTGS-ICICR156687383315-Subramaniam Iyer,0.0,0.0,0.0
61370448090,CITADEL BANK OF INDIA,06/01/2024,CLG-METROPOLITAN BUILDERS,0.0,0.0,0.0
61370448090,CITADEL BANK OF INDIA,06/01/2024,UPI/CR/393858047453/Ramesh Krishnan/6388600736@pay,0.0,0.0,0.0
61370448090,CITADEL BANK OF INDIA,06/01/2024,UPI/CR/767187822822/Srinivas Naidu/7753186391@pay,0.0,0.0,0.0
61370448090,CITADEL BANK OF INDIA,06/01/2024,UPI/CR/778731983512/Subramaniam Naidu/6180947666@pay,0.0,0.0,0.0
61370448090,CITADEL BANK OF INDIA,06/01/2024,UPI/CR/229572910028/Ramesh Krishnan/6178684910@pay,0.0,0.0,0.0
61370448090,CITADEL BANK OF INDIA,08/01/2024,UPI/CR/713442560774/Priya Murthy/8418515884@pay,0.0,0.0,0.0
61370448090,CITADEL BANK OF INDIA,08/01/2024,NEFT-662187915241-INDUSTRIAL COMPONENTS INDIA,0.0,0.0,0.0
61370448090,CITADEL BANK OF INDIA,08/01/2024,REVERSAL-UPI/CR/393858047453/Ramesh Krishnan/6388600736@pay,0.0,0.0,0.0
61370448090,CITADEL BANK OF INDIA,08/01/2024,NEFT-114245163160-Lakshmi Murthy,0.0,0.0,0.0
61370448090,CITADEL BANK OF INDIA,08/01/2024,CASH DEPOSIT-Subramaniam Reddy,0.0,0.0,0.0
61370448090,CITADEL BANK OF INDIA,08/01/2024,UPI/CR/586537697817/Lakshmi Krishnan/9336184459@pay,0.0,0.0,0.0
61370448090,CITADEL BANK OF INDIA,08/01/2024,IMPS-309437133954-RETAIL SOLUTIONS INDIA,0.0,0.0,0.0
61370448090,CITADEL BANK OF INDIA,08/01/2024,IMPS-678934826254-Priya Pillai,0.0,0.0,0.0
61370448090,CITADEL BANK OF INDIA,09/01/2024,UPI/CR/959771712540/Priya Nair/8801247373@pay,0.0,0.0,0.0
61370448090,CITADEL BANK OF INDIA,09/01/2024,UPI/CR/547925653961/Priya Rao/9642193785@pay,0.0,0.0,0.0
61370448090,CITADEL BANK OF INDIA,10/01/2024,NEFT Dr-830066423322-LOAN EMI-MONTHLY INSTALLMENT,0.0,0.0,0.0
61370448090,CITADEL BANK OF INDIA,10/01/2024,IMPS-335411493142-INFOCORE TECHNOLOGIES,0.0,0.0,0.0
61370448090,CITADEL BANK OF INDIA,11/01/2024,NEFT Dr-117696850018-CLOUD SUBSCRIPTION,0.0,0.0,0.0
61370448090,CITADEL BANK OF INDIA,11/01/2024,RTGS-ICICR545495710669-FASHION TEXTILES LTD,0.0,0.0,0.0
61370448090,CITADEL BANK OF INDIA,11/01/2024,RTGS-ICICR488475072391-CODEBASE SOLUTIONS,0.0,0.0,0.0
61370448090,CITADEL BANK OF INDIA,12/01/2024,SERVICE CHARGES-SMS Alert Charges,0.0,0.0,0.0
61370448090,CITADEL BANK OF INDIA,15/01/2024,CLG-MEDCARE LABORATORIES,0.0,0.0,0.0
61370448090,CITADEL BANK OF INDIA,15/01/2024,CLG-PREMIUM PROPERTIES LTD,0.0,0.0,0.0
61370448090,CITADEL BANK OF INDIA,15/01/2024,RTGS-ICICR301498636680-Priya Murthy,0.0,0.0,0.0
61370448090,CITADEL BANK OF INDIA,16/01/2024,RTGS-ICICR305179727859-DIGITAL SOLUTIONS INDIA,0.0,0.0,0.0
61370448090,CITADEL BANK OF INDIA,16/01/2024,CHQ PAID-Srinivas Rao-MICR,0.0,0.0,0.0
61370448090,CITADEL BANK OF INDIA,17/01/2024,CASH WITHDRAWAL-Karthik Iyer,0.0,0.0,0.0
61370448090,CITADEL BANK OF INDIA,17/01/2024,IMPS-772512713027-NETPULSE SYSTEMS,0.0,0.0,0.0
61370448090,CITADEL BANK OF INDIA,17/01/2024,NEFT-831273598842-REALTY VENTURES LTD,0.0,0.0,0.0
61370448090,CITADEL BANK OF INDIA,19/01/2024,UPI/CR/609391414383/Srinivas Nair/6733715864@pay,0.0,0.0,0.0
61370448090,CITADEL BANK OF INDIA,19/01/2024,ATM WDL-55788,0.0,0.0,0.0
61370448090,CITADEL BANK OF INDIA,19/01/2024,NEFT-515344779009-CYBERCRAFT SYSTEMS,0.0,0.0,0.0
61370448090,CITADEL BANK OF INDIA,19/01/2024,NEFT-575803938790-METROPOLITAN BUILDERS,0.0,0.0,0.0
61370448090,CITADEL BANK OF INDIA,20/01/2024,NEFT Dr-217226692148-GST PAYMENT-GSTIN 79B5762,0.0,0.0,0.0
61370448090,CITADEL BANK OF INDIA,20/01/2024,NEFT-691448539823-Karthik Nair,0.0,0.0,0.0
61370448090,CITADEL BANK OF INDIA,24/01/2024,CASH WITHDRAWAL-Venkatesh Nair,0.0,0.0,0.0
61370448090,CITADEL BANK OF INDIA,24/01/2024,IMPS-878924631625-Subramaniam Rao,0.0,0.0,0.0
61370448090,CITADEL BANK OF INDIA,25/01/2024,CHQ PAID-Ramesh Krishnan-MICR,0.0,0.0,0.0
61370448090,CITADEL BANK OF INDIA,27/01/2024,NEFT-458633330325-WEBSTREAM LIMITED,0.0,0.0,0.0
61370448090,CITADEL BANK OF INDIA,27/01/2024,IMPS-284431732558-DATABRIDGE INFOTECH,0.0,0.0,0.0
61370448090,CITADEL BANK OF INDIA,29/01/2024,CLG-METROPOLITAN BUILDERS,0.0,0.0,0.0
61370448090,CITADEL BANK OF INDIA,30/01/2024,CHQ PAID-Karthik Iyer-MICR,0.0,0.0,0.0
61370448090,CITADEL BANK OF INDIA,30/01/2024,RTGS-ICICR391341236698-Venkatesh Iyer,0.0,0.0,0.0
61370448090,CITADEL BANK OF INDIA,30/01/2024,RTGS-ICICR829545217597-FABRIC INDUSTRIES INDIA,0.0,0.0,0.0
61370448090,CITADEL BANK OF INDIA,30/01/2024,IMPS-700169174979-PREMIUM PROPERTIES LTD,0.0,0.0,0.0
61370448090,CITADEL BANK OF INDIA,30/01/2024,ATM WDL-17212,0.0,0.0,0.0
61370448090,CITADEL BANK OF INDIA,31/01/2024,CASH DEPOSIT-Venkatesh Menon,0.0,0.0,0.0
61370448090,CITADEL BANK OF INDIA,31/01/2024,IMPS-584748226383-Ramesh Iyer,0.0,0.0,0.0
61370448090,CITADEL BANK OF INDIA,31/01/2024,IMPS-470765935681-Subramaniam Krishnan,0.0,0.0,0.0
61370448090,CITADEL BANK OF INDIA,01/02/2024,NEFT-541086930290-Ganesh Pillai,0.0,0.0,0.0
61370448090,CITADEL BANK OF INDIA,02/02/2024,NEFT-302897865882-Ganesh Reddy,0.0,0.0,0.0
61370448090,CITADEL BANK OF INDIA,03/02/2024,CASH DEPOSIT-Priya Rao,0.0,0.0,0.0
61370448090,CITADEL BANK OF INDIA,03/02/2024,CLG-LIFELINE PHARMACEUTICAL,0.0,0.0,0.0
61370448090,CITADEL BANK OF INDIA,03/02/2024,NEFT-581505540046-Priya Nair,0.0,0.0,0.0
61370448090,CITADEL BANK OF INDIA,05/02/2024,NEFT Dr-216156621765-RENT PAYMENT-MONTHLY RENT,0.0,0.0,0.0
61370448090,CITADEL BANK OF INDIA,05/02/2024,RTGS-ICICR395048605567-CARGO SOLUTIONS LTD,0.0,0.0,0.0
61370448090,CITADEL BANK OF INDIA,05/02/2024,IMPS-221136956651-Anitha Naidu,0.0,0.0,0.0
61370448090,CITADEL BANK OF INDIA,05/02/2024,ATM WDL-16521,0.0,0.0,0.0
61370448090,CITADEL BANK OF INDIA,05/02/2024,NEFT-962559439134-Karthik Nair,0.0,0.0,0.0
61370448090,CITADEL BANK OF INDIA,05/02/2024,NEFT-814304952394-PREMIUM PROPERTIES LTD,0.0,0.0,0.0
61370448090,CITADEL BANK OF INDIA,05/02/2024,IMPS-275954005562-DAILY NEEDS LIMITED,0.0,0.0,0.0
61370448090,CITADEL BANK OF INDIA,06/02/2024,CHQ PAID-Ramesh Murthy-MICR,0.0,0.0,0.0
61370448090,CITADEL BANK OF INDIA,06/02/2024,NEFT-525637951440-SOFTWAVE TECHNOLOGIES,0.0,0.0,0.0
61370448090,CITADEL BANK OF INDIA,06/02/2024,IMPS-860203142684-CYBERCRAFT SYSTEMS,0.0,0.0,0.0
61370448090,CITADEL BANK OF INDIA,07/02/2024,CLG-MOTOR INDUSTRIES LTD,0.0,0.0,0.0
61370448090,CITADEL BANK OF INDIA,07/02/2024,NEFT-790959397040-HOUSING DEVELOPERS CORP,0.0,0.0,0.0
61370448090,CITADEL BANK OF INDIA,08/02/2024,NEFT-770034326408-PRECISION ENGINEERING WORKS,0.0,0.0,0.0
61370448090,CITADEL BANK OF INDIA,09/02/2024,IMPS-712837360428-CONSUMER PRODUCTS INDIA,0.0,0.0,0.0
61370448090,CITADEL BANK OF INDIA,10/02/2024,NEFT Dr-878423716277-LOAN EMI-MONTHLY INSTALLMENT,0.0,0.0,0.0
61370448090,CITADEL BANK OF INDIA,10/02/2024,NEFT-553673993453-INDUSTRIAL COMPONENTS INDIA,0.0,0.0,0.0
61370448090,CITADEL BANK OF INDIA,10/02/2024,CLG-URBAN ESTATES INDIA,0.0,0.0,0.0
61370448090,CITADEL BANK OF INDIA,10/02/2024,RTGS-ICICR173240039310-CYBERCRAFT SYSTEMS,0.0,0.0,0.0
61370448090,CITADEL BANK OF INDIA,12/02/2024,RTGS-ICICR335888579152-REALTY VENTURES LTD,0.0,0.0,0.0
61370448090,CITADEL BANK OF INDIA,13/02/2024,NEFT-617057596192-LIFELINE PHARMACEUTICAL,0.0,0.0,0.0
61370448090,CITADEL BANK OF INDIA,13/02/2024,FAILED-INSUFFICIENT FUNDS-UPI/DR/544707381337/Ganesh Nair/8352749006@pay,0.0,0.0,0.0
61370448090,CITADEL BANK OF INDIA,13/02/2024,IMPS-539444443867-NETFORGE TECHNOLOGIES,0.0,0.0,0.0
61370448090,CITADEL BANK OF INDIA,13/02/2024,CHQ PAID-Ramesh Reddy-MICR,0.0,0.0,0.0
61370448090,CITADEL BANK OF INDIA,14/02/2024,NEFT-395198356524-CODEBASE SOLUTIONS,0.0,0.0,0.0
61370448090,CITADEL BANK OF INDIA,15/02/2024,NEFT-173843900216-RETAIL SOLUTIONS INDIA,0.0,0.0,0.0
61370448090,CITADEL BANK OF INDIA,16/02/2024,CHQ PAID-Subramaniam Nair-MICR,0.0,0.0,0.0
61370448090,CITADEL BANK OF INDIA,17/02/2024,RTGS-ICICR192493571694-Lakshmi Reddy,0.0,0.0,0.0
61370448090,CITADEL BANK OF INDIA,17/02/2024,NEFT-382798528970-Karthik Pillai,0.0,0.0,0.0
61370448090,CITADEL BANK OF INDIA,17/02/2024,CASH DEPOSIT-Kavitha Murthy,0.0,0.0,0.0
61370448090,CITADEL BANK OF INDIA,20/02/2024,NEFT Dr-840575426522-GST PAYMENT-GSTIN 58D1481,0.0,0.0,0.0
61370448090,CITADEL BANK OF INDIA,20/02/2024,CASH DEPOSIT-Subramaniam Reddy,0.0,0.0,0.0
61370448090,CITADEL BANK OF INDIA,21/02/2024,UPI/CR/754337641157/Anitha Iyer/7482387729@pay,0.0,0.0,0.0
61370448090,CITADEL BANK OF INDIA,22/02/2024,NEFT-539479879998-Priya Nair,0.0,0.0,0.0
61370448090,CITADEL BANK OF INDIA,23/02/2024,Dividend Cr-CAPITAL VENTURES INDIA-EQUITY SHARES,0.0,0.0,0.0
61370448090,CITADEL BANK OF INDIA,23/02/2024,IMPS-397683111221-Ganesh Reddy,0.0,0.0,0.0
61370448090,CITADEL BANK OF INDIA,24/02/2024,IMPS-327157794695-RETAIL SOLUTIONS INDIA,0.0,0.0,0.0
61370448090,CITADEL BANK OF INDIA,24/02/2024,NEFT-752088658047-Priya Reddy,0.0,0.0,0.0
61370448090,CITADEL BANK OF INDIA,24/02/2024,IMPS-726084217382-HEALTHPLUS PHARMA LTD,0.0,0.0,0.0
61370448090,CITADEL BANK OF INDIA,24/02/2024,FAILED-INSUFFICIENT FUNDS-IMPS-620255816856-Ganesh Pillai,0.0,0.0,0.0
61370448090,CITADEL BANK OF INDIA,26/02/2024,CASH DEPOSIT-Srinivas Menon,0.0,0.0,0.0
61370448090,CITADEL BANK OF INDIA,26/02/2024,NEFT-845896428143-PREMIUM PROPERTIES LTD,0.0,0.0,0.0
61370448090,CITADEL BANK OF INDIA,27/02/2024,CASH WITHDRAWAL-Karthik Murthy,0.0,0.0,0.0
61370448090,CITADEL BANK OF INDIA,27/02/2024,NEFT-455099602125-Anitha Iyer,0.0,0.0,0.0
61370448090,CITADEL BANK OF INDIA,28/02/2024,NEFT-849499624243-APEX HEAVY INDUSTRIES,0.0,0.0,0.0
61370448090,CITADEL BANK OF INDIA,28/02/2024,UPI/DR/365270202266/Subramaniam Menon/6307718159@pay,0.0,0.0,0.0
61370448090,CITADEL BANK OF INDIA,28/02/2024,Service Charges-NEFT/RTGS Charges,0.0,0.0,0.0
61370448090,CITADEL BANK OF INDIA,29/02/2024,NEFT-238333505735-MOTOR INDUSTRIES LTD,0.0,0.0,0.0
61370448090,CITADEL BANK OF INDIA,29/02/2024,NEFT-535724870021-Ganesh Menon,0.0,0.0,0.0
61370448090,CITADEL BANK OF INDIA,29/02/2024,IMPS-715363956482-Priya Nair,0.0,0.0,0.0
61370448090,CITADEL BANK OF INDIA,01/03/2024,IMPS-384466844283-URBAN ESTATES INDIA,0.0,0.0,0.0
61370448090,CITADEL BANK OF INDIA,01/03/2024,CASH DEPOSIT-Subramaniam Menon,0.0,0.0,0.0
61370448090,CITADEL BANK OF INDIA,01/03/2024,CHQ PAID-Srinivas Pillai-MICR,0.0,0.0,0.0
61370448090,CITADEL BANK OF INDIA,02/03/2024,CASH DEPOSIT-Venkatesh Reddy,0.0,0.0,0.0
61370448090,CITADEL BANK OF INDIA,02/03/2024,CLG-PREMIUM PROPERTIES LTD,0.0,0.0,0.0
61370448090,CITADEL BANK OF INDIA,02/03/2024,NEFT-932074353293-GST PAYMENT-GSTIN,0.0,0.0,0.0
61370448090,CITADEL BANK OF INDIA,04/03/2024,IMPS-492293129493-Lakshmi Iyer,0.0,0.0,0.0
61370448090,CITADEL BANK OF INDIA,05/03/2024,NEFT Dr-559182832663-RENT PAYMENT-MONTHLY RENT,0.0,0.0,0.0
61370448090,CITADEL BANK OF INDIA,05/03/2024,IMPS-880737012063-Lakshmi Naidu,0.0,0.0,0.0
61370448090,CITADEL BANK OF INDIA,05/03/2024,REVERSAL-CLG-PREMIUM PROPERTIES LTD,0.0,0.0,0.0
61370448090,CITADEL BANK OF INDIA,06/03/2024,IMPS-227831982620-CARGO SOLUTIONS LTD,0.0,0.0,0.0
61370448090,CITADEL BANK OF INDIA,09/03/2024,RTGS-ICICR655520827254-DIGITAL SOLUTIONS INDIA,0.0,0.0,0.0
61370448090,CITADEL BANK OF INDIA,09/03/2024,NEFT-541096165609-FASHION TEXTILES LTD,0.0,0.0,0.0
61370448090,CITADEL BANK OF INDIA,09/03/2024,CHQ PAID-Ganesh Rao-MICR,0.0,0.0,0.0
61370448090,CITADEL BANK OF INDIA,09/03/2024,UPI/DR/313513648355/Venkatesh Iyer/9176946028@pay,0.0,0.0,0.0
61370448090,CITADEL BANK OF INDIA,11/03/2024,NEFT Dr-628314258199-INSURANCE SUBSCRIPTION,0.0,0.0,0.0
61370448090,CITADEL BANK OF INDIA,12/03/2024,CHQ PAID-Ramesh Pillai-MICR,0.0,0.0,0.0
61370448090,CITADEL BANK OF INDIA,12/03/2024,IMPS-364927796174-FASHION TEXTILES LTD,0.0,0.0,0.0
61370448090,CITADEL BANK OF INDIA,13/03/2024,IMPS-511261544699-INDUSTRIAL COMPONENTS INDIA,0.0,0.0,0.0
61370448090,CITADEL BANK OF INDIA,14/03/2024,IMPS-692100080946-Ganesh Menon,0.0,0.0,0.0
61370448090,CITADEL BANK OF INDIA,15/03/2024,IMPS-818185721747-Subramaniam Menon,0.0,0.0,0.0
61370448090,CITADEL BANK OF INDIA,15/03/2024,CASH DEPOSIT-Ganesh Reddy,0.0,0.0,0.0
61370448090,CITADEL BANK OF INDIA,15/03/2024,IMPS-183978905503-COTTON MILLS CORP,0.0,0.0,0.0
61370448090,CITADEL BANK OF INDIA,15/03/2024,NEFT-253344288459-Lakshmi Reddy,0.0,0.0,0.0
61370448090,CITADEL BANK OF INDIA,16/03/2024,UPI/DR/360483967299/Lakshmi Rao/7037058766@pay,0.0,0.0,0.0
61370448090,CITADEL BANK OF INDIA,16/03/2024,IMPS-370238443295-Lakshmi Reddy,0.0,0.0,0.0
61370448090,CITADEL BANK OF INDIA,16/03/2024,UPI/DR/500767987724/Subramaniam Iyer/7511810546@pay,0.0,0.0,0.0
61370448090,CITADEL BANK OF INDIA,18/03/2024,CASH WITHDRAWAL-Lakshmi Naidu,0.0,0.0,0.0
61370448090,CITADEL BANK OF INDIA,20/03/2024,NEFT Dr-249798380507-GST PAYMENT-GSTIN 59B7740,0.0,0.0,0.0
61370448090,CITADEL BANK OF INDIA,21/03/2024,CASH DEPOSIT-Anitha Iyer,0.0,0.0,0.0
61370448090,CITADEL BANK OF INDIA,22/03/2024,NEFT-523693909940-GST PAYMENT-GSTIN,0.0,0.0,0.0
61370448090,CITADEL BANK OF INDIA,23/03/2024,CASH WITHDRAWAL-Priya Krishnan,0.0,0.0,0.0
61370448090,CITADEL BANK OF INDIA,23/03/2024,IMPS-623657002064-URBAN ESTATES INDIA,0.0,0.0,0.0
61370448090,CITADEL BANK OF INDIA,23/03/2024,NEFT-959325880488-Ramesh Nair,0.0,0.0,0.0
61370448090,CITADEL BANK OF INDIA,26/03/2024,NEFT-455391920141-HEALTHPLUS PHARMA LTD,0.0,0.0,0.0
61370448090,CITADEL BANK OF INDIA,26/03/2024,CLG-CAPITAL VENTURES INDIA,0.0,0.0,0.0
61370448090,CITADEL BANK OF INDIA,26/03/2024,ATM WDL-13864,0.0,0.0,0.0
61370448090,CITADEL BANK OF INDIA,26/03/2024,NEFT-472696798723-GST PAYMENT-GSTIN,0.0,0.0,0.0
61370448090,CITADEL BANK OF INDIA,27/03/2024,CLG-FOOD INDUSTRIES CORP,0.0,0.0,0.0
61370448090,CITADEL BANK OF INDIA,27/03/2024,ATM WDL-25088,0.0,0.0,0.0
61370448090,CITADEL BANK OF INDIA,27/03/2024,NEFT-423373288026-THERMAL SYSTEMS LTD,0.0,0.0,0.0
61370448090,CITADEL BANK OF INDIA,27/03/2024,UPI/CR/463823624085/Priya Reddy/8166392765@pay,0.0,0.0,0.0
61370448090,CITADEL BANK OF INDIA,28/03/2024,NEFT-101891335617-HEALTHPLUS PHARMA LTD,0.0,0.0,0.0
61370448090,CITADEL BANK OF INDIA,28/03/2024,RTGS-ICICR150347824619-Kavitha Murthy,0.0,0.0,0.0
61370448090,CITADEL BANK OF INDIA,28/03/2024,Service Charges-Statement Charges,0.0,0.0,0.0
61370448090,CITADEL BANK OF INDIA,28/03/2024,Service Charges-Foreign Currency Markup,0.0,0.0,0.0
61370448090,CITADEL BANK OF INDIA,28/03/2024,Service Charges-Demat Account AMC,0.0,0.0,0.0
61370448090,CITADEL BANK OF INDIA,30/03/2024,UPI/CR/600601887611/Karthik Krishnan/6276627842@pay,0.0,0.0,0.0
61370448090,CITADEL BANK OF INDIA,30/03/2024,Dividend Cr-GATEWAY PROJECTS LTD-EQUITY SHARES,0.0,0.0,0.0
61370448090,CITADEL BANK OF INDIA,30/03/2024,CLG-APEX HEAVY INDUSTRIES,0.0,0.0,0.0
41861926355,ZENITH BANK OF INDIA,01/01/2024,CLG-LIFELINE PHARMACEUTICAL,0.0,0.0,0.0
41861926355,ZENITH BANK OF INDIA,01/01/2024,NEFT-810289503395-Lakshmi Krishnan,0.0,0.0,0.0
41861926355,ZENITH BANK OF INDIA,02/01/2024,NEFT-321726874914-HEALTHPLUS PHARMA LTD,0.0,0.0,0.0
41861926355,ZENITH BANK OF INDIA,03/01/2024,NEFT-832937714163-COTTON MILLS CORP,0.0,0.0,0.0
41861926355,ZENITH BANK OF INDIA,04/01/2024,ATM WDL-61944,0.0,0.0,0.0
41861926355,ZENITH BANK OF INDIA,04/01/2024,IMPS-722050648467-CONSUMER PRODUCTS INDIA,0.0,0.0,0.0
41861926355,ZENITH BANK OF INDIA,04/01/2024,IMPS-419356410013-WEBSTREAM LIMITED,0.0,0.0,0.0
41861926355,ZENITH BANK OF INDIA,04/01/2024,CLG-PRECISION ENGINEERING WORKS,0.0,0.0,0.0
41861926355,ZENITH BANK OF INDIA,04/01/2024,CASH WITHDRAWAL-Ganesh Reddy,0.0,0.0,0.0
41861926355,ZENITH BANK OF INDIA,05/01/2024,NEFT Dr-807119879044-RENT PAYMENT-MONTHLY RENT,0.0,0.0,0.0
41861926355,ZENITH BANK OF INDIA,09/01/2024,NEFT-998890926559-DAILY NEEDS LIMITED,0.0,0.0,0.0
41861926355,ZENITH BANK OF INDIA,09/01/2024,RTGS-ICICR294754393850-LIFELINE PHARMACEUTICAL,0.0,0.0,0.0
41861926355,ZENITH BANK OF INDIA,09/01/2024,RTGS-ICICR512524559001-INFOCORE TECHNOLOGIES,0.0,0.0,0.0
41861926355,ZENITH BANK OF INDIA,09/01/2024,CHQ PAID-Anitha Krishnan-MICR,0.0,0.0,0.0
41861926355,ZENITH BANK OF INDIA,10/01/2024,UPI/DR/616686709399/Venkatesh Rao/9864927846@pay,0.0,0.0,0.0
41861926355,ZENITH BANK OF INDIA,10/01/2024,NEFT Dr-721179840600-LOAN EMI-MONTHLY INSTALLMENT,0.0,0.0,0.0
41861926355,ZENITH BANK OF INDIA,10/01/2024,RTGS-ICICR449820263799-Ramesh Pillai,0.0,0.0,0.0
41861926355,ZENITH BANK OF INDIA,11/01/2024,IMPS-180744678193-Lakshmi Pillai,0.0,0.0,0.0
41861926355,ZENITH BANK OF INDIA,12/01/2024,IMPS-884415686501-RETAIL SOLUTIONS INDIA,0.0,0.0,0.0
41861926355,ZENITH BANK OF INDIA,13/01/2024,ATM WDL-13573,0.0,0.0,0.0
41861926355,ZENITH BANK OF INDIA,13/01/2024,UPI/DR/727750849692/Karthik Menon/8194172057@pay,0.0,0.0,0.0
41861926355,ZENITH BANK OF INDIA,13/01/2024,CHQ PAID-Lakshmi Reddy-MICR,0.0,0.0,0.0
41861926355,ZENITH BANK OF INDIA,15/01/2024,RTGS-ICICR848863461995-Ramesh Rao,0.0,0.0,0.0
41861926355,ZENITH BANK OF INDIA,15/01/2024,NEFT-772998617267-MINDWAVE CONSULTING,0.0,0.0,0.0
41861926355,ZENITH BANK OF INDIA,15/01/2024,NEFT-281718116119-CONSUMER PRODUCTS INDIA,0.0,0.0,0.0
41861926355,ZENITH BANK OF INDIA,16/01/2024,RTGS-ICICR190824440859-COTTON MILLS CORP,0.0,0.0,0.0
41861926355,ZENITH BANK OF INDIA,16/01/2024,RTGS-ICICR280338906662-DAILY NEEDS LIMITED,0.0,0.0,0.0
41861926355,ZENITH BANK OF INDIA,16/01/2024,UPI/DR/636363650902/Anitha Naidu/7112929626@pay,0.0,0.0,0.0
41861926355,ZENITH BANK OF INDIA,17/01/2024,RTGS-ICICR657476376115-Venkatesh Menon,0.0,0.0,0.0
41861926355,ZENITH BANK OF INDIA,17/01/2024,NEFT-446353067333-Subramaniam Nair,0.0,0.0,0.0
41861926355,ZENITH BANK OF INDIA,19/01/2024,NEFT-615613886401-CARGO SOLUTIONS LTD,0.0,0.0,0.0
41861926355,ZENITH BANK OF INDIA,20/01/2024,IMPS-780269488313-RETAIL SOLUTIONS INDIA,0.0,0.0,0.0
41861926355,ZENITH BANK OF INDIA,20/01/2024,NEFT Dr-823152102784-GST PAYMENT-GSTIN 80B2269,0.0,0.0,0.0
41861926355,ZENITH BANK OF INDIA,22/01/2024,FAILED-INSUFFICIENT FUNDS-CHQ PAID-Venkatesh Nair-MICR,0.0,0.0,0.0
41861926355,ZENITH BANK OF INDIA,22/01/2024,CHQ PAID-Ramesh Krishnan-MICR,0.0,0.0,0.0
41861926355,ZENITH BANK OF INDIA,23/01/2024,RTGS-ICICR344397006953-Srinivas Reddy,0.0,0.0,0.0
41861926355,ZENITH BANK OF INDIA,23/01/2024,Service Charges-Cheque Bounce Charge-967613,0.0,0.0,0.0
41861926355,ZENITH BANK OF INDIA,24/01/2024,CHQ PAID-Kavitha Iyer-MICR,0.0,0.0,0.0
41861926355,ZENITH BANK OF INDIA,25/01/2024,ATM WDL-19035,0.0,0.0,0.0
41861926355,ZENITH BANK OF INDIA,25/01/2024,NEFT-597301366986-Karthik Naidu,0.0,0.0,0.0
41861926355,ZENITH BANK OF INDIA,29/01/2024,IMPS-307004645830-CREDIT SERVICES LTD,0.0,0.0,0.0
41861926355,ZENITH BANK OF INDIA,30/01/2024,NEFT-143638042774-GST PAYMENT-GSTIN,0.0,0.0,0.0
41861926355,ZENITH BANK OF INDIA,31/01/2024,CLG-HEALTHPLUS PHARMA LTD,0.0,0.0,0.0
41861926355,ZENITH BANK OF INDIA,31/01/2024,SERVICE CHARGES-Foreign Currency Markup,0.0,0.0,0.0
41861926355,ZENITH BANK OF INDIA,02/02/2024,UPI/CR/127037572083/Srinivas Reddy/6625011302@pay,0.0,0.0,0.0
41861926355,ZENITH BANK OF INDIA,02/02/2024,NEFT-776622526056-CONSTRUCTION SOLUTIONS LTD,0.0,0.0,0.0
41861926355,ZENITH BANK OF INDIA,02/02/2024,IMPS-387107577470-Venkatesh Krishnan,0.0,0.0,0.0
41861926355,ZENITH BANK OF INDIA,02/02/2024,RTGS-ICICR580558422346-APEX HEAVY INDUSTRIES,0.0,0.0,0.0
41861926355,ZENITH BANK OF INDIA,03/02/2024,CHQ PAID-Subramaniam Rao-MICR,0.0,0.0,0.0
41861926355,ZENITH BANK OF INDIA,05/02/2024,RTGS-ICICR860848613768-CONSUMER PRODUCTS INDIA,0.0,0.0,0.0
41861926355,ZENITH BANK OF INDIA,05/02/2024,NEFT Dr-180906046072-RENT PAYMENT-MONTHLY RENT,0.0,0.0,0.0
41861926355,ZENITH BANK OF INDIA,05/02/2024,NEFT-100723390436-CAPITAL VENTURES INDIA,0.0,0.0,0.0
41861926355,ZENITH BANK OF INDIA,05/02/2024,ATM WDL-71084,0.0,0.0,0.0
41861926355,ZENITH BANK OF INDIA,06/02/2024,NEFT-709525195226-FABRIC INDUSTRIES INDIA,0.0,0.0,0.0
41861926355,ZENITH BANK OF INDIA,07/02/2024,IMPS-105860946033-Venkatesh Menon,0.0,0.0,0.0
41861926355,ZENITH BANK OF INDIA,07/02/2024,CASH WITHDRAWAL-Ganesh Pillai,0.0,0.0,0.0
41861926355,ZENITH BANK OF INDIA,08/02/2024,RTGS-ICICR215041290050-DAILY NEEDS LIMITED,0.0,0.0,0.0
41861926355,ZENITH BANK OF INDIA,09/02/2024,CASH DEPOSIT-Ganesh Rao,0.0,0.0,0.0
41861926355,ZENITH BANK OF INDIA,09/02/2024,UPI/CR/634990657525/Srinivas Murthy/6178909013@pay,0.0,0.0,0.0
41861926355,ZENITH BANK OF INDIA,09/02/2024,NEFT-179004996362-Karthik Nair,0.0,0.0,0.0
41861926355,ZENITH BANK OF INDIA,10/02/2024,NEFT Dr-977571057461-LOAN EMI-MONTHLY INSTALLMENT,0.0,0.0,0.0
41861926355,ZENITH BANK OF INDIA,12/02/2024,CASH WITHDRAWAL-Ganesh Naidu,0.0,0.0,0.0
41861926355,ZENITH BANK OF INDIA,12/02/2024,RTGS-ICICR581289032440-Subramaniam Murthy,0.0,0.0,0.0
41861926355,ZENITH BANK OF INDIA,13/02/2024,NEFT-986721703975-Subramaniam Pillai,0.0,0.0,0.0
41861926355,ZENITH BANK OF INDIA,13/02/2024,SERVICE CHARGES-Foreign Currency Markup,0.0,0.0,0.0
41861926355,ZENITH BANK OF INDIA,14/02/2024,RTGS-ICICR112017145645-Ramesh Menon,0.0,0.0,0.0
41861926355,ZENITH BANK OF INDIA,14/02/2024,CLG-RETAIL SOLUTIONS INDIA,0.0,0.0,0.0
41861926355,ZENITH BANK OF INDIA,14/02/2024,NEFT-206424312819-CARGO SOLUTIONS LTD,0.0,0.0,0.0
41861926355,ZENITH BANK OF INDIA,15/02/2024,UPI/CR/718429901443/Ganesh Reddy/9521926605@pay,0.0,0.0,0.0
41861926355,ZENITH BANK OF INDIA,15/02/2024,UPI/DR/885393143906/Subramaniam Naidu/6529976317@pay,0.0,0.0,0.0
41861926355,ZENITH BANK OF INDIA,15/02/2024,CLG-SUPPLY CHAIN CORP,0.0,0.0,0.0
41861926355,ZENITH BANK OF INDIA,16/02/2024,NEFT-294613400057-Kavitha Krishnan,0.0,0.0,0.0
41861926355,ZENITH BANK OF INDIA,16/02/2024,REVERSAL-CLG-SUPPLY CHAIN CORP,0.0,0.0,0.0
41861926355,ZENITH BANK OF INDIA,17/02/2024,NEFT-493599291586-GST PAYMENT-GSTIN,0.0,0.0,0.0
41861926355,ZENITH BANK OF INDIA,17/02/2024,IMPS-569422107166-Srinivas Menon,0.0,0.0,0.0
41861926355,ZENITH BANK OF INDIA,17/02/2024,NEFT-655004253394-Ganesh Iyer,0.0,0.0,0.0
41861926355,ZENITH BANK OF INDIA,17/02/2024,NEFT-809717383586-GATEWAY PROJECTS LTD,0.0,0.0,0.0
41861926355,ZENITH BANK OF INDIA,17/02/2024,CLG-MEDCARE LABORATORIES,0.0,0.0,0.0
41861926355,ZENITH BANK OF INDIA,19/02/2024,IMPS-880148933457-CAPITAL VENTURES INDIA,0.0,0.0,0.0
41861926355,ZENITH BANK OF INDIA,19/02/2024,CHQ PAID-Subramaniam Pillai-MICR,0.0,0.0,0.0
41861926355,ZENITH BANK OF INDIA,19/02/2024,NEFT-234201593140-CARGO SOLUTIONS LTD,0.0,0.0,0.0
41861926355,ZENITH BANK OF INDIA,19/02/2024,CLG-FASHION TEXTILES LTD,0.0,0.0,0.0
41861926355,ZENITH BANK OF INDIA,20/02/2024,UPI/CR/680902097461/Priya Murthy/8998429722@pay,0.0,0.0,0.0
41861926355,ZENITH BANK OF INDIA,20/02/2024,NEFT Dr-149904465762-GST PAYMENT-GSTIN 75B3014,0.0,0.0,0.0
41861926355,ZENITH BANK OF INDIA,21/02/2024,CLG-REALTY VENTURES LTD,0.0,0.0,0.0
41861926355,ZENITH BANK OF INDIA,22/02/2024,UPI/DR/275638208226/Ramesh Nair/8099122815@pay,0.0,0.0,0.0
41861926355,ZENITH BANK OF INDIA,22/02/2024,CHQ PAID-Karthik Reddy-MICR,0.0,0.0,0.0
41861926355,ZENITH BANK OF INDIA,23/02/2024,NEFT-413498040556-Subramaniam Iyer,0.0,0.0,0.0
41861926355,ZENITH BANK OF INDIA,23/02/2024,NEFT-794132775512-INVESTMENT SERVICES INDIA,0.0,0.0,0.0
41861926355,ZENITH BANK OF INDIA,23/02/2024,NEFT-829349942411-Ganesh Krishnan,0.0,0.0,0.0
41861926355,ZENITH BANK OF INDIA,27/02/2024,RTGS-ICICR227969044268-SOFTWAVE TECHNOLOGIES,0.0,0.0,0.0
41861926355,ZENITH BANK OF INDIA,27/02/2024,RTGS-ICICR282909240418-DIGITAL SOLUTIONS INDIA,0.0,0.0,0.0
41861926355,ZENITH BANK OF INDIA,27/02/2024,IMPS-884923138456-REALTY VENTURES LTD,0.0,0.0,0.0
41861926355,ZENITH BANK OF INDIA,28/02/2024,CLG-FOOD INDUSTRIES CORP,0.0,0.0,0.0
41861926355,ZENITH BANK OF INDIA,28/02/2024,CHQ PAID-Subramaniam Murthy-MICR,0.0,0.0,0.0
41861926355,ZENITH BANK OF INDIA,28/02/2024,Service Charges-Statement Charges,0.0,0.0,0.0
41861926355,ZENITH BANK OF INDIA,28/02/2024,Service Charges-NEFT/RTGS Charges,0.0,0.0,0.0
41861926355,ZENITH BANK OF INDIA,28/02/2024,Service Charges-Account Maintenance,0.0,0.0,0.0
41861926355,ZENITH BANK OF INDIA,29/02/2024,ATM WDL-48130,0.0,0.0,0.0
41861926355,ZENITH BANK OF INDIA,29/02/2024,RTGS-ICICR808987746679-Priya Pillai,0.0,0.0,0.0
41861926355,ZENITH BANK OF INDIA,29/02/2024,CASH WITHDRAWAL-Karthik Iyer,0.0,0.0,0.0
41861926355,ZENITH BANK OF INDIA,29/02/2024,ATM WDL-75487,0.0,0.0,0.0
41861926355,ZENITH BANK OF INDIA,01/03/2024,UPI/CR/433182016077/Subramaniam Pillai/6254093159@pay,0.0,0.0,0.0
41861926355,ZENITH BANK OF INDIA,01/03/2024,CHQ PAID-Karthik Menon-MICR,0.0,0.0,0.0
41861926355,ZENITH BANK OF INDIA,02/03/2024,CLG-TECHVISION SYSTEMS,0.0,0.0,0.0
41861926355,ZENITH BANK OF INDIA,02/03/2024,NEFT-348145247862-Karthik Menon,0.0,0.0,0.0
41861926355,ZENITH BANK OF INDIA,04/03/2024,CASH WITHDRAWAL-Lakshmi Nair,0.0,0.0,0.0
41861926355,ZENITH BANK OF INDIA,04/03/2024,CLG-CONSUMER PRODUCTS INDIA,0.0,0.0,0.0
41861926355,ZENITH BANK OF INDIA,04/03/2024,ATM WDL-61201,0.0,0.0,0.0
41861926355,ZENITH BANK OF INDIA,05/03/2024,CLG-CONSUMER PRODUCTS INDIA,0.0,0.0,0.0
41861926355,ZENITH BANK OF INDIA,05/03/2024,IMPS-494727938154-Ramesh Rao,0.0,0.0,0.0
41861926355,ZENITH BANK OF INDIA,06/03/2024,CASH WITHDRAWAL-Karthik Menon,0.0,0.0,0.0
41861926355,ZENITH BANK OF INDIA,07/03/2024,CLG-URBAN ESTATES INDIA,0.0,0.0,0.0
41861926355,ZENITH BANK OF INDIA,07/03/2024,CLG-NETPULSE SYSTEMS,0.0,0.0,0.0
41861926355,ZENITH BANK OF INDIA,07/03/2024,IMPS-385391088376-DATABRIDGE INFOTECH,0.0,0.0,0.0
41861926355,ZENITH BANK OF INDIA,09/03/2024,SERVICE CHARGES-NEFT/RTGS Charges,0.0,0.0,0.0
41861926355,ZENITH BANK OF INDIA,09/03/2024,CASH DEPOSIT-Venkatesh Reddy,0.0,0.0,0.0
41861926355,ZENITH BANK OF INDIA,11/03/2024,IMPS-244434453587-CONSTRUCTION SOLUTIONS LTD,0.0,0.0,0.0
41861926355,ZENITH BANK OF INDIA,11/03/2024,CLG-URBAN CONSTRUCTIONS,0.0,0.0,0.0
41861926355,ZENITH BANK OF INDIA,11/03/2024,NEFT-196383131221-Ganesh Pillai,0.0,0.0,0.0
41861926355,ZENITH BANK OF INDIA,12/03/2024,RTGS-ICICR429179413856-Kavitha Menon,0.0,0.0,0.0
41861926355,ZENITH BANK OF INDIA,12/03/2024,NEFT-475429665911-CAPITAL VENTURES INDIA,0.0,0.0,0.0
41861926355,ZENITH BANK OF INDIA,12/03/2024,NEFT-851342548080-AUTOMOTIVE PARTS CORP,0.0,0.0,0.0
41861926355,ZENITH BANK OF INDIA,13/03/2024,UPI/DR/219292627233/Subramaniam Naidu/9474109212@pay,0.0,0.0,0.0
41861926355,ZENITH BANK OF INDIA,13/03/2024,CHQ PAID-Srinivas Reddy-MICR,0.0,0.0,0.0
41861926355,ZENITH BANK OF INDIA,14/03/2024,CLG-CONSTRUCTION SOLUTIONS LTD,0.0,0.0,0.0
41861926355,ZENITH BANK OF INDIA,14/03/2024,CHQ PAID-Ganesh Nair-MICR,0.0,0.0,0.0
41861926355,ZENITH BANK OF INDIA,15/03/2024,NEFT-102741691789-Anitha Pillai,0.0,0.0,0.0
41861926355,ZENITH BANK OF INDIA,16/03/2024,CASH DEPOSIT-Lakshmi Iyer,0.0,0.0,0.0
41861926355,ZENITH BANK OF INDIA,16/03/2024,UPI/CR/510532165029/Venkatesh Naidu/9640265177@pay,0.0,0.0,0.0
41861926355,ZENITH BANK OF INDIA,18/03/2024,NEFT-685624808409-LOAN DISBURSEMENT-REALTY VENTURES LTD,0.0,0.0,0.0
41861926355,ZENITH BANK OF INDIA,18/03/2024,CHQ PAID-Priya Krishnan-MICR,0.0,0.0,0.0
41861926355,ZENITH BANK OF INDIA,19/03/2024,UPI/DR/396528918500/Ramesh Murthy/6470508770@pay,0.0,0.0,0.0
41861926355,ZENITH BANK OF INDIA,19/03/2024,ATM WDL-72666,0.0,0.0,0.0
41861926355,ZENITH BANK OF INDIA,20/03/2024,RTGS-ICICR784835426050-URBAN CONSTRUCTIONS,0.0,0.0,0.0
41861926355,ZENITH BANK OF INDIA,21/03/2024,NEFT-100063867247-GATEWAY PROJECTS LTD,0.0,0.0,0.0
41861926355,ZENITH BANK OF INDIA,21/03/2024,NEFT-505092489588-FOOD INDUSTRIES CORP,0.0,0.0,0.0
41861926355,ZENITH BANK OF INDIA,21/03/2024,UPI/CR/553146896933/Srinivas Iyer/7817599503@pay,0.0,0.0,0.0
41861926355,ZENITH BANK OF INDIA,22/03/2024,NEFT-756457136320-DIGITAL SOLUTIONS INDIA,0.0,0.0,0.0
41861926355,ZENITH BANK OF INDIA,23/03/2024,SERVICE CHARGES-Foreign Currency Markup,0.0,0.0,0.0
41861926355,ZENITH BANK OF INDIA,23/03/2024,IMPS-796843090139-CAPITAL VENTURES INDIA,0.0,0.0,0.0
41861926355,ZENITH BANK OF INDIA,23/03/2024,RTGS-ICICR379688952631-CONSTRUCTION SOLUTIONS LTD,0.0,0.0,0.0
41861926355,ZENITH BANK OF INDIA,26/03/2024,CHQ PAID-Kavitha Reddy-MICR,0.0,0.0,0.0
41861926355,ZENITH BANK OF INDIA,26/03/2024,IMPS-183861154410-EXPRESS LOGISTICS INDIA,0.0,0.0,0.0
41861926355,ZENITH BANK OF INDIA,26/03/2024,CASH WITHDRAWAL-Venkatesh Rao,0.0,0.0,0.0
41861926355,ZENITH BANK OF INDIA,26/03/2024,RTGS-ICICR610182890180-Karthik Naidu,0.0,0.0,0.0
41861926355,ZENITH BANK OF INDIA,26/03/2024,RTGS-ICICR307074758011-PREMIUM PROPERTIES LTD,0.0,0.0,0.0
41861926355,ZENITH BANK OF INDIA,27/03/2024,IMPS-415618257440-Karthik Pillai,0.0,0.0,0.0
41861926355,ZENITH BANK OF INDIA,27/03/2024,IMPS-601129417408-CREDIT SERVICES LTD,0.0,0.0,0.0
41861926355,ZENITH BANK OF INDIA,27/03/2024,CHQ PAID-Srinivas Pillai-MICR,0.0,0.0,0.0
41861926355,ZENITH BANK OF INDIA,27/03/2024,ATM WDL-73066,0.0,0.0,0.0
41861926355,ZENITH BANK OF INDIA,27/03/2024,UPI/DR/993330163385/Karthik Iyer/7959749043@pay,0.0,0.0,0.0
41861926355,ZENITH BANK OF INDIA,27/03/2024,IMPS-752752897948-Subramaniam Iyer,0.0,0.0,0.0
41861926355,ZENITH BANK OF INDIA,28/03/2024,NEFT-282649825636-CARGO SOLUTIONS LTD,0.0,0.0,0.0
41861926355,ZENITH BANK OF INDIA,28/03/2024,UPI/CR/919337846996/Srinivas Nair/7555248463@pay,0.0,0.0,0.0
41861926355,ZENITH BANK OF INDIA,28/03/2024,NEFT-775934014653-Ramesh Nair,0.0,0.0,0.0
41861926355,ZENITH BANK OF INDIA,28/03/2024,IMPS-479043795564-Ramesh Reddy,0.0,0.0,0.0
41861926355,ZENITH BANK OF INDIA,28/03/2024,RTGS-ICICR892481912016-Ramesh Nair,0.0,0.0,0.0
41861926355,ZENITH BANK OF INDIA,28/03/2024,Service Charges-Foreign Currency Markup,0.0,0.0,0.0
41861926355,ZENITH BANK OF INDIA,30/03/2024,NEFT-793451876577-Karthik Pillai,0.0,0.0,0.0
41861926355,ZENITH BANK OF INDIA,30/03/2024,IMPS-484452085848-MOTOR INDUSTRIES LTD,0.0,0.0,0.0
41861926355,ZENITH BANK OF INDIA,30/03/2024,RTGS-ICICR732320228479-COTTON MILLS CORP,0.0,0.0,0.0
40000246936,PARAMOUNT BANKING CORPORATION,01/01/2024,CASH WITHDRAWAL-Ketan Shah,0.0,0.0,0.0
40000246936,PARAMOUNT BANKING CORPORATION,02/01/2024,IMPS-851486815146-CONSTRUCTION SOLUTIONS LTD,0.0,0.0,0.0
40000246936,PARAMOUNT BANKING CORPORATION,02/01/2024,CASH WITHDRAWAL-Bhavesh Desai,0.0,0.0,0.0
40000246936,PARAMOUNT BANKING CORPORATION,02/01/2024,IMPS-995018021032-DATABRIDGE INFOTECH,0.0,0.0,0.0
40000246936,PARAMOUNT BANKING CORPORATION,02/01/2024,IMPS-140853163501-CLOUDTECH SERVICES,0.0,0.0,0.0
40000246936,PARAMOUNT BANKING CORPORATION,02/01/2024,CLG-PRECISION ENGINEERING WORKS,0.0,0.0,0.0
40000246936,PARAMOUNT BANKING CORPORATION,03/01/2024,IMPS-891480320621-Paresh Patel,0.0,0.0,0.0
40000246936,PARAMOUNT BANKING CORPORATION,04/01/2024,NEFT-360797345347-PREMIUM PROPERTIES LTD,0.0,0.0,0.0
40000246936,PARAMOUNT BANKING CORPORATION,04/01/2024,IMPS-954045690112-HEALTHCARE PRODUCTS LTD,0.0,0.0,0.0
40000246936,PARAMOUNT BANKING CORPORATION,04/01/2024,CHQ PAID-Jayesh Trivedi-MICR,0.0,0.0,0.0
40000246936,PARAMOUNT BANKING CORPORATION,04/01/2024,IMPS-130370254134-CONSTRUCTION SOLUTIONS LTD,0.0,0.0,0.0
40000246936,PARAMOUNT BANKING CORPORATION,04/01/2024,CHQ PAID-Ketan Parekh-MICR,0.0,0.0,0.0
40000246936,PARAMOUNT BANKING CORPORATION,05/01/2024,NEFT Dr-238522010630-RENT PAYMENT-MONTHLY RENT,0.0,0.0,0.0
40000246936,PARAMOUNT BANKING CORPORATION,05/01/2024,UPI/DR/546389750788/Nisha Amin/6635199954@pay,0.0,0.0,0.0
40000246936,PARAMOUNT BANKING CORPORATION,05/01/2024,NEFT-441867662215-WEBSTREAM LIMITED,0.0,0.0,0.0
40000246936,PARAMOUNT BANKING CORPORATION,06/01/2024,SERVICE CHARGES-Foreign Currency Markup,0.0,0.0,0.0
40000246936,PARAMOUNT BANKING CORPORATION,08/01/2024,RTGS-ICICR352599316566-Hitesh Desai,0.0,0.0,0.0
40000246936,PARAMOUNT BANKING CORPORATION,08/01/2024,CLG-PREMIUM INFRASTRUCTURE,0.0,0.0,0.0
40000246936,PARAMOUNT BANKING CORPORATION,08/01/2024,NEFT-139576295428-REALTY VENTURES LTD,0.0,0.0,0.0
40000246936,PARAMOUNT BANKING CORPORATION,09/01/2024,CLG-METROPOLITAN BUILDERS,0.0,0.0,0.0
40000246936,PARAMOUNT BANKING CORPORATION,10/01/2024,NEFT-936067383224-Ketan Trivedi,0.0,0.0,0.0
40000246936,PARAMOUNT BANKING CORPORATION,11/01/2024,CHQ PAID-Jayesh Desai-MICR,0.0,0.0,0.0
40000246936,PARAMOUNT BANKING CORPORATION,11/01/2024,CHQ PAID-Nisha Amin-MICR,0.0,0.0,0.0
40000246936,PARAMOUNT BANKING CORPORATION,11/01/2024,CASH WITHDRAWAL-Hitesh Parekh,0.0,0.0,0.0
40000246936,PARAMOUNT BANKING CORPORATION,12/01/2024,ATM WDL-63385,0.0,0.0,0.0
40000246936,PARAMOUNT BANKING CORPORATION,12/01/2024,IMPS-854840058854-PREMIUM PROPERTIES LTD,0.0,0.0,0.0
40000246936,PARAMOUNT BANKING CORPORATION,12/01/2024,CASH DEPOSIT-Bhavesh Shah,0.0,0.0,0.0
40000246936,PARAMOUNT BANKING CORPORATION,13/01/2024,CLG-CONSTRUCTION SOLUTIONS LTD,0.0,0.0,0.0
40000246936,PARAMOUNT BANKING CORPORATION,13/01/2024,ATM WDL-22923,0.0,0.0,0.0
40000246936,PARAMOUNT BANKING CORPORATION,13/01/2024,UPI/CR/266007517522/Nisha Amin/7650181741@pay,0.0,0.0,0.0
40000246936,PARAMOUNT BANKING CORPORATION,13/01/2024,CASH DEPOSIT-Nilesh Patel,0.0,0.0,0.0
40000246936,PARAMOUNT BANKING CORPORATION,15/01/2024,CASH DEPOSIT-Bhavesh Vora,0.0,0.0,0.0
40000246936,PARAMOUNT BANKING CORPORATION,15/01/2024,NEFT-805533651698-Jayesh Parekh,0.0,0.0,0.0
40000246936,PARAMOUNT BANKING CORPORATION,17/01/2024,NEFT-866251763241-GST PAYMENT-GSTIN,0.0,0.0,0.0
40000246936,PARAMOUNT BANKING CORPORATION,17/01/2024,CASH WITHDRAWAL-Nilesh Parekh,0.0,0.0,0.0
40000246936,PARAMOUNT BANKING CORPORATION,18/01/2024,NEFT-787463405942-Nilesh Trivedi,0.0,0.0,0.0
40000246936,PARAMOUNT BANKING CORPORATION,18/01/2024,CHQ PAID-Ketan Shah-MICR,0.0,0.0,0.0
40000246936,PARAMOUNT BANKING CORPORATION,18/01/2024,IMPS-667420534448-CREDIT SERVICES LTD,0.0,0.0,0.0
40000246936,PARAMOUNT BANKING CORPORATION,18/01/2024,ATM WDL-94130,0.0,0.0,0.0
40000246936,PARAMOUNT BANKING CORPORATION,19/01/2024,NEFT-622667850940-URBAN ESTATES INDIA,0.0,0.0,0.0
40000246936,PARAMOUNT BANKING CORPORATION,20/01/2024,NEFT Dr-342006267875-GST PAYMENT-GSTIN 30D7367,0.0,0.0,0.0
40000246936,PARAMOUNT BANKING CORPORATION,20/01/2024,NEFT-941928166083-CONSUMER PRODUCTS INDIA,0.0,0.0,0.0
40000246936,PARAMOUNT BANKING CORPORATION,22/01/2024,CLG-DATABRIDGE INFOTECH,0.0,0.0,0.0
40000246936,PARAMOUNT BANKING CORPORATION,22/01/2024,NEFT-704288829105-Nilesh Modi,0.0,0.0,0.0
40000246936,PARAMOUNT BANKING CORPORATION,22/01/2024,RTGS-ICICR563294236449-CAPITAL VENTURES INDIA,0.0,0.0,0.0
40000246936,PARAMOUNT BANKING CORPORATION,23/01/2024,NEFT-261261178029-SOFTWAVE TECHNOLOGIES,0.0,0.0,0.0
40000246936,PARAMOUNT BANKING CORPORATION,23/01/2024,IMPS-354345691741-HEALTHCARE PRODUCTS LTD,0.0,0.0,0.0
40000246936,PARAMOUNT BANKING CORPORATION,24/01/2024,RTGS-ICICR654717102704-MOTOR INDUSTRIES LTD,0.0,0.0,0.0
40000246936,PARAMOUNT BANKING CORPORATION,25/01/2024,CASH DEPOSIT-Ketan Modi,0.0,0.0,0.0
40000246936,PARAMOUNT BANKING CORPORATION,25/01/2024,CHQ PAID-Paresh Amin-MICR,0.0,0.0,0.0
40000246936,PARAMOUNT BANKING CORPORATION,27/01/2024,UPI/CR/722032705103/Nilesh Desai/8248633842@pay,0.0,0.0,0.0
40000246936,PARAMOUNT BANKING CORPORATION,30/01/2024,CASH WITHDRAWAL-Paresh Amin,0.0,0.0,0.0
40000246936,PARAMOUNT BANKING CORPORATION,30/01/2024,NEFT-616011760599-Nilesh Trivedi,0.0,0.0,0.0
40000246936,PARAMOUNT BANKING CORPORATION,30/01/2024,ATM WDL-96748,0.0,0.0,0.0
40000246936,PARAMOUNT BANKING CORPORATION,31/01/2024,IMPS-760630046948-APEX HEAVY INDUSTRIES,0.0,0.0,0.0
40000246936,PARAMOUNT BANKING CORPORATION,31/01/2024,NEFT-269027179914-Bhavesh Parekh,0.0,0.0,0.0
40000246936,PARAMOUNT BANKING CORPORATION,01/02/2024,UPI/CR/254508620365/Bhavesh Amin/8950382328@pay,0.0,0.0,0.0
40000246936,PARAMOUNT BANKING CORPORATION,01/02/2024,CASH WITHDRAWAL-Ketan Shah,0.0,0.0,0.0
40000246936,PARAMOUNT BANKING CORPORATION,01/02/2024,CHQ PAID-Mehul Shah-MICR,0.0,0.0,0.0
40000246936,PARAMOUNT BANKING CORPORATION,02/02/2024,NEFT-151296973492-Bhavesh Trivedi,0.0,0.0,0.0
40000246936,PARAMOUNT BANKING CORPORATION,03/02/2024,NEFT-967003922540-Nilesh Amin,0.0,0.0,0.0
40000246936,PARAMOUNT BANKING CORPORATION,03/02/2024,CASH DEPOSIT-Bhavesh Vora,0.0,0.0,0.0
40000246936,PARAMOUNT BANKING CORPORATION,05/02/2024,UPI/CR/809968903001/Hitesh Modi/8295834599@pay,0.0,0.0,0.0
40000246936,PARAMOUNT BANKING CORPORATION,05/02/2024,CLG-MEDCARE LABORATORIES,0.0,0.0,0.0
40000246936,PARAMOUNT BANKING CORPORATION,05/02/2024,UPI/CR/251855858020/Mehul Amin/9530442089@pay,0.0,0.0,0.0
40000246936,PARAMOUNT BANKING CORPORATION,06/02/2024,RTGS-ICICR148416962330-MINDWAVE CONSULTING,0.0,0.0,0.0
40000246936,PARAMOUNT BANKING CORPORATION,06/02/2024,UPI/CR/439393779712/Jayesh Desai/9660284328@pay,0.0,0.0,0.0
40000246936,PARAMOUNT BANKING CORPORATION,06/02/2024,UPI/CR/608433801798/Ketan Vora/8386955268@pay,0.0,0.0,0.0
40000246936,PARAMOUNT BANKING CORPORATION,06/02/2024,CASH DEPOSIT-Nilesh Parekh,0.0,0.0,0.0
40000246936,PARAMOUNT BANKING CORPORATION,07/02/2024,NEFT-315383225846-RETAIL SOLUTIONS INDIA,0.0,0.0,0.0
40000246936,PARAMOUNT BANKING CORPORATION,07/02/2024,NEFT-754535308629-REALTY VENTURES LTD,0.0,0.0,0.0
40000246936,PARAMOUNT BANKING CORPORATION,08/02/2024,UPI/DR/409463496112/Hitesh Patel/8533930879@pay,0.0,0.0,0.0
40000246936,PARAMOUNT BANKING CORPORATION,09/02/2024,NEFT-984267988964-APEX HEAVY INDUSTRIES,0.0,0.0,0.0
40000246936,PARAMOUNT BANKING CORPORATION,10/02/2024,IMPS-501122674600-WELLNESS BRANDS INDIA,0.0,0.0,0.0
40000246936,PARAMOUNT BANKING CORPORATION,12/02/2024,IMPS-626041337910-Bhavesh Trivedi,0.0,0.0,0.0
40000246936,PARAMOUNT BANKING CORPORATION,13/02/2024,NEFT-374632372578-Nisha Shah,0.0,0.0,0.0
40000246936,PARAMOUNT BANKING CORPORATION,13/02/2024,NEFT-379159338558-NETPULSE SYSTEMS,0.0,0.0,0.0
40000246936,PARAMOUNT BANKING CORPORATION,13/02/2024,NEFT-797099788552-Mehul Shah,0.0,0.0,0.0
40000246936,PARAMOUNT BANKING CORPORATION,14/02/2024,CLG-INDUSTRIAL COMPONENTS INDIA,0.0,0.0,0.0
40000246936,PARAMOUNT BANKING CORPORATION,14/02/2024,UPI/DR/392111313929/Jayesh Trivedi/7349975578@pay,0.0,0.0,0.0
40000246936,PARAMOUNT BANKING CORPORATION,15/02/2024,NEFT-217917052452-CONSUMER PRODUCTS INDIA,0.0,0.0,0.0
40000246936,PARAMOUNT BANKING CORPORATION,16/02/2024,CASH DEPOSIT-Nilesh Modi,0.0,0.0,0.0
40000246936,PARAMOUNT BANKING CORPORATION,16/02/2024,CHQ PAID-Nilesh Vora-MICR,0.0,0.0,0.0
40000246936,PARAMOUNT BANKING CORPORATION,16/02/2024,NEFT-631434163183-THERMAL SYSTEMS LTD,0.0,0.0,0.0
40000246936,PARAMOUNT BANKING CORPORATION,16/02/2024,SERVICE CHARGES-Statement Charges,0.0,0.0,0.0
40000246936,PARAMOUNT BANKING CORPORATION,17/02/2024,UPI/DR/891237128739/Bhavesh Modi/8671016898@pay,0.0,0.0,0.0
40000246936,PARAMOUNT BANKING CORPORATION,19/02/2024,UPI/CR/988149883306/Nisha Amin/6199711859@pay,0.0,0.0,0.0
40000246936,PARAMOUNT BANKING CORPORATION,19/02/2024,IMPS-476404172181-URBAN CONSTRUCTIONS,0.0,0.0,0.0
40000246936,PARAMOUNT BANKING CORPORATION,19/02/2024,CASH DEPOSIT-Jayesh Amin,0.0,0.0,0.0
40000246936,PARAMOUNT BANKING CORPORATION,21/02/2024,CLG-MINDWAVE CONSULTING,0.0,0.0,0.0
40000246936,PARAMOUNT BANKING CORPORATION,21/02/2024,REVERSAL-CASH DEPOSIT-Jayesh Amin,0.0,0.0,0.0
40000246936,PARAMOUNT BANKING CORPORATION,23/02/2024,RTGS-ICICR898517861221-Hitesh Patel,0.0,0.0,0.0
40000246936,PARAMOUNT BANKING CORPORATION,23/02/2024,NEFT-563124027394-TECHVISION SYSTEMS,0.0,0.0,0.0
40000246936,PARAMOUNT BANKING CORPORATION,26/02/2024,CASH WITHDRAWAL-Bhavesh Desai,0.0,0.0,0.0
40000246936,PARAMOUNT BANKING CORPORATION,26/02/2024,UPI/CR/414469861122/Paresh Modi/8219474269@pay,0.0,0.0,0.0
40000246936,PARAMOUNT BANKING CORPORATION,26/02/2024,REVERSAL-NEFT-563124027394-TECHVISION SYSTEMS,0.0,0.0,0.0
40000246936,PARAMOUNT BANKING CORPORATION,26/02/2024,ATM WDL-20749,0.0,0.0,0.0
40000246936,PARAMOUNT BANKING CORPORATION,27/02/2024,IMPS-789127272133-DIGITAL SOLUTIONS INDIA,0.0,0.0,0.0
40000246936,PARAMOUNT BANKING CORPORATION,27/02/2024,UPI/CR/732479416409/Hitesh Desai/9420225515@pay,0.0,0.0,0.0
40000246936,PARAMOUNT BANKING CORPORATION,28/02/2024,CHQ PAID-Mehul Desai-MICR,0.0,0.0,0.0
40000246936,PARAMOUNT BANKING CORPORATION,28/02/2024,Service Charges-Account Maintenance,0.0,0.0,0.0
40000246936,PARAMOUNT BANKING CORPORATION,29/02/2024,NEFT-479844916210-Jayesh Shah,0.0,0.0,0.0
40000246936,PARAMOUNT BANKING CORPORATION,29/02/2024,IMPS-693009032158-METROPOLITAN BUILDERS,0.0,0.0,0.0
40000246936,PARAMOUNT BANKING CORPORATION,29/02/2024,RTGS-ICICR846781232285-SUPPLY CHAIN CORP,0.0,0.0,0.0
40000246936,PARAMOUNT BANKING CORPORATION,29/02/2024,IMPS-315686896947-FOOD INDUSTRIES CORP,0.0,0.0,0.0
40000246936,PARAMOUNT BANKING CORPORATION,29/02/2024,NEFT-329231575548-WEBSTREAM LIMITED,0.0,0.0,0.0
40000246936,PARAMOUNT BANKING CORPORATION,29/02/2024,CASH WITHDRAWAL-Nisha Vora,0.0,0.0,0.0
40000246936,PARAMOUNT BANKING CORPORATION,01/03/2024,NEFT-537264854734-WEBSTREAM LIMITED,0.0,0.0,0.0
40000246936,PARAMOUNT BANKING CORPORATION,01/03/2024,NEFT-161287662693-Nilesh Desai,0.0,0.0,0.0
40000246936,PARAMOUNT BANKING CORPORATION,01/03/2024,IMPS-555683566769-PERSONAL CARE LTD,0.0,0.0,0.0
40000246936,PARAMOUNT BANKING CORPORATION,01/03/2024,NEFT-570042484105-DAILY NEEDS LIMITED,0.0,0.0,0.0
40000246936,PARAMOUNT BANKING CORPORATION,02/03/2024,CHQ PAID-Paresh Trivedi-MICR,0.0,0.0,0.0
40000246936,PARAMOUNT BANKING CORPORATION,02/03/2024,IMPS-255141404930-Mehul Patel,0.0,0.0,0.0
40000246936,PARAMOUNT BANKING CORPORATION,05/03/2024,CHQ PAID-Nisha Desai-MICR,0.0,0.0,0.0
40000246936,PARAMOUNT BANKING CORPORATION,05/03/2024,CLG-MOTOR INDUSTRIES LTD,0.0,0.0,0.0
40000246936,PARAMOUNT BANKING CORPORATION,06/03/2024,CASH DEPOSIT-Ketan Patel,0.0,0.0,0.0
40000246936,PARAMOUNT BANKING CORPORATION,06/03/2024,CLG-INVESTMENT SERVICES INDIA,0.0,0.0,0.0
40000246936,PARAMOUNT BANKING CORPORATION,07/03/2024,IMPS-928987679873-HEALTHCARE PRODUCTS LTD,0.0,0.0,0.0
40000246936,PARAMOUNT BANKING CORPORATION,07/03/2024,CASH DEPOSIT-Paresh Modi,0.0,0.0,0.0
40000246936,PARAMOUNT BANKING CORPORATION,09/03/2024,CASH DEPOSIT-Nilesh Vora,0.0,0.0,0.0
40000246936,PARAMOUNT BANKING CORPORATION,09/03/2024,IMPS-589844127316-PREMIUM PROPERTIES LTD,0.0,0.0,0.0
40000246936,PARAMOUNT BANKING CORPORATION,11/03/2024,NEFT-211047929755-Nisha Modi,0.0,0.0,0.0
40000246936,PARAMOUNT BANKING CORPORATION,12/03/2024,UPI/CR/187077381365/Bhavesh Vora/9728565941@pay,0.0,0.0,0.0
40000246936,PARAMOUNT BANKING CORPORATION,12/03/2024,RTGS-ICICR121250189541-INFOCORE TECHNOLOGIES,0.0,0.0,0.0
40000246936,PARAMOUNT BANKING CORPORATION,12/03/2024,FAILED-INSUFFICIENT FUNDS-CHQ PAID-Nisha Patel-MICR,0.0,0.0,0.0
40000246936,PARAMOUNT BANKING CORPORATION,12/03/2024,UPI/CR/607365216408/Mehul Shah/8089666824@pay,0.0,0.0,0.0
40000246936,PARAMOUNT BANKING CORPORATION,13/03/2024,CHQ PAID-Paresh Patel-MICR,0.0,0.0,0.0
40000246936,PARAMOUNT BANKING CORPORATION,13/03/2024,CHQ PAID-Nisha Trivedi-MICR,0.0,0.0,0.0
40000246936,PARAMOUNT BANKING CORPORATION,14/03/2024,Service Charges-Cheque Bounce Charge-704723,0.0,0.0,0.0
40000246936,PARAMOUNT BANKING CORPORATION,15/03/2024,IMPS-938400248031-DAILY NEEDS LIMITED,0.0,0.0,0.0
40000246936,PARAMOUNT BANKING CORPORATION,15/03/2024,NEFT-752562310284-MOTOR INDUSTRIES LTD,0.0,0.0,0.0
40000246936,PARAMOUNT BANKING CORPORATION,15/03/2024,IMPS-219373680303-Bhavesh Trivedi,0.0,0.0,0.0
40000246936,PARAMOUNT BANKING CORPORATION,15/03/2024,Dividend Cr-CREDIT SERVICES LTD-EQUITY SHARES,0.0,0.0,0.0
40000246936,PARAMOUNT BANKING CORPORATION,16/03/2024,RTGS-ICICR995711964366-Mehul Trivedi,0.0,0.0,0.0
40000246936,PARAMOUNT BANKING CORPORATION,19/03/2024,UPI/CR/369311584460/Mehul Amin/6406758361@pay,0.0,0.0,0.0
40000246936,PARAMOUNT BANKING CORPORATION,19/03/2024,IMPS-147459085653-INVESTMENT SERVICES INDIA,0.0,0.0,0.0
40000246936,PARAMOUNT BANKING CORPORATION,20/03/2024,UPI/DR/771338651644/Nilesh Vora/6310631994@pay,0.0,0.0,0.0
40000246936,PARAMOUNT BANKING CORPORATION,20/03/2024,SERVICE CHARGES-Account Maintenance,0.0,0.0,0.0
40000246936,PARAMOUNT BANKING CORPORATION,20/03/2024,NEFT-545811609397-Ketan Modi,0.0,0.0,0.0
40000246936,PARAMOUNT BANKING CORPORATION,20/03/2024,UPI/CR/137888155642/Hitesh Amin/9187338497@pay,0.0,0.0,0.0
40000246936,PARAMOUNT BANKING CORPORATION,22/03/2024,UPI/CR/412892568610/Bhavesh Patel/8569173093@pay,0.0,0.0,0.0
40000246936,PARAMOUNT BANKING CORPORATION,22/03/2024,NEFT-486031384978-FOOD INDUSTRIES CORP,0.0,0.0,0.0
40000246936,PARAMOUNT BANKING CORPORATION,23/03/2024,CASH WITHDRAWAL-Nisha Modi,0.0,0.0,0.0
40000246936,PARAMOUNT BANKING CORPORATION,23/03/2024,UPI/CR/584142725573/Nilesh Parekh/6349529257@pay,0.0,0.0,0.0
40000246936,PARAMOUNT BANKING CORPORATION,23/03/2024,IMPS-832564179597-Nisha Shah,0.0,0.0,0.0
40000246936,PARAMOUNT BANKING CORPORATION,23/03/2024,UPI/CR/403428724702/Hitesh Vora/8475213020@pay,0.0,0.0,0.0
40000246936,PARAMOUNT BANKING CORPORATION,26/03/2024,IMPS-864704411045-THERMAL SYSTEMS LTD,0.0,0.0,0.0
40000246936,PARAMOUNT BANKING CORPORATION,26/03/2024,UPI/CR/830941817009/Mehul Desai/9628218350@pay,0.0,0.0,0.0
40000246936,PARAMOUNT BANKING CORPORATION,26/03/2024,CHQ PAID-Hitesh Modi-MICR,0.0,0.0,0.0
40000246936,PARAMOUNT BANKING CORPORATION,26/03/2024,CHQ PAID-Jayesh Parekh-MICR,0.0,0.0,0.0
40000246936,PARAMOUNT BANKING CORPORATION,27/03/2024,UPI/CR/644951737112/Bhavesh Modi/8730828906@pay,0.0,0.0,0.0
40000246936,PARAMOUNT BANKING CORPORATION,28/03/2024,CLG-FOOD INDUSTRIES CORP,0.0,0.0,0.0
40000246936,PARAMOUNT BANKING CORPORATION,28/03/2024,NEFT-143047343698-URBAN ESTATES INDIA,0.0,0.0,0.0
40000246936,PARAMOUNT BANKING CORPORATION,28/03/2024,CLG-CAPITAL VENTURES INDIA,0.0,0.0,0.0
40000246936,PARAMOUNT BANKING CORPORATION,28/03/2024,NEFT-923520901531-THERMAL SYSTEMS LTD,0.0,0.0,0.0
40000246936,PARAMOUNT BANKING CORPORATION,28/03/2024,Service Charges-Online Banking Charges,0.0,0.0,0.0
40000246936,PARAMOUNT BANKING CORPORATION,28/03/2024,Service Charges-Foreign Currency Markup,0.0,0.0,0.0
40000246936,PARAMOUNT BANKING CORPORATION,28/03/2024,Service Charges-SMS Alert Charges,0.0,0.0,0.0
40000246936,PARAMOUNT BANKING CORPORATION,30/03/2024,CHQ PAID-Hitesh Shah-MICR,0.0,0.0,0.0
40000246936,PARAMOUNT BANKING CORPORATION,30/03/2024,SERVICE CHARGES-SMS Alert Charges,0.0,0.0,0.0
45520887066,CITADEL BANK OF INDIA,01/01/2024,RTGS-ICICR407376797611-SOFTWAVE TECHNOLOGIES,0.0,0.0,0.0
45520887066,CITADEL BANK OF INDIA,01/01/2024,CLG-CONSUMER PRODUCTS INDIA,0.0,0.0,0.0
45520887066,CITADEL BANK OF INDIA,01/01/2024,RTGS-ICICR121520478974-CAPITAL VENTURES INDIA,0.0,0.0,0.0
45520887066,CITADEL BANK OF INDIA,02/01/2024,NEFT-317825343782-DIGITAL SOLUTIONS INDIA,0.0,0.0,0.0
45520887066,CITADEL BANK OF INDIA,02/01/2024,UPI/DR/775815360784/Moumita Banerjee/7427416331@pay,0.0,0.0,0.0
45520887066,CITADEL BANK OF INDIA,02/01/2024,NEFT Dr-460698800009-INSURANCE SUBSCRIPTION,0.0,0.0,0.0
45520887066,CITADEL BANK OF INDIA,02/01/2024,NEFT-654533515683-CARGO SOLUTIONS LTD,0.0,0.0,0.0
45520887066,CITADEL BANK OF INDIA,03/01/2024,IMPS-209594555338-APEX HEAVY INDUSTRIES,0.0,0.0,0.0
45520887066,CITADEL BANK OF INDIA,04/01/2024,UPI/DR/505156380002/Biplab Mukherjee/7466546937@pay,0.0,0.0,0.0
45520887066,CITADEL BANK OF INDIA,04/01/2024,NEFT-724657724465-Sourav Das,0.0,0.0,0.0
45520887066,CITADEL BANK OF INDIA,04/01/2024,CLG-DATABRIDGE INFOTECH,0.0,0.0,0.0
45520887066,CITADEL BANK OF INDIA,05/01/2024,UPI/CR/288584440751/Debashis Mukherjee/7958774382@pay,0.0,0.0,0.0
45520887066,CITADEL BANK OF INDIA,05/01/2024,RTGS-ICICR284459869336-Sourav Dutta,0.0,0.0,0.0
45520887066,CITADEL BANK OF INDIA,05/01/2024,UPI/DR/964109030679/Biplab Sen/8200540833@pay,0.0,0.0,0.0
45520887066,CITADEL BANK OF INDIA,06/01/2024,CHQ PAID-Sreya Sen-MICR,0.0,0.0,0.0
45520887066,CITADEL BANK OF INDIA,08/01/2024,NEFT-495479626655-URBAN CONSTRUCTIONS,0.0,0.0,0.0
45520887066,CITADEL BANK OF INDIA,08/01/2024,UPI/DR/623382709915/Debashis Ghosh/6126756426@pay,0.0,0.0,0.0
45520887066,CITADEL BANK OF INDIA,08/01/2024,NEFT-437528243301-Sourav Sen,0.0,0.0,0.0
45520887066,CITADEL BANK OF INDIA,09/01/2024,IMPS-363813322691-Arpita Mukherjee,0.0,0.0,0.0
45520887066,CITADEL BANK OF INDIA,09/01/2024,UPI/CR/785791845987/Arpita Mukherjee/6575337248@pay,0.0,0.0,0.0
45520887066,CITADEL BANK OF INDIA,09/01/2024,NEFT-270227965891-Debashis Das,0.0,0.0,0.0
45520887066,CITADEL BANK OF INDIA,10/01/2024,NEFT Dr-545417167413-CLOUD SUBSCRIPTION,0.0,0.0,0.0
45520887066,CITADEL BANK OF INDIA,11/01/2024,CLG-DATABRIDGE INFOTECH,0.0,0.0,0.0
45520887066,CITADEL BANK OF INDIA,12/01/2024,IMPS-327287833566-NETFORGE TECHNOLOGIES,0.0,0.0,0.0
45520887066,CITADEL BANK OF INDIA,12/01/2024,UPI/CR/236554771381/Biplab Sen/9097375742@pay,0.0,0.0,0.0
45520887066,CITADEL BANK OF INDIA,13/01/2024,NEFT-767321598947-FINANCE SOLUTIONS INDIA,0.0,0.0,0.0
45520887066,CITADEL BANK OF INDIA,13/01/2024,NEFT-307436376991-FOOD INDUSTRIES CORP,0.0,0.0,0.0
45520887066,CITADEL BANK OF INDIA,13/01/2024,CLG-THERMAL SYSTEMS LTD,0.0,0.0,0.0
45520887066,CITADEL BANK OF INDIA,15/01/2024,CASH WITHDRAWAL-Sreya Ghosh,0.0,0.0,0.0
45520887066,CITADEL BANK OF INDIA,16/01/2024,NEFT-324345953475-DIGITAL SOLUTIONS INDIA,0.0,0.0,0.0
45520887066,CITADEL BANK OF INDIA,16/01/2024,NEFT-326754103921-Moumita Chatterjee,0.0,0.0,0.0
45520887066,CITADEL BANK OF INDIA,17/01/2024,CHQ PAID-Amit Chatterjee-MICR,0.0,0.0,0.0
45520887066,CITADEL BANK OF INDIA,17/01/2024,NEFT-835699880211-Sreya Chatterjee,0.0,0.0,0.0
45520887066,CITADEL BANK OF INDIA,19/01/2024,UPI/CR/669883500286/Biplab Das/8429048862@pay,0.0,0.0,0.0
45520887066,CITADEL BANK OF INDIA,19/01/2024,NEFT Dr-558866336916-INSURANCE SUBSCRIPTION,0.0,0.0,0.0
45520887066,CITADEL BANK OF INDIA,19/01/2024,IMPS-675971645247-CONSUMER PRODUCTS INDIA,0.0,0.0,0.0
45520887066,CITADEL BANK OF INDIA,19/01/2024,CHQ PAID-Biplab Ghosh-MICR,0.0,0.0,0.0
45520887066,CITADEL BANK OF INDIA,20/01/2024,NEFT Dr-348937934666-GST PAYMENT-GSTIN 45A1278,0.0,0.0,0.0
45520887066,CITADEL BANK OF INDIA,22/01/2024,IMPS-481085694783-Arpita Das,0.0,0.0,0.0
45520887066,CITADEL BANK OF INDIA,22/01/2024,UPI/CR/126946772131/Arpita Chatterjee/6503962876@pay,0.0,0.0,0.0
45520887066,CITADEL BANK OF INDIA,23/01/2024,CHQ PAID-Arpita Chatterjee-MICR,0.0,0.0,0.0
45520887066,CITADEL BANK OF INDIA,23/01/2024,RTGS-ICICR815187744798-NETFORGE TECHNOLOGIES,0.0,0.0,0.0
45520887066,CITADEL BANK OF INDIA,23/01/2024,SERVICE CHARGES-NEFT/RTGS Charges,0.0,0.0,0.0
45520887066,CITADEL BANK OF INDIA,24/01/2024,NEFT-957941228439-Moumita Mukherjee,0.0,0.0,0.0
45520887066,CITADEL BANK OF INDIA,24/01/2024,NEFT-949781418660-MOTOR INDUSTRIES LTD,0.0,0.0,0.0
45520887066,CITADEL BANK OF INDIA,25/01/2024,NEFT-836898366948-Amit Ghosh,0.0,0.0,0.0
45520887066,CITADEL BANK OF INDIA,25/01/2024,REVERSAL-RTGS-ICICR815187744798-NETFORGE TECHNOLOGIES,0.0,0.0,0.0
45520887066,CITADEL BANK OF INDIA,27/01/2024,CHQ PAID-Moumita Ghosh-MICR,0.0,0.0,0.0
45520887066,CITADEL BANK OF INDIA,27/01/2024,CHQ PAID-Arpita Dutta-MICR,0.0,0.0,0.0
45520887066,CITADEL BANK OF INDIA,27/01/2024,RTGS-ICICR507031505811-EXPRESS LOGISTICS INDIA,0.0,0.0,0.0
45520887066,CITADEL BANK OF INDIA,27/01/2024,NEFT-871251940074-Moumita Ghosh,0.0,0.0,0.0
45520887066,CITADEL BANK OF INDIA,27/01/2024,FAILED-INSUFFICIENT FUNDS-CASH WITHDRAWAL-Biplab Dutta,0.0,0.0,0.0
45520887066,CITADEL BANK OF INDIA,29/01/2024,NEFT-682747398042-Arpita Das,0.0,0.0,0.0
45520887066,CITADEL BANK OF INDIA,29/01/2024,UPI/DR/778038953504/Sujit Ghosh/7616518085@pay,0.0,0.0,0.0
45520887066,CITADEL BANK OF INDIA,29/01/2024,NEFT-813517640724-Sourav Das,0.0,0.0,0.0
45520887066,CITADEL BANK OF INDIA,30/01/2024,CLG-INDUSTRIAL COMPONENTS INDIA,0.0,0.0,0.0
45520887066,CITADEL BANK OF INDIA,30/01/2024,IMPS-549740385920-Sujit Banerjee,0.0,0.0,0.0
45520887066,CITADEL BANK OF INDIA,31/01/2024,IMPS-644827221899-Amit Banerjee,0.0,0.0,0.0
45520887066,CITADEL BANK OF INDIA,31/01/2024,IMPS-218611299096-HEALTHCARE PRODUCTS LTD,0.0,0.0,0.0
45520887066,CITADEL BANK OF INDIA,31/01/2024,IMPS-759736091996-PERSONAL CARE LTD,0.0,0.0,0.0
45520887066,CITADEL BANK OF INDIA,01/02/2024,NEFT-474333996032-NETFORGE TECHNOLOGIES,0.0,0.0,0.0
45520887066,CITADEL BANK OF INDIA,02/02/2024,NEFT Dr-164794194279-UTILITY SUBSCRIPTION,0.0,0.0,0.0
45520887066,CITADEL BANK OF INDIA,02/02/2024,RTGS-ICICR683311873306-Arpita Banerjee,0.0,0.0,0.0
45520887066,CITADEL BANK OF INDIA,03/02/2024,Dividend Cr-APEX HEAVY INDUSTRIES-EQUITY SHARES,0.0,0.0,0.0
45520887066,CITADEL BANK OF INDIA,03/02/2024,NEFT-234867295392-DATABRIDGE INFOTECH,0.0,0.0,0.0
45520887066,CITADEL BANK OF INDIA,05/02/2024,CHQ PAID-Amit Sen-MICR,0.0,0.0,0.0
45520887066,CITADEL BANK OF INDIA,05/02/2024,CASH WITHDRAWAL-Biplab Dutta,0.0,0.0,0.0
45520887066,CITADEL BANK OF INDIA,06/02/2024,UPI/CR/848305291163/Sujit Mukherjee/6437573526@pay,0.0,0.0,0.0
45520887066,CITADEL BANK OF INDIA,06/02/2024,IMPS-358520142362-CODEBASE SOLUTIONS,0.0,0.0,0.0
45520887066,CITADEL BANK OF INDIA,07/02/2024,UPI/CR/724258940238/Arpita Mukherjee/9997756103@pay,0.0,0.0,0.0
45520887066,CITADEL BANK OF INDIA,07/02/2024,RTGS-ICICR706911360679-FABRIC INDUSTRIES INDIA,0.0,0.0,0.0
45520887066,CITADEL BANK OF INDIA,09/02/2024,UPI/DR/785285545010/Biplab Ghosh/9980861649@pay,0.0,0.0,0.0
45520887066,CITADEL BANK OF INDIA,09/02/2024,IMPS-251721696107-Sreya Sen,0.0,0.0,0.0
45520887066,CITADEL BANK OF INDIA,09/02/2024,SERVICE CHARGES-NEFT/RTGS Charges,0.0,0.0,0.0
45520887066,CITADEL BANK OF INDIA,10/02/2024,CASH WITHDRAWAL-Sujit Ghosh,0.0,0.0,0.0
45520887066,CITADEL BANK OF INDIA,10/02/2024,NEFT Dr-479723981628-SOFTWARE SUBSCRIPTION,0.0,0.0,0.0
45520887066,CITADEL BANK OF INDIA,10/02/2024,NEFT-365245582355-Debashis Sen,0.0,0.0,0.0
45520887066,CITADEL BANK OF INDIA,12/02/2024,NEFT-720483343910-WEBSTREAM LIMITED,0.0,0.0,0.0
45520887066,CITADEL BANK OF INDIA,13/02/2024,UPI/DR/844892916192/Sourav Das/8091776852@pay,0.0,0.0,0.0
45520887066,CITADEL BANK OF INDIA,14/02/2024,CLG-CARGO SOLUTIONS LTD,0.0,0.0,0.0
45520887066,CITADEL BANK OF INDIA,14/02/2024,UPI/DR/292404868271/Moumita Chatterjee/8648838159@pay,0.0,0.0,0.0
45520887066,CITADEL BANK OF INDIA,15/02/2024,CHQ PAID-Sujit Das-MICR,0.0,0.0,0.0
45520887066,CITADEL BANK OF INDIA,15/02/2024,UPI/DR/250029251851/Biplab Ghosh/8122793730@pay,0.0,0.0,0.0
45520887066,CITADEL BANK OF INDIA,16/02/2024,CLG-CREDIT SERVICES LTD,0.0,0.0,0.0
45520887066,CITADEL BANK OF INDIA,16/02/2024,NEFT-561418426591-Moumita Das,0.0,0.0,0.0
45520887066,CITADEL BANK OF INDIA,16/02/2024,SERVICE CHARGES-Demat Account AMC,0.0,0.0,0.0
45520887066,CITADEL BANK OF INDIA,19/02/2024,NEFT Dr-751660714458-UTILITY SUBSCRIPTION,0.0,0.0,0.0
45520887066,CITADEL BANK OF INDIA,19/02/2024,NEFT-780270636821-SOFTWAVE TECHNOLOGIES,0.0,0.0,0.0
45520887066,CITADEL BANK OF INDIA,19/02/2024,ATM WDL-53292,0.0,0.0,0.0
45520887066,CITADEL BANK OF INDIA,19/02/2024,CHQ PAID-Moumita Bose-MICR,0.0,0.0,0.0
45520887066,CITADEL BANK OF INDIA,19/02/2024,CLG-CARGO SOLUTIONS LTD,0.0,0.0,0.0
45520887066,CITADEL BANK OF INDIA,20/02/2024,RTGS-ICICR762948974213-Amit Sen,0.0,0.0,0.0
45520887066,CITADEL BANK OF INDIA,20/02/2024,NEFT Dr-703192767425-GST PAYMENT-GSTIN 91C2005,0.0,0.0,0.0
45520887066,CITADEL BANK OF INDIA,21/02/2024,IMPS-634901505600-FASHION TEXTILES LTD,0.0,0.0,0.0
45520887066,CITADEL BANK OF INDIA,21/02/2024,IMPS-892015273657-RETAIL SOLUTIONS INDIA,0.0,0.0,0.0
45520887066,CITADEL BANK OF INDIA,22/02/2024,NEFT-116008609716-Sourav Ghosh,0.0,0.0,0.0
45520887066,CITADEL BANK OF INDIA,23/02/2024,CLG-FOOD INDUSTRIES CORP,0.0,0.0,0.0
45520887066,CITADEL BANK OF INDIA,23/02/2024,RTGS-ICICR572694527660-Amit Bose,0.0,0.0,0.0
45520887066,CITADEL BANK OF INDIA,23/02/2024,ATM WDL-63782,0.0,0.0,0.0
45520887066,CITADEL BANK OF INDIA,23/02/2024,NEFT-170676889280-Sreya Bose,0.0,0.0,0.0
45520887066,CITADEL BANK OF INDIA,23/02/2024,CLG-NETFORGE TECHNOLOGIES,0.0,0.0,0.0
45520887066,CITADEL BANK OF INDIA,24/02/2024,IMPS-943289364793-CONSTRUCTION SOLUTIONS LTD,0.0,0.0,0.0
45520887066,CITADEL BANK OF INDIA,26/02/2024,UPI/CR/676243175697/Debashis Chatterjee/9248575260@pay,0.0,0.0,0.0
45520887066,CITADEL BANK OF INDIA,26/02/2024,CLG-HOUSING DEVELOPERS CORP,0.0,0.0,0.0
45520887066,CITADEL BANK OF INDIA,26/02/2024,IMPS-563564720506-LIFELINE PHARMACEUTICAL,0.0,0.0,0.0
45520887066,CITADEL BANK OF INDIA,27/02/2024,NEFT-878737489143-Sujit Banerjee,0.0,0.0,0.0
45520887066,CITADEL BANK OF INDIA,27/02/2024,RTGS-ICICR812593955244-MOTOR INDUSTRIES LTD,0.0,0.0,0.0
45520887066,CITADEL BANK OF INDIA,27/02/2024,RTGS-ICICR537201246250-METROPOLITAN BUILDERS,0.0,0.0,0.0
45520887066,CITADEL BANK OF INDIA,28/02/2024,IMPS-230664464082-FABRIC INDUSTRIES INDIA,0.0,0.0,0.0
45520887066,CITADEL BANK OF INDIA,28/02/2024,IMPS-899958053619-DIGITAL SOLUTIONS INDIA,0.0,0.0,0.0
45520887066,CITADEL BANK OF INDIA,28/02/2024,CLG-HOUSING DEVELOPERS CORP,0.0,0.0,0.0
45520887066,CITADEL BANK OF INDIA,28/02/2024,CHQ PAID-Amit Bose-MICR,0.0,0.0,0.0
45520887066,CITADEL BANK OF INDIA,28/02/2024,Service Charges-Foreign Currency Markup,0.0,0.0,0.0
45520887066,CITADEL BANK OF INDIA,28/02/2024,Service Charges-Statement Charges,0.0,0.0,0.0
45520887066,CITADEL BANK OF INDIA,28/02/2024,Service Charges-Cheque Book Charges,0.0,0.0,0.0
45520887066,CITADEL BANK OF INDIA,29/02/2024,UPI/DR/835829701690/Sujit Dutta/9119643750@pay,0.0,0.0,0.0
45520887066,CITADEL BANK OF INDIA,29/02/2024,CHQ PAID-Biplab Banerjee-MICR,0.0,0.0,0.0
45520887066,CITADEL BANK OF INDIA,29/02/2024,NEFT-252800804406-Arpita Chatterjee,0.0,0.0,0.0
45520887066,CITADEL BANK OF INDIA,01/03/2024,CHQ PAID-Arpita Sen-MICR,0.0,0.0,0.0
45520887066,CITADEL BANK OF INDIA,01/03/2024,NEFT-889179191826-URBAN CONSTRUCTIONS,0.0,0.0,0.0
45520887066,CITADEL BANK OF INDIA,01/03/2024,CASH DEPOSIT-Sreya Banerjee,0.0,0.0,0.0
45520887066,CITADEL BANK OF INDIA,02/03/2024,NEFT Dr-945552217464-SOFTWARE SUBSCRIPTION,0.0,0.0,0.0
45520887066,CITADEL BANK OF INDIA,04/03/2024,IMPS-220970369852-SOFTWAVE TECHNOLOGIES,0.0,0.0,0.0
45520887066,CITADEL BANK OF INDIA,04/03/2024,CHQ PAID-Sourav Chatterjee-MICR,0.0,0.0,0.0
45520887066,CITADEL BANK OF INDIA,06/03/2024,CLG-CARGO SOLUTIONS LTD,0.0,0.0,0.0
45520887066,CITADEL BANK OF INDIA,07/03/2024,CLG-MINDWAVE CONSULTING,0.0,0.0,0.0
45520887066,CITADEL BANK OF INDIA,07/03/2024,IMPS-848165961181-Moumita Bose,0.0,0.0,0.0
45520887066,CITADEL BANK OF INDIA,09/03/2024,FAILED-INSUFFICIENT FUNDS-IMPS-977266007627-Amit Das,0.0,0.0,0.0
45520887066,CITADEL BANK OF INDIA,09/03/2024,CLG-MINDWAVE CONSULTING,0.0,0.0,0.0
45520887066,CITADEL BANK OF INDIA,11/03/2024,IMPS-253597054958-Biplab Dutta,0.0,0.0,0.0
45520887066,CITADEL BANK OF INDIA,12/03/2024,CHQ PAID-Moumita Dutta-MICR,0.0,0.0,0.0
45520887066,CITADEL BANK OF INDIA,12/03/2024,RTGS-ICICR721827653688-URBAN ESTATES INDIA,0.0,0.0,0.0
45520887066,CITADEL BANK OF INDIA,12/03/2024,IMPS-945163062285-Sourav Chatterjee,0.0,0.0,0.0
45520887066,CITADEL BANK OF INDIA,12/03/2024,NEFT-563414477292-PREMIUM INFRASTRUCTURE,0.0,0.0,0.0
45520887066,CITADEL BANK OF INDIA,14/03/2024,CLG-TECHVISION SYSTEMS,0.0,0.0,0.0
45520887066,CITADEL BANK OF INDIA,14/03/2024,ATM WDL-41124,0.0,0.0,0.0
45520887066,CITADEL BANK OF INDIA,15/03/2024,CHQ PAID-Arpita Bose-MICR,0.0,0.0,0.0
45520887066,CITADEL BANK OF INDIA,15/03/2024,UPI/DR/694147874799/Sourav Das/8627446491@pay,0.0,0.0,0.0
45520887066,CITADEL BANK OF INDIA,15/03/2024,Dividend Cr-FINANCE SOLUTIONS INDIA-EQUITY SHARES,0.0,0.0,0.0
45520887066,CITADEL BANK OF INDIA,15/03/2024,IMPS-365155234816-MINDWAVE CONSULTING,0.0,0.0,0.0
45520887066,CITADEL BANK OF INDIA,18/03/2024,CHQ PAID-Moumita Das-MICR,0.0,0.0,0.0
45520887066,CITADEL BANK OF INDIA,18/03/2024,RTGS-ICICR832739550445-Biplab Banerjee,0.0,0.0,0.0
45520887066,CITADEL BANK OF INDIA,19/03/2024,NEFT Dr-945558948398-UTILITY SUBSCRIPTION,0.0,0.0,0.0
45520887066,CITADEL BANK OF INDIA,20/03/2024,CLG-CLOUDTECH SERVICES,0.0,0.0,0.0
45520887066,CITADEL BANK OF INDIA,20/03/2024,NEFT Dr-251092850949-GST PAYMENT-GSTIN 71B2857,0.0,0.0,0.0
45520887066,CITADEL BANK OF INDIA,20/03/2024,ATM WDL-37251,0.0,0.0,0.0
45520887066,CITADEL BANK OF INDIA,21/03/2024,IMPS-232907246180-Debashis Dutta,0.0,0.0,0.0
45520887066,CITADEL BANK OF INDIA,21/03/2024,CLG-FABRIC INDUSTRIES INDIA,0.0,0.0,0.0
45520887066,CITADEL BANK OF INDIA,21/03/2024,FAILED-INSUFFICIENT FUNDS-RTGS-ICICR896948616799-Biplab Mukherjee,0.0,0.0,0.0
45520887066,CITADEL BANK OF INDIA,21/03/2024,IMPS-552028536438-Debashis Mukherjee,0.0,0.0,0.0
45520887066,CITADEL BANK OF INDIA,23/03/2024,CASH DEPOSIT-Arpita Dutta,0.0,0.0,0.0
45520887066,CITADEL BANK OF INDIA,23/03/2024,CASH DEPOSIT-Biplab Bose,0.0,0.0,0.0
45520887066,CITADEL BANK OF INDIA,23/03/2024,CASH WITHDRAWAL-Sourav Mukherjee,0.0,0.0,0.0
45520887066,CITADEL BANK OF INDIA,23/03/2024,CHQ PAID-Sreya Bose-MICR,0.0,0.0,0.0
45520887066,CITADEL BANK OF INDIA,23/03/2024,UPI/DR/455198926967/Biplab Sen/6431502558@pay,0.0,0.0,0.0
45520887066,CITADEL BANK OF INDIA,23/03/2024,UPI/CR/485828110755/Sourav Banerjee/6084102203@pay,0.0,0.0,0.0
45520887066,CITADEL BANK OF INDIA,26/03/2024,CLG-HIGHWAY DEVELOPERS INDIA,0.0,0.0,0.0
45520887066,CITADEL BANK OF INDIA,26/03/2024,IMPS-428650220352-HOUSING DEVELOPERS CORP,0.0,0.0,0.0
45520887066,CITADEL BANK OF INDIA,26/03/2024,IMPS-827134388049-HEALTHPLUS PHARMA LTD,0.0,0.0,0.0
45520887066,CITADEL BANK OF INDIA,27/03/2024,CLG-DIGITAL SOLUTIONS INDIA,0.0,0.0,0.0
45520887066,CITADEL BANK OF INDIA,27/03/2024,UPI/DR/160541028567/Arpita Das/7009761193@pay,0.0,0.0,0.0
45520887066,CITADEL BANK OF INDIA,27/03/2024,IMPS-772242340604-WEBSTREAM LIMITED,0.0,0.0,0.0
45520887066,CITADEL BANK OF INDIA,28/03/2024,Service Charges-Cheque Book Charges,0.0,0.0,0.0
45520887066,CITADEL BANK OF INDIA,30/03/2024,NEFT-956194844331-Sreya Mukherjee,0.0,0.0,0.0
45520887066,CITADEL BANK OF INDIA,30/03/2024,RTGS-ICICR639795245385-DATABRIDGE INFOTECH,0.0,0.0,0.0
45520887066,CITADEL BANK OF INDIA,30/03/2024,CHQ PAID-Biplab Banerjee-MICR,0.0,0.0,0.0
45520887066,CITADEL BANK OF INDIA,30/03/2024,IMPS-308444930467-Sourav Chatterjee,0.0,0.0,0.0
45520887066,CITADEL BANK OF INDIA,30/03/2024,REVERSAL-IMPS-827134388049-HEALTHPLUS PHARMA LTD,0.0,0.0,0.0
92670086425,PROGRESSIVE NATIONAL BANK,01/01/2024,UPI/CR/472068259477/Venkatesh Pillai/9566544379@pay,0.0,0.0,0.0
92670086425,PROGRESSIVE NATIONAL BANK,01/01/2024,UPI/DR/622063901035/Ramesh Murthy/6178531885@pay,0.0,0.0,0.0
92670086425,PROGRESSIVE NATIONAL BANK,01/01/2024,RTGS-ICICR647412224548-RETAIL SOLUTIONS INDIA,0.0,0.0,0.0
92670086425,PROGRESSIVE NATIONAL BANK,02/01/2024,IMPS-767875441163-Lakshmi Nair,0.0,0.0,0.0
92670086425,PROGRESSIVE NATIONAL BANK,02/01/2024,UPI/DR/772627772366/Ramesh Pillai/9124132639@pay,0.0,0.0,0.0
92670086425,PROGRESSIVE NATIONAL BANK,02/01/2024,IMPS-898890199700-FOOD INDUSTRIES CORP,0.0,0.0,0.0
92670086425,PROGRESSIVE NATIONAL BANK,02/01/2024,CASH DEPOSIT-Subramaniam Murthy,0.0,0.0,0.0
92670086425,PROGRESSIVE NATIONAL BANK,05/01/2024,NEFT-174248956944-RETAIL SOLUTIONS INDIA,0.0,0.0,0.0
92670086425,PROGRESSIVE NATIONAL BANK,05/01/2024,CASH WITHDRAWAL-Venkatesh Nair,0.0,0.0,0.0
92670086425,PROGRESSIVE NATIONAL BANK,06/01/2024,ATM WDL-63471,0.0,0.0,0.0
92670086425,PROGRESSIVE NATIONAL BANK,06/01/2024,CASH DEPOSIT-Anitha Iyer,0.0,0.0,0.0
92670086425,PROGRESSIVE NATIONAL BANK,08/01/2024,FAILED-INSUFFICIENT FUNDS-RTGS-ICICR861569215588-Ramesh Rao,0.0,0.0,0.0
92670086425,PROGRESSIVE NATIONAL BANK,09/01/2024,NEFT-662491736665-Ramesh Nair,0.0,0.0,0.0
92670086425,PROGRESSIVE NATIONAL BANK,09/01/2024,CASH WITHDRAWAL-Priya Nair,0.0,0.0,0.0
92670086425,PROGRESSIVE NATIONAL BANK,10/01/2024,NEFT Dr-634258827002-LOAN EMI-MONTHLY INSTALLMENT,0.0,0.0,0.0
92670086425,PROGRESSIVE NATIONAL BANK,10/01/2024,NEFT-681965959816-GST PAYMENT-GSTIN,0.0,0.0,0.0
92670086425,PROGRESSIVE NATIONAL BANK,10/01/2024,CASH WITHDRAWAL-Karthik Nair,0.0,0.0,0.0
92670086425,PROGRESSIVE NATIONAL BANK,10/01/2024,FAILED-INSUFFICIENT FUNDS-ATM WDL-54578,0.0,0.0,0.0
92670086425,PROGRESSIVE NATIONAL BANK,11/01/2024,RTGS-ICICR157864087600-METROPOLITAN BUILDERS,0.0,0.0,0.0
92670086425,PROGRESSIVE NATIONAL BANK,11/01/2024,NEFT-392165170318-Ramesh Rao,0.0,0.0,0.0
92670086425,PROGRESSIVE NATIONAL BANK,11/01/2024,RTGS-ICICR565396479040-Kavitha Pillai,0.0,0.0,0.0
92670086425,PROGRESSIVE NATIONAL BANK,12/01/2024,CLG-WELLNESS BRANDS INDIA,0.0,0.0,0.0
92670086425,PROGRESSIVE NATIONAL BANK,12/01/2024,CASH WITHDRAWAL-Ganesh Nair,0.0,0.0,0.0
92670086425,PROGRESSIVE NATIONAL BANK,13/01/2024,CHQ PAID-Karthik Nair-MICR,0.0,0.0,0.0
92670086425,PROGRESSIVE NATIONAL BANK,13/01/2024,IMPS-615217479682-Priya Krishnan,0.0,0.0,0.0
92670086425,PROGRESSIVE NATIONAL BANK,13/01/2024,CASH DEPOSIT-Anitha Naidu,0.0,0.0,0.0
92670086425,PROGRESSIVE NATIONAL BANK,13/01/2024,CLG-WEBSTREAM LIMITED,0.0,0.0,0.0
92670086425,PROGRESSIVE NATIONAL BANK,13/01/2024,NEFT-603963187215-FINANCE SOLUTIONS INDIA,0.0,0.0,0.0
92670086425,PROGRESSIVE NATIONAL BANK,13/01/2024,CHQ PAID-Priya Naidu-MICR,0.0,0.0,0.0
92670086425,PROGRESSIVE NATIONAL BANK,13/01/2024,CHQ PAID-Lakshmi Krishnan-MICR,0.0,0.0,0.0
92670086425,PROGRESSIVE NATIONAL BANK,15/01/2024,UPI/CR/814975888274/Kavitha Murthy/7692243456@pay,0.0,0.0,0.0
92670086425,PROGRESSIVE NATIONAL BANK,16/01/2024,NEFT-196428338949-NETFORGE TECHNOLOGIES,0.0,0.0,0.0
92670086425,PROGRESSIVE NATIONAL BANK,16/01/2024,IMPS-602502944419-RETAIL SOLUTIONS INDIA,0.0,0.0,0.0
92670086425,PROGRESSIVE NATIONAL BANK,16/01/2024,NEFT-551897175119-Venkatesh Menon,0.0,0.0,0.0
92670086425,PROGRESSIVE NATIONAL BANK,17/01/2024,CLG-FABRIC INDUSTRIES INDIA,0.0,0.0,0.0
92670086425,PROGRESSIVE NATIONAL BANK,17/01/2024,ATM WDL-21642,0.0,0.0,0.0
92670086425,PROGRESSIVE NATIONAL BANK,18/01/2024,NEFT-517677403470-HOUSING DEVELOPERS CORP,0.0,0.0,0.0
92670086425,PROGRESSIVE NATIONAL BANK,18/01/2024,IMPS-818459769175-Anitha Reddy,0.0,0.0,0.0
92670086425,PROGRESSIVE NATIONAL BANK,18/01/2024,IMPS-180167735818-Srinivas Menon,0.0,0.0,0.0
92670086425,PROGRESSIVE NATIONAL BANK,19/01/2024,NEFT-723262857017-CONSTRUCTION SOLUTIONS LTD,0.0,0.0,0.0
92670086425,PROGRESSIVE NATIONAL BANK,19/01/2024,CHQ PAID-Venkatesh Naidu-MICR,0.0,0.0,0.0
92670086425,PROGRESSIVE NATIONAL BANK,19/01/2024,CASH DEPOSIT-Subramaniam Murthy,0.0,0.0,0.0
92670086425,PROGRESSIVE NATIONAL BANK,19/01/2024,NEFT-354638089874-AUTOMOTIVE PARTS CORP,0.0,0.0,0.0
92670086425,PROGRESSIVE NATIONAL BANK,20/01/2024,NEFT-747824360970-CYBERCRAFT SYSTEMS,0.0,0.0,0.0
92670086425,PROGRESSIVE NATIONAL BANK,20/01/2024,NEFT Dr-456317005133-GST PAYMENT-GSTIN 67B4119,0.0,0.0,0.0
92670086425,PROGRESSIVE NATIONAL BANK,22/01/2024,NEFT-398291473822-Ramesh Reddy,0.0,0.0,0.0
92670086425,PROGRESSIVE NATIONAL BANK,22/01/2024,CLG-WEBSTREAM LIMITED,0.0,0.0,0.0
92670086425,PROGRESSIVE NATIONAL BANK,22/01/2024,IMPS-611797468132-NETFORGE TECHNOLOGIES,0.0,0.0,0.0
92670086425,PROGRESSIVE NATIONAL BANK,22/01/2024,IMPS-859439810455-Ramesh Menon,0.0,0.0,0.0
92670086425,PROGRESSIVE NATIONAL BANK,23/01/2024,NEFT-208579476060-Kavitha Pillai,0.0,0.0,0.0
92670086425,PROGRESSIVE NATIONAL BANK,23/01/2024,NEFT-951147362591-DAILY NEEDS LIMITED,0.0,0.0,0.0
92670086425,PROGRESSIVE NATIONAL BANK,24/01/2024,ATM WDL-11384,0.0,0.0,0.0
92670086425,PROGRESSIVE NATIONAL BANK,24/01/2024,IMPS-279438089876-CODEBASE SOLUTIONS,0.0,0.0,0.0
92670086425,PROGRESSIVE NATIONAL BANK,24/01/2024,IMPS-262210390729-FABRIC INDUSTRIES INDIA,0.0,0.0,0.0
92670086425,PROGRESSIVE NATIONAL BANK,24/01/2024,NEFT-820834194632-Venkatesh Nair,0.0,0.0,0.0
92670086425,PROGRESSIVE NATIONAL BANK,25/01/2024,FAILED-INSUFFICIENT FUNDS-IMPS-499556756546-Kavitha Reddy,0.0,0.0,0.0
92670086425,PROGRESSIVE NATIONAL BANK,25/01/2024,ATM WDL-45508,0.0,0.0,0.0
92670086425,PROGRESSIVE NATIONAL BANK,25/01/2024,CHQ PAID-Venkatesh Nair-MICR,0.0,0.0,0.0
92670086425,PROGRESSIVE NATIONAL BANK,29/01/2024,NEFT-266096354412-Ramesh Nair,0.0,0.0,0.0
92670086425,PROGRESSIVE NATIONAL BANK,30/01/2024,NEFT-651246035614-URBAN ESTATES INDIA,0.0,0.0,0.0
92670086425,PROGRESSIVE NATIONAL BANK,31/01/2024,NEFT-176963881446-CLOUDTECH SERVICES,0.0,0.0,0.0
92670086425,PROGRESSIVE NATIONAL BANK,31/01/2024,NEFT-760745457185-Karthik Krishnan,0.0,0.0,0.0
92670086425,PROGRESSIVE NATIONAL BANK,31/01/2024,NEFT-379618134760-CARGO SOLUTIONS LTD,0.0,0.0,0.0
92670086425,PROGRESSIVE NATIONAL BANK,31/01/2024,NEFT-531489303231-SOFTWAVE TECHNOLOGIES,0.0,0.0,0.0
92670086425,PROGRESSIVE NATIONAL BANK,01/02/2024,NEFT-996194793470-Venkatesh Menon,0.0,0.0,0.0
92670086425,PROGRESSIVE NATIONAL BANK,01/02/2024,UPI/DR/870035775387/Karthik Iyer/8272190295@pay,0.0,0.0,0.0
92670086425,PROGRESSIVE NATIONAL BANK,02/02/2024,SERVICE CHARGES-Cheque Book Charges,0.0,0.0,0.0
92670086425,PROGRESSIVE NATIONAL BANK,02/02/2024,NEFT-747083408412-RETAIL SOLUTIONS INDIA,0.0,0.0,0.0
92670086425,PROGRESSIVE NATIONAL BANK,02/02/2024,UPI/CR/461261426022/Venkatesh Reddy/9330049422@pay,0.0,0.0,0.0
92670086425,PROGRESSIVE NATIONAL BANK,02/02/2024,CHQ PAID-Kavitha Iyer-MICR,0.0,0.0,0.0
92670086425,PROGRESSIVE NATIONAL BANK,07/02/2024,UPI/CR/140047378373/Anitha Iyer/9348517658@pay,0.0,0.0,0.0
92670086425,PROGRESSIVE NATIONAL BANK,07/02/2024,IMPS-254530183284-CYBERCRAFT SYSTEMS,0.0,0.0,0.0
92670086425,PROGRESSIVE NATIONAL BANK,07/02/2024,IMPS-822546872864-HIGHWAY DEVELOPERS INDIA,0.0,0.0,0.0
92670086425,PROGRESSIVE NATIONAL BANK,08/02/2024,ATM WDL-54713,0.0,0.0,0.0
92670086425,PROGRESSIVE NATIONAL BANK,08/02/2024,UPI/DR/455018520623/Subramaniam Rao/6599441702@pay,0.0,0.0,0.0
92670086425,PROGRESSIVE NATIONAL BANK,08/02/2024,CLG-DATABRIDGE INFOTECH,0.0,0.0,0.0
92670086425,PROGRESSIVE NATIONAL BANK,09/02/2024,UPI/DR/952986504897/Anitha Pillai/7352831847@pay,0.0,0.0,0.0
92670086425,PROGRESSIVE NATIONAL BANK,09/02/2024,NEFT-710462435749-Karthik Iyer,0.0,0.0,0.0
92670086425,PROGRESSIVE NATIONAL BANK,09/02/2024,UPI/CR/102875378448/Karthik Pillai/7127846587@pay,0.0,0.0,0.0
92670086425,PROGRESSIVE NATIONAL BANK,09/02/2024,NEFT-431652894224-Anitha Reddy,0.0,0.0,0.0
92670086425,PROGRESSIVE NATIONAL BANK,10/02/2024,NEFT Dr-880704834962-LOAN EMI-MONTHLY INSTALLMENT,0.0,0.0,0.0
92670086425,PROGRESSIVE NATIONAL BANK,10/02/2024,REVERSAL-UPI/CR/102875378448/Karthik Pillai/7127846587@pay,0.0,0.0,0.0
92670086425,PROGRESSIVE NATIONAL BANK,10/02/2024,CHQ PAID-Karthik Murthy-MICR,0.0,0.0,0.0
92670086425,PROGRESSIVE NATIONAL BANK,10/02/2024,NEFT-830373028609-REALTY VENTURES LTD,0.0,0.0,0.0
92670086425,PROGRESSIVE NATIONAL BANK,12/02/2024,RTGS-ICICR940808690217-MEDCARE LABORATORIES,0.0,0.0,0.0
92670086425,PROGRESSIVE NATIONAL BANK,12/02/2024,IMPS-386576437117-Subramaniam Pillai,0.0,0.0,0.0
92670086425,PROGRESSIVE NATIONAL BANK,13/02/2024,ATM WDL-49042,0.0,0.0,0.0
92670086425,PROGRESSIVE NATIONAL BANK,13/02/2024,CASH WITHDRAWAL-Srinivas Menon,0.0,0.0,0.0
92670086425,PROGRESSIVE NATIONAL BANK,13/02/2024,CASH DEPOSIT-Ramesh Iyer,0.0,0.0,0.0
92670086425,PROGRESSIVE NATIONAL BANK,15/02/2024,CASH DEPOSIT-Subramaniam Pillai,0.0,0.0,0.0
92670086425,PROGRESSIVE NATIONAL BANK,15/02/2024,CHQ PAID-Lakshmi Nair-MICR,0.0,0.0,0.0
92670086425,PROGRESSIVE NATIONAL BANK,17/02/2024,NEFT-468278991440-FOOD INDUSTRIES CORP,0.0,0.0,0.0
92670086425,PROGRESSIVE NATIONAL BANK,17/02/2024,CLG-DIGITAL SOLUTIONS INDIA,0.0,0.0,0.0
92670086425,PROGRESSIVE NATIONAL BANK,17/02/2024,FAILED-INSUFFICIENT FUNDS-NEFT-682458294014-Ganesh Reddy,0.0,0.0,0.0
92670086425,PROGRESSIVE NATIONAL BANK,17/02/2024,CHQ PAID-Kavitha Reddy-MICR,0.0,0.0,0.0
92670086425,PROGRESSIVE NATIONAL BANK,17/02/2024,IMPS-295393020010-INDUSTRIAL COMPONENTS INDIA,0.0,0.0,0.0
92670086425,PROGRESSIVE NATIONAL BANK,19/02/2024,IMPS-458907023829-CARGO SOLUTIONS LTD,0.0,0.0,0.0
92670086425,PROGRESSIVE NATIONAL BANK,19/02/2024,NEFT-615536844269-Subramaniam Murthy,0.0,0.0,0.0
92670086425,PROGRESSIVE NATIONAL BANK,19/02/2024,CLG-FINANCE SOLUTIONS INDIA,0.0,0.0,0.0
92670086425,PROGRESSIVE NATIONAL BANK,20/02/2024,NEFT-808459223035-Karthik Menon,0.0,0.0,0.0
92670086425,PROGRESSIVE NATIONAL BANK,20/02/2024,CLG-FASHION TEXTILES LTD,0.0,0.0,0.0
92670086425,PROGRESSIVE NATIONAL BANK,20/02/2024,CLG-AUTOMOTIVE PARTS CORP,0.0,0.0,0.0
92670086425,PROGRESSIVE NATIONAL BANK,20/02/2024,NEFT Dr-932588569277-GST PAYMENT-GSTIN 25D4820,0.0,0.0,0.0
92670086425,PROGRESSIVE NATIONAL BANK,22/02/2024,CASH DEPOSIT-Kavitha Naidu,0.0,0.0,0.0
92670086425,PROGRESSIVE NATIONAL BANK,22/02/2024,CASH DEPOSIT-Karthik Reddy,0.0,0.0,0.0
92670086425,PROGRESSIVE NATIONAL BANK,22/02/2024,NEFT-516412369144-Venkatesh Rao,0.0,0.0,0.0
92670086425,PROGRESSIVE NATIONAL BANK,23/02/2024,SERVICE CHARGES-Cheque Book Charges,0.0,0.0,0.0
92670086425,PROGRESSIVE NATIONAL BANK,23/02/2024,CLG-WELLNESS BRANDS INDIA,0.0,0.0,0.0
92670086425,PROGRESSIVE NATIONAL BANK,26/02/2024,NEFT-221756287885-COTTON MILLS CORP,0.0,0.0,0.0
92670086425,PROGRESSIVE NATIONAL BANK,27/02/2024,RTGS-ICICR973452132613-URBAN CONSTRUCTIONS,0.0,0.0,0.0
92670086425,PROGRESSIVE NATIONAL BANK,28/02/2024,RTGS-ICICR427249713887-Kavitha Naidu,0.0,0.0,0.0
92670086425,PROGRESSIVE NATIONAL BANK,28/02/2024,NEFT-895124617467-Kavitha Naidu,0.0,0.0,0.0
92670086425,PROGRESSIVE NATIONAL BANK,28/02/2024,UPI/CR/804552621575/Srinivas Murthy/8564024331@pay,0.0,0.0,0.0
92670086425,PROGRESSIVE NATIONAL BANK,28/02/2024,Service Charges-Online Banking Charges,0.0,0.0,0.0
92670086425,PROGRESSIVE NATIONAL BANK,28/02/2024,Service Charges-Cheque Book Charges,0.0,0.0,0.0
92670086425,PROGRESSIVE NATIONAL BANK,28/02/2024,Service Charges-Foreign Currency Markup,0.0,0.0,0.0
92670086425,PROGRESSIVE NATIONAL BANK,01/03/2024,CLG-FASHION TEXTILES LTD,0.0,0.0,0.0
92670086425,PROGRESSIVE NATIONAL BANK,02/03/2024,UPI/CR/730427647620/Karthik Krishnan/8026528927@pay,0.0,0.0,0.0
92670086425,PROGRESSIVE NATIONAL BANK,04/03/2024,RTGS-ICICR368075316621-Priya Murthy,0.0,0.0,0.0
92670086425,PROGRESSIVE NATIONAL BANK,04/03/2024,FAILED-INSUFFICIENT FUNDS-RTGS-ICICR319230622668-Kavitha Nair,0.0,0.0,0.0
92670086425,PROGRESSIVE NATIONAL BANK,04/03/2024,NEFT-681436386075-MEDCARE LABORATORIES,0.0,0.0,0.0
92670086425,PROGRESSIVE NATIONAL BANK,06/03/2024,UPI/CR/881099250626/Lakshmi Reddy/8075069645@pay,0.0,0.0,0.0
92670086425,PROGRESSIVE NATIONAL BANK,06/03/2024,CHQ PAID-Priya Krishnan-MICR,0.0,0.0,0.0
92670086425,PROGRESSIVE NATIONAL BANK,07/03/2024,NEFT-783159589194-RETAIL SOLUTIONS INDIA,0.0,0.0,0.0
92670086425,PROGRESSIVE NATIONAL BANK,07/03/2024,RTGS-ICICR825536483047-Lakshmi Pillai,0.0,0.0,0.0
92670086425,PROGRESSIVE NATIONAL BANK,07/03/2024,RTGS-ICICR226764260812-HIGHWAY DEVELOPERS INDIA,0.0,0.0,0.0
92670086425,PROGRESSIVE NATIONAL BANK,09/03/2024,CASH DEPOSIT-Venkatesh Nair,0.0,0.0,0.0
92670086425,PROGRESSIVE NATIONAL BANK,09/03/2024,RTGS-ICICR469899443199-Lakshmi Murthy,0.0,0.0,0.0
92670086425,PROGRESSIVE NATIONAL BANK,09/03/2024,FAILED-INSUFFICIENT FUNDS-CHQ PAID-Subramaniam Rao-MICR,0.0,0.0,0.0
92670086425,PROGRESSIVE NATIONAL BANK,11/03/2024,UPI/DR/644947981470/Subramaniam Krishnan/7541233078@pay,0.0,0.0,0.0
92670086425,PROGRESSIVE NATIONAL BANK,11/03/2024,CASH WITHDRAWAL-Ganesh Iyer,0.0,0.0,0.0
92670086425,PROGRESSIVE NATIONAL BANK,11/03/2024,Service Charges-Cheque Bounce Charge-932181,0.0,0.0,0.0
92670086425,PROGRESSIVE NATIONAL BANK,12/03/2024,CLG-SOFTWAVE TECHNOLOGIES,0.0,0.0,0.0
92670086425,PROGRESSIVE NATIONAL BANK,12/03/2024,CASH WITHDRAWAL-Lakshmi Krishnan,0.0,0.0,0.0
92670086425,PROGRESSIVE NATIONAL BANK,14/03/2024,CHQ PAID-Srinivas Rao-MICR,0.0,0.0,0.0
92670086425,PROGRESSIVE NATIONAL BANK,14/03/2024,IMPS-414547310101-FABRIC INDUSTRIES INDIA,0.0,0.0,0.0
92670086425,PROGRESSIVE NATIONAL BANK,14/03/2024,RTGS-ICICR573670179936-EXPRESS LOGISTICS INDIA,0.0,0.0,0.0
92670086425,PROGRESSIVE NATIONAL BANK,14/03/2024,FAILED-INSUFFICIENT FUNDS-NEFT-381143415104-Lakshmi Iyer,0.0,0.0,0.0
92670086425,PROGRESSIVE NATIONAL BANK,15/03/2024,IMPS-872327536301-Kavitha Nair,0.0,0.0,0.0
92670086425,PROGRESSIVE NATIONAL BANK,15/03/2024,Dividend Cr-MINDWAVE CONSULTING-EQUITY SHARES,0.0,0.0,0.0
92670086425,PROGRESSIVE NATIONAL BANK,16/03/2024,NEFT-376864702266-Priya Naidu,0.0,0.0,0.0
92670086425,PROGRESSIVE NATIONAL BANK,16/03/2024,IMPS-994235801881-Subramaniam Rao,0.0,0.0,0.0
92670086425,PROGRESSIVE NATIONAL BANK,18/03/2024,ATM WDL-35990,0.0,0.0,0.0
92670086425,PROGRESSIVE NATIONAL BANK,18/03/2024,ATM WDL-95001,0.0,0.0,0.0
92670086425,PROGRESSIVE NATIONAL BANK,18/03/2024,IMPS-440903157106-PREMIUM PROPERTIES LTD,0.0,0.0,0.0
92670086425,PROGRESSIVE NATIONAL BANK,20/03/2024,NEFT Dr-563330299474-GST PAYMENT-GSTIN 34A7409,0.0,0.0,0.0
92670086425,PROGRESSIVE NATIONAL BANK,21/03/2024,CASH WITHDRAWAL-Lakshmi Pillai,0.0,0.0,0.0
92670086425,PROGRESSIVE NATIONAL BANK,21/03/2024,NEFT-627469439253-GST PAYMENT-GSTIN,0.0,0.0,0.0
92670086425,PROGRESSIVE NATIONAL BANK,21/03/2024,RTGS-ICICR375230171404-FOOD INDUSTRIES CORP,0.0,0.0,0.0
92670086425,PROGRESSIVE NATIONAL BANK,23/03/2024,IMPS-773530446611-Anitha Rao,0.0,0.0,0.0
92670086425,PROGRESSIVE NATIONAL BANK,23/03/2024,IMPS-955070021836-CARGO SOLUTIONS LTD,0.0,0.0,0.0
92670086425,PROGRESSIVE NATIONAL BANK,26/03/2024,RTGS-ICICR801312946614-HEALTHPLUS PHARMA LTD,0.0,0.0,0.0
92670086425,PROGRESSIVE NATIONAL BANK,26/03/2024,REVERSAL-IMPS-955070021836-CARGO SOLUTIONS LTD,0.0,0.0,0.0
92670086425,PROGRESSIVE NATIONAL BANK,27/03/2024,FAILED-INSUFFICIENT FUNDS-CHQ PAID-Kavitha Menon-MICR,0.0,0.0,0.0
92670086425,PROGRESSIVE NATIONAL BANK,28/03/2024,CHQ PAID-Ramesh Reddy-MICR,0.0,0.0,0.0
92670086425,PROGRESSIVE NATIONAL BANK,28/03/2024,ATM WDL-45627,0.0,0.0,0.0
92670086425,PROGRESSIVE NATIONAL BANK,28/03/2024,IMPS-455361802109-FABRIC INDUSTRIES INDIA,0.0,0.0,0.0
92670086425,PROGRESSIVE NATIONAL BANK,28/03/2024,CHQ PAID-Lakshmi Rao-MICR,0.0,0.0,0.0
92670086425,PROGRESSIVE NATIONAL BANK,28/03/2024,UPI/CR/463013405393/Srinivas Murthy/6239979965@pay,0.0,0.0,0.0
92670086425,PROGRESSIVE NATIONAL BANK,28/03/2024,CASH WITHDRAWAL-Anitha Menon,0.0,0.0,0.0
92670086425,PROGRESSIVE NATIONAL BANK,28/03/2024,CHQ PAID-Srinivas Naidu-MICR,0.0,0.0,0.0
92670086425,PROGRESSIVE NATIONAL BANK,28/03/2024,NEFT-554394106704-URBAN CONSTRUCTIONS,0.0,0.0,0.0
92670086425,PROGRESSIVE NATIONAL BANK,28/03/2024,Service Charges-Cheque Bounce Charge-779325,0.0,0.0,0.0
92670086425,PROGRESSIVE NATIONAL BANK,28/03/2024,Service Charges-Cheque Book Charges,0.0,0.0,0.0
92670086425,PROGRESSIVE NATIONAL BANK,28/03/2024,Service Charges-Statement Charges,0.0,0.0,0.0
91195532925,PARAMOUNT BANKING CORPORATION,01/01/2024,ATM WDL-67159,0.0,0.0,0.0
91195532925,PARAMOUNT BANKING CORPORATION,01/01/2024,UPI/CR/998312970828/Ganesh Reddy/7505579528@pay,0.0,0.0,0.0
91195532925,PARAMOUNT BANKING CORPORATION,01/01/2024,Dividend Cr-DATABRIDGE INFOTECH-EQUITY SHARES,0.0,0.0,0.0
91195532925,PARAMOUNT BANKING CORPORATION,02/01/2024,CLG-COTTON MILLS CORP,0.0,0.0,0.0
91195532925,PARAMOUNT BANKING CORPORATION,02/01/2024,IMPS-344594338545-FINANCE SOLUTIONS INDIA,0.0,0.0,0.0
91195532925,PARAMOUNT BANKING CORPORATION,03/01/2024,CLG-CARGO SOLUTIONS LTD,0.0,0.0,0.0
91195532925,PARAMOUNT BANKING CORPORATION,03/01/2024,CASH DEPOSIT-Priya Naidu,0.0,0.0,0.0
91195532925,PARAMOUNT BANKING CORPORATION,04/01/2024,SERVICE CHARGES-Cheque Book Charges,0.0,0.0,0.0
91195532925,PARAMOUNT BANKING CORPORATION,04/01/2024,NEFT-574611177136-CAPITAL VENTURES INDIA,0.0,0.0,0.0
91195532925,PARAMOUNT BANKING CORPORATION,04/01/2024,CLG-CREDIT SERVICES LTD,0.0,0.0,0.0
91195532925,PARAMOUNT BANKING CORPORATION,05/01/2024,IMPS-310737309559-Kavitha Iyer,0.0,0.0,0.0
91195532925,PARAMOUNT BANKING CORPORATION,05/01/2024,NEFT-953333458205-GST PAYMENT-GSTIN,0.0,0.0,0.0
91195532925,PARAMOUNT BANKING CORPORATION,05/01/2024,NEFT-761257086347-CARGO SOLUTIONS LTD,0.0,0.0,0.0
91195532925,PARAMOUNT BANKING CORPORATION,05/01/2024,RTGS-ICICR389580670938-URBAN ESTATES INDIA,0.0,0.0,0.0
91195532925,PARAMOUNT BANKING CORPORATION,06/01/2024,SERVICE CHARGES-SMS Alert Charges,0.0,0.0,0.0
91195532925,PARAMOUNT BANKING CORPORATION,08/01/2024,NEFT Dr-841757730717-CLOUD SUBSCRIPTION,0.0,0.0,0.0
91195532925,PARAMOUNT BANKING CORPORATION,09/01/2024,CASH WITHDRAWAL-Kavitha Iyer,0.0,0.0,0.0
91195532925,PARAMOUNT BANKING CORPORATION,09/01/2024,Dividend Cr-AUTOMOTIVE PARTS CORP-EQUITY SHARES,0.0,0.0,0.0
91195532925,PARAMOUNT BANKING CORPORATION,10/01/2024,NEFT-642502384124-NETPULSE SYSTEMS,0.0,0.0,0.0
91195532925,PARAMOUNT BANKING CORPORATION,11/01/2024,IMPS-766181910100-Priya Nair,0.0,0.0,0.0
91195532925,PARAMOUNT BANKING CORPORATION,12/01/2024,NEFT Dr-616897597230-CLOUD SUBSCRIPTION,0.0,0.0,0.0
91195532925,PARAMOUNT BANKING CORPORATION,12/01/2024,CASH DEPOSIT-Ganesh Krishnan,0.0,0.0,0.0
91195532925,PARAMOUNT BANKING CORPORATION,12/01/2024,NEFT-930553266979-HOUSING DEVELOPERS CORP,0.0,0.0,0.0
91195532925,PARAMOUNT BANKING CORPORATION,13/01/2024,NEFT-417300358603-Ramesh Menon,0.0,0.0,0.0
91195532925,PARAMOUNT BANKING CORPORATION,13/01/2024,IMPS-184092420628-CAPITAL VENTURES INDIA,0.0,0.0,0.0
91195532925,PARAMOUNT BANKING CORPORATION,15/01/2024,CASH WITHDRAWAL-Subramaniam Iyer,0.0,0.0,0.0
91195532925,PARAMOUNT BANKING CORPORATION,16/01/2024,CASH WITHDRAWAL-Srinivas Iyer,0.0,0.0,0.0
91195532925,PARAMOUNT BANKING CORPORATION,16/01/2024,NEFT-330908214212-Venkatesh Krishnan,0.0,0.0,0.0
91195532925,PARAMOUNT BANKING CORPORATION,17/01/2024,NEFT-545995205927-CLOUDTECH SERVICES,0.0,0.0,0.0
91195532925,PARAMOUNT BANKING CORPORATION,18/01/2024,CHQ PAID-Karthik Murthy-MICR,0.0,0.0,0.0
91195532925,PARAMOUNT BANKING CORPORATION,18/01/2024,IMPS-131880372665-Subramaniam Menon,0.0,0.0,0.0
91195532925,PARAMOUNT BANKING CORPORATION,19/01/2024,FAILED-INSUFFICIENT FUNDS-UPI/DR/851357609125/Lakshmi Iyer/9059049347@pay,0.0,0.0,0.0
91195532925,PARAMOUNT BANKING CORPORATION,19/01/2024,RTGS-ICICR588319358804-HEALTHCARE PRODUCTS LTD,0.0,0.0,0.0
91195532925,PARAMOUNT BANKING CORPORATION,20/01/2024,NEFT Dr-181854521549-GST PAYMENT-GSTIN 87D8655,0.0,0.0,0.0
91195532925,PARAMOUNT BANKING CORPORATION,20/01/2024,NEFT-263780485619-MEDCARE LABORATORIES,0.0,0.0,0.0
91195532925,PARAMOUNT BANKING CORPORATION,22/01/2024,NEFT-498976075329-GST PAYMENT-GSTIN,0.0,0.0,0.0
91195532925,PARAMOUNT BANKING CORPORATION,23/01/2024,UPI/DR/606211400605/Subramaniam Nair/7378782658@pay,0.0,0.0,0.0
91195532925,PARAMOUNT BANKING CORPORATION,23/01/2024,RTGS-ICICR439880180254-Anitha Iyer,0.0,0.0,0.0
91195532925,PARAMOUNT BANKING CORPORATION,24/01/2024,IMPS-921909327124-RETAIL SOLUTIONS INDIA,0.0,0.0,0.0
91195532925,PARAMOUNT BANKING CORPORATION,24/01/2024,UPI/DR/210635262131/Ramesh Murthy/7526834496@pay,0.0,0.0,0.0
91195532925,PARAMOUNT BANKING CORPORATION,25/01/2024,UPI/DR/191439933229/Anitha Pillai/7331873575@pay,0.0,0.0,0.0
91195532925,PARAMOUNT BANKING CORPORATION,27/01/2024,UPI/DR/241776052008/Venkatesh Naidu/7366188008@pay,0.0,0.0,0.0
91195532925,PARAMOUNT BANKING CORPORATION,27/01/2024,CLG-FOOD INDUSTRIES CORP,0.0,0.0,0.0
91195532925,PARAMOUNT BANKING CORPORATION,29/01/2024,RTGS-ICICR856486681804-Venkatesh Murthy,0.0,0.0,0.0
91195532925,PARAMOUNT BANKING CORPORATION,29/01/2024,NEFT-818666550079-APEX HEAVY INDUSTRIES,0.0,0.0,0.0
91195532925,PARAMOUNT BANKING CORPORATION,29/01/2024,NEFT-178418727151-Ramesh Pillai,0.0,0.0,0.0
91195532925,PARAMOUNT BANKING CORPORATION,30/01/2024,ATM WDL-97672,0.0,0.0,0.0
91195532925,PARAMOUNT BANKING CORPORATION,30/01/2024,CASH WITHDRAWAL-Anitha Iyer,0.0,0.0,0.0
91195532925,PARAMOUNT BANKING CORPORATION,01/02/2024,CLG-CLOUDTECH SERVICES,0.0,0.0,0.0
91195532925,PARAMOUNT BANKING CORPORATION,01/02/2024,UPI/DR/421003695522/Lakshmi Nair/6650508669@pay,0.0,0.0,0.0
91195532925,PARAMOUNT BANKING CORPORATION,02/02/2024,IMPS-650584855071-Ramesh Reddy,0.0,0.0,0.0
91195532925,PARAMOUNT BANKING CORPORATION,02/02/2024,NEFT-318245858575-EXPRESS LOGISTICS INDIA,0.0,0.0,0.0
91195532925,PARAMOUNT BANKING CORPORATION,02/02/2024,NEFT-866094587358-Subramaniam Nair,0.0,0.0,0.0
91195532925,PARAMOUNT BANKING CORPORATION,03/02/2024,UPI/DR/239665970604/Kavitha Krishnan/7965226665@pay,0.0,0.0,0.0
91195532925,PARAMOUNT BANKING CORPORATION,03/02/2024,NEFT-854133611100-GST PAYMENT-GSTIN,0.0,0.0,0.0
91195532925,PARAMOUNT BANKING CORPORATION,05/02/2024,NEFT-250849742572-FINANCE SOLUTIONS INDIA,0.0,0.0,0.0
91195532925,PARAMOUNT BANKING CORPORATION,05/02/2024,CHQ PAID-Venkatesh Pillai-MICR,0.0,0.0,0.0
91195532925,PARAMOUNT BANKING CORPORATION,06/02/2024,REVERSAL-NEFT-250849742572-FINANCE SOLUTIONS INDIA,0.0,0.0,0.0
91195532925,PARAMOUNT BANKING CORPORATION,06/02/2024,IMPS-959447016065-Priya Rao,0.0,0.0,0.0
91195532925,PARAMOUNT BANKING CORPORATION,06/02/2024,UPI/CR/657017550278/Anitha Naidu/9323625695@pay,0.0,0.0,0.0
91195532925,PARAMOUNT BANKING CORPORATION,07/02/2024,CASH DEPOSIT-Ramesh Reddy,0.0,0.0,0.0
91195532925,PARAMOUNT BANKING CORPORATION,07/02/2024,NEFT-325920492855-Subramaniam Iyer,0.0,0.0,0.0
91195532925,PARAMOUNT BANKING CORPORATION,08/02/2024,NEFT Dr-390637541315-UTILITY SUBSCRIPTION,0.0,0.0,0.0
91195532925,PARAMOUNT BANKING CORPORATION,08/02/2024,UPI/CR/627467281957/Ramesh Krishnan/9264843980@pay,0.0,0.0,0.0
91195532925,PARAMOUNT BANKING CORPORATION,09/02/2024,CLG-CONSTRUCTION SOLUTIONS LTD,0.0,0.0,0.0
91195532925,PARAMOUNT BANKING CORPORATION,09/02/2024,CLG-PRECISION ENGINEERING WORKS,0.0,0.0,0.0
91195532925,PARAMOUNT BANKING CORPORATION,10/02/2024,CLG-CYBERCRAFT SYSTEMS,0.0,0.0,0.0
91195532925,PARAMOUNT BANKING CORPORATION,10/02/2024,IMPS-326197394662-DATABRIDGE INFOTECH,0.0,0.0,0.0
91195532925,PARAMOUNT BANKING CORPORATION,12/02/2024,NEFT Dr-949201225885-INSURANCE SUBSCRIPTION,0.0,0.0,0.0
91195532925,PARAMOUNT BANKING CORPORATION,12/02/2024,NEFT-841488407456-GST PAYMENT-GSTIN,0.0,0.0,0.0
91195532925,PARAMOUNT BANKING CORPORATION,12/02/2024,CLG-CARGO SOLUTIONS LTD,0.0,0.0,0.0
91195532925,PARAMOUNT BANKING CORPORATION,12/02/2024,CHQ PAID-Subramaniam Rao-MICR,0.0,0.0,0.0
91195532925,PARAMOUNT BANKING CORPORATION,13/02/2024,IMPS-947096072619-Anitha Reddy,0.0,0.0,0.0
91195532925,PARAMOUNT BANKING CORPORATION,14/02/2024,IMPS-939735943684-PREMIUM INFRASTRUCTURE,0.0,0.0,0.0
91195532925,PARAMOUNT BANKING CORPORATION,14/02/2024,NEFT Dr-164752416514-INSURANCE SUBSCRIPTION,0.0,0.0,0.0
91195532925,PARAMOUNT BANKING CORPORATION,14/02/2024,NEFT-562267794953-FINANCE SOLUTIONS INDIA,0.0,0.0,0.0
91195532925,PARAMOUNT BANKING CORPORATION,14/02/2024,CASH WITHDRAWAL-Lakshmi Murthy,0.0,0.0,0.0
91195532925,PARAMOUNT BANKING CORPORATION,16/02/2024,UPI/CR/483747591044/Priya Iyer/6631468843@pay,0.0,0.0,0.0
91195532925,PARAMOUNT BANKING CORPORATION,17/02/2024,NEFT-820602938719-INFOCORE TECHNOLOGIES,0.0,0.0,0.0
91195532925,PARAMOUNT BANKING CORPORATION,17/02/2024,RTGS-ICICR348215824222-FASHION TEXTILES LTD,0.0,0.0,0.0
91195532925,PARAMOUNT BANKING CORPORATION,19/02/2024,CLG-DATABRIDGE INFOTECH,0.0,0.0,0.0
91195532925,PARAMOUNT BANKING CORPORATION,19/02/2024,CLG-PERSONAL CARE LTD,0.0,0.0,0.0
91195532925,PARAMOUNT BANKING CORPORATION,19/02/2024,CASH WITHDRAWAL-Anitha Iyer,0.0,0.0,0.0
91195532925,PARAMOUNT BANKING CORPORATION,20/02/2024,CASH WITHDRAWAL-Ganesh Iyer,0.0,0.0,0.0
91195532925,PARAMOUNT BANKING CORPORATION,20/02/2024,ATM WDL-21937,0.0,0.0,0.0
91195532925,PARAMOUNT BANKING CORPORATION,20/02/2024,NEFT Dr-547602086443-GST PAYMENT-GSTIN 91C1713,0.0,0.0,0.0
91195532925,PARAMOUNT BANKING CORPORATION,21/02/2024,CASH WITHDRAWAL-Karthik Rao,0.0,0.0,0.0
91195532925,PARAMOUNT BANKING CORPORATION,21/02/2024,CHQ PAID-Venkatesh Rao-MICR,0.0,0.0,0.0
91195532925,PARAMOUNT BANKING CORPORATION,22/02/2024,CHQ PAID-Karthik Krishnan-MICR,0.0,0.0,0.0
91195532925,PARAMOUNT BANKING CORPORATION,22/02/2024,NEFT-401342721468-HIGHWAY DEVELOPERS INDIA,0.0,0.0,0.0
91195532925,PARAMOUNT BANKING CORPORATION,22/02/2024,RTGS-ICICR714918565614-Priya Reddy,0.0,0.0,0.0
91195532925,PARAMOUNT BANKING CORPORATION,23/02/2024,CLG-SUPPLY CHAIN CORP,0.0,0.0,0.0
91195532925,PARAMOUNT BANKING CORPORATION,23/02/2024,CASH DEPOSIT-Venkatesh Menon,0.0,0.0,0.0
91195532925,PARAMOUNT BANKING CORPORATION,23/02/2024,NEFT-981565191537-HIGHWAY DEVELOPERS INDIA,0.0,0.0,0.0
91195532925,PARAMOUNT BANKING CORPORATION,24/02/2024,Dividend Cr-FOOD INDUSTRIES CORP-EQUITY SHARES,0.0,0.0,0.0
91195532925,PARAMOUNT BANKING CORPORATION,24/02/2024,Dividend Cr-INVESTMENT SERVICES INDIA-EQUITY SHARES,0.0,0.0,0.0
91195532925,PARAMOUNT BANKING CORPORATION,24/02/2024,REVERSAL-NEFT-981565191537-HIGHWAY DEVELOPERS INDIA,0.0,0.0,0.0
91195532925,PARAMOUNT BANKING CORPORATION,26/02/2024,NEFT-589548469122-DATABRIDGE INFOTECH,0.0,0.0,0.0
91195532925,PARAMOUNT BANKING CORPORATION,26/02/2024,UPI/DR/537666946190/Venkatesh Rao/6753217571@pay,0.0,0.0,0.0
91195532925,PARAMOUNT BANKING CORPORATION,27/02/2024,CLG-WELLNESS BRANDS INDIA,0.0,0.0,0.0
91195532925,PARAMOUNT BANKING CORPORATION,28/02/2024,CHQ PAID-Karthik Rao-MICR,0.0,0.0,0.0
91195532925,PARAMOUNT BANKING CORPORATION,28/02/2024,CLG-CYBERCRAFT SYSTEMS,0.0,0.0,0.0
91195532925,PARAMOUNT BANKING CORPORATION,28/02/2024,Service Charges-Online Banking Charges,0.0,0.0,0.0
91195532925,PARAMOUNT BANKING CORPORATION,28/02/2024,Service Charges-Cheque Book Charges,0.0,0.0,0.0
91195532925,PARAMOUNT BANKING CORPORATION,29/02/2024,CLG-PERSONAL CARE LTD,0.0,0.0,0.0
91195532925,PARAMOUNT BANKING CORPORATION,29/02/2024,ATM WDL-95286,0.0,0.0,0.0
91195532925,PARAMOUNT BANKING CORPORATION,29/02/2024,CASH DEPOSIT-Srinivas Krishnan,0.0,0.0,0.0
91195532925,PARAMOUNT BANKING CORPORATION,01/03/2024,NEFT-168003419994-PREMIUM PROPERTIES LTD,0.0,0.0,0.0
91195532925,PARAMOUNT BANKING CORPORATION,01/03/2024,IMPS-152404864966-Venkatesh Iyer,0.0,0.0,0.0
91195532925,PARAMOUNT BANKING CORPORATION,02/03/2024,IMPS-113693074246-Kavitha Murthy,0.0,0.0,0.0
91195532925,PARAMOUNT BANKING CORPORATION,02/03/2024,CHQ PAID-Srinivas Pillai-MICR,0.0,0.0,0.0
91195532925,PARAMOUNT BANKING CORPORATION,02/03/2024,NEFT-322340712767-THERMAL SYSTEMS LTD,0.0,0.0,0.0
91195532925,PARAMOUNT BANKING CORPORATION,04/03/2024,IMPS-955428911402-PREMIUM INFRASTRUCTURE,0.0,0.0,0.0
91195532925,PARAMOUNT BANKING CORPORATION,04/03/2024,ATM WDL-66572,0.0,0.0,0.0
91195532925,PARAMOUNT BANKING CORPORATION,04/03/2024,RTGS-ICICR366529037266-Ganesh Pillai,0.0,0.0,0.0
91195532925,PARAMOUNT BANKING CORPORATION,05/03/2024,CLG-LIFELINE PHARMACEUTICAL,0.0,0.0,0.0
91195532925,PARAMOUNT BANKING CORPORATION,05/03/2024,UPI/CR/622293849941/Ganesh Naidu/6335100627@pay,0.0,0.0,0.0
91195532925,PARAMOUNT BANKING CORPORATION,05/03/2024,NEFT-593021474007-DAILY NEEDS LIMITED,0.0,0.0,0.0
91195532925,PARAMOUNT BANKING CORPORATION,09/03/2024,IMPS-919536165624-Priya Menon,0.0,0.0,0.0
91195532925,PARAMOUNT BANKING CORPORATION,09/03/2024,NEFT-566387777471-GST PAYMENT-GSTIN,0.0,0.0,0.0
91195532925,PARAMOUNT BANKING CORPORATION,11/03/2024,CASH DEPOSIT-Kavitha Murthy,0.0,0.0,0.0
91195532925,PARAMOUNT BANKING CORPORATION,11/03/2024,CASH DEPOSIT-Kavitha Naidu,0.0,0.0,0.0
91195532925,PARAMOUNT BANKING CORPORATION,12/03/2024,NEFT Dr-740411045330-SOFTWARE SUBSCRIPTION,0.0,0.0,0.0
91195532925,PARAMOUNT BANKING CORPORATION,12/03/2024,NEFT-875221020399-INVESTMENT SERVICES INDIA,0.0,0.0,0.0
91195532925,PARAMOUNT BANKING CORPORATION,12/03/2024,UPI/DR/612127904657/Anitha Krishnan/7816433068@pay,0.0,0.0,0.0
91195532925,PARAMOUNT BANKING CORPORATION,12/03/2024,IMPS-943360083265-Srinivas Pillai,0.0,0.0,0.0
91195532925,PARAMOUNT BANKING CORPORATION,12/03/2024,NEFT-623497216726-Anitha Naidu,0.0,0.0,0.0
91195532925,PARAMOUNT BANKING CORPORATION,12/03/2024,SERVICE CHARGES-Cheque Book Charges,0.0,0.0,0.0
91195532925,PARAMOUNT BANKING CORPORATION,13/03/2024,UPI/DR/827932657642/Venkatesh Nair/7926191423@pay,0.0,0.0,0.0
91195532925,PARAMOUNT BANKING CORPORATION,13/03/2024,ATM WDL-76760,0.0,0.0,0.0
91195532925,PARAMOUNT BANKING CORPORATION,13/03/2024,CASH WITHDRAWAL-Anitha Krishnan,0.0,0.0,0.0
91195532925,PARAMOUNT BANKING CORPORATION,13/03/2024,CHQ PAID-Lakshmi Menon-MICR,0.0,0.0,0.0
91195532925,PARAMOUNT BANKING CORPORATION,14/03/2024,NEFT Dr-654784639853-INSURANCE SUBSCRIPTION,0.0,0.0,0.0
91195532925,PARAMOUNT BANKING CORPORATION,14/03/2024,UPI/CR/496488590023/Venkatesh Nair/8513490274@pay,0.0,0.0,0.0
91195532925,PARAMOUNT BANKING CORPORATION,14/03/2024,CLG-THERMAL SYSTEMS LTD,0.0,0.0,0.0
91195532925,PARAMOUNT BANKING CORPORATION,15/03/2024,CLG-MOTOR INDUSTRIES LTD,0.0,0.0,0.0
91195532925,PARAMOUNT BANKING CORPORATION,15/03/2024,RTGS-ICICR466546106143-Venkatesh Nair,0.0,0.0,0.0
91195532925,PARAMOUNT BANKING CORPORATION,18/03/2024,CASH WITHDRAWAL-Venkatesh Krishnan,0.0,0.0,0.0
91195532925,PARAMOUNT BANKING CORPORATION,18/03/2024,CLG-CONSUMER PRODUCTS INDIA,0.0,0.0,0.0
91195532925,PARAMOUNT BANKING CORPORATION,18/03/2024,SERVICE CHARGES-Account Maintenance,0.0,0.0,0.0
91195532925,PARAMOUNT BANKING CORPORATION,18/03/2024,NEFT-168690924608-Ganesh Krishnan,0.0,0.0,0.0
91195532925,PARAMOUNT BANKING CORPORATION,18/03/2024,RTGS-ICICR158185510018-CARGO SOLUTIONS LTD,0.0,0.0,0.0
91195532925,PARAMOUNT BANKING CORPORATION,18/03/2024,UPI/CR/422894493089/Subramaniam Pillai/8697999744@pay,0.0,0.0,0.0
91195532925,PARAMOUNT BANKING CORPORATION,19/03/2024,CLG-PRECISION ENGINEERING WORKS,0.0,0.0,0.0
91195532925,PARAMOUNT BANKING CORPORATION,19/03/2024,CLG-CLOUDTECH SERVICES,0.0,0.0,0.0
91195532925,PARAMOUNT BANKING CORPORATION,19/03/2024,NEFT-195144435068-URBAN CONSTRUCTIONS,0.0,0.0,0.0
91195532925,PARAMOUNT BANKING CORPORATION,19/03/2024,IMPS-474969378356-NETFORGE TECHNOLOGIES,0.0,0.0,0.0
91195532925,PARAMOUNT BANKING CORPORATION,20/03/2024,RTGS-ICICR311634687372-Lakshmi Krishnan,0.0,0.0,0.0
91195532925,PARAMOUNT BANKING CORPORATION,20/03/2024,NEFT-382918135053-Ganesh Pillai,0.0,0.0,0.0
91195532925,PARAMOUNT BANKING CORPORATION,20/03/2024,NEFT Dr-743313351589-GST PAYMENT-GSTIN 70D4729,0.0,0.0,0.0
91195532925,PARAMOUNT BANKING CORPORATION,21/03/2024,IMPS-244251052273-DAILY NEEDS LIMITED,0.0,0.0,0.0
91195532925,PARAMOUNT BANKING CORPORATION,21/03/2024,NEFT-866012590857-SOFTWAVE TECHNOLOGIES,0.0,0.0,0.0
91195532925,PARAMOUNT BANKING CORPORATION,21/03/2024,ATM WDL-42054,0.0,0.0,0.0
91195532925,PARAMOUNT BANKING CORPORATION,21/03/2024,IMPS-828270382577-FABRIC INDUSTRIES INDIA,0.0,0.0,0.0
91195532925,PARAMOUNT BANKING CORPORATION,22/03/2024,NEFT-205738270302-MEDCARE LABORATORIES,0.0,0.0,0.0
91195532925,PARAMOUNT BANKING CORPORATION,23/03/2024,CASH DEPOSIT-Venkatesh Murthy,0.0,0.0,0.0
91195532925,PARAMOUNT BANKING CORPORATION,23/03/2024,CASH DEPOSIT-Priya Nair,0.0,0.0,0.0
91195532925,PARAMOUNT BANKING CORPORATION,23/03/2024,UPI/CR/159082937132/Ganesh Naidu/9335458524@pay,0.0,0.0,0.0
91195532925,PARAMOUNT BANKING CORPORATION,27/03/2024,NEFT-385994309057-Ramesh Menon,0.0,0.0,0.0
91195532925,PARAMOUNT BANKING CORPORATION,28/03/2024,IMPS-105000580950-FINANCE SOLUTIONS INDIA,0.0,0.0,0.0
91195532925,PARAMOUNT BANKING CORPORATION,28/03/2024,UPI/CR/367127684381/Lakshmi Pillai/7983883817@pay,0.0,0.0,0.0
91195532925,PARAMOUNT BANKING CORPORATION,28/03/2024,CLG-CONSTRUCTION SOLUTIONS LTD,0.0,0.0,0.0
91195532925,PARAMOUNT BANKING CORPORATION,28/03/2024,Service Charges-Online Banking Charges,0.0,0.0,0.0
91195532925,PARAMOUNT BANKING CORPORATION,28/03/2024,Service Charges-Foreign Currency Markup,0.0,0.0,0.0
91195532925,PARAMOUNT BANKING CORPORATION,30/03/2024,NEFT-293560504407-THERMAL SYSTEMS LTD,0.0,0.0,0.0
91195532925,PARAMOUNT BANKING CORPORATION,30/03/2024,CLG-METROPOLITAN BUILDERS,0.0,0.0,0.0
20991457357,INDUSBANK LIMITED,01/01/2024,CLG-CONSTRUCTION SOLUTIONS LTD,0.0,0.0,0.0
20991457357,INDUSBANK LIMITED,02/01/2024,IMPS-931451881298-Mehul Parekh,0.0,0.0,0.0
20991457357,INDUSBANK LIMITED,02/01/2024,NEFT-277464995543-Bhavesh Shah,0.0,0.0,0.0
20991457357,INDUSBANK LIMITED,02/01/2024,UPI/CR/534599525313/Nisha Shah/9525637477@pay,0.0,0.0,0.0
20991457357,INDUSBANK LIMITED,03/01/2024,NEFT-333977675495-NETPULSE SYSTEMS,0.0,0.0,0.0
20991457357,INDUSBANK LIMITED,04/01/2024,RTGS-ICICR156983953945-Jayesh Modi,0.0,0.0,0.0
20991457357,INDUSBANK LIMITED,04/01/2024,CLG-FASHION TEXTILES LTD,0.0,0.0,0.0
20991457357,INDUSBANK LIMITED,05/01/2024,NEFT Dr-959503638665-RENT PAYMENT-MONTHLY RENT,0.0,0.0,0.0
20991457357,INDUSBANK LIMITED,05/01/2024,NEFT-211270407152-SOFTWAVE TECHNOLOGIES,0.0,0.0,0.0
20991457357,INDUSBANK LIMITED,05/01/2024,IMPS-837361654417-INDUSTRIAL COMPONENTS INDIA,0.0,0.0,0.0
20991457357,INDUSBANK LIMITED,06/01/2024,SERVICE CHARGES-Demat Account AMC,0.0,0.0,0.0
20991457357,INDUSBANK LIMITED,08/01/2024,NEFT Dr-173008105294-INSURANCE SUBSCRIPTION,0.0,0.0,0.0
20991457357,INDUSBANK LIMITED,08/01/2024,IMPS-755080581750-APEX HEAVY INDUSTRIES,0.0,0.0,0.0
20991457357,INDUSBANK LIMITED,08/01/2024,ATM WDL-63655,0.0,0.0,0.0
20991457357,INDUSBANK LIMITED,08/01/2024,SERVICE CHARGES-Foreign Currency Markup,0.0,0.0,0.0
20991457357,INDUSBANK LIMITED,08/01/2024,CASH WITHDRAWAL-Nilesh Parekh,0.0,0.0,0.0
20991457357,INDUSBANK LIMITED,09/01/2024,SERVICE CHARGES-SMS Alert Charges,0.0,0.0,0.0
20991457357,INDUSBANK LIMITED,10/01/2024,NEFT Dr-795221599039-LOAN EMI-MONTHLY INSTALLMENT,0.0,0.0,0.0
20991457357,INDUSBANK LIMITED,11/01/2024,RTGS-ICICR497014206021-Jayesh Trivedi,0.0,0.0,0.0
20991457357,INDUSBANK LIMITED,11/01/2024,RTGS-ICICR500480522753-CODEBASE SOLUTIONS,0.0,0.0,0.0
20991457357,INDUSBANK LIMITED,12/01/2024,UPI/CR/796416958824/Hitesh Trivedi/9663330566@pay,0.0,0.0,0.0
20991457357,INDUSBANK LIMITED,12/01/2024,NEFT-517752383178-WELLNESS BRANDS INDIA,0.0,0.0,0.0
20991457357,INDUSBANK LIMITED,13/01/2024,UPI/CR/917963721002/Bhavesh Parekh/6167246401@pay,0.0,0.0,0.0
20991457357,INDUSBANK LIMITED,13/01/2024,RTGS-ICICR160041281695-COTTON MILLS CORP,0.0,0.0,0.0
20991457357,INDUSBANK LIMITED,15/01/2024,UPI/CR/847831909684/Hitesh Patel/8939142515@pay,0.0,0.0,0.0
20991457357,INDUSBANK LIMITED,15/01/2024,CASH WITHDRAWAL-Paresh Desai,0.0,0.0,0.0
20991457357,INDUSBANK LIMITED,15/01/2024,NEFT-170586112893-WELLNESS BRANDS INDIA,0.0,0.0,0.0
20991457357,INDUSBANK LIMITED,16/01/2024,UPI/DR/393496684399/Mehul Parekh/7197131851@pay,0.0,0.0,0.0
20991457357,INDUSBANK LIMITED,16/01/2024,IMPS-949494019372-FASHION TEXTILES LTD,0.0,0.0,0.0
20991457357,INDUSBANK LIMITED,16/01/2024,RTGS-ICICR100008576371-CONSUMER PRODUCTS INDIA,0.0,0.0,0.0
20991457357,INDUSBANK LIMITED,16/01/2024,NEFT-562034863118-Paresh Trivedi,0.0,0.0,0.0
20991457357,INDUSBANK LIMITED,17/01/2024,FAILED-INSUFFICIENT FUNDS-IMPS-792056188561-Nisha Trivedi,0.0,0.0,0.0
20991457357,INDUSBANK LIMITED,17/01/2024,IMPS-102626224609-CARGO SOLUTIONS LTD,0.0,0.0,0.0
20991457357,INDUSBANK LIMITED,17/01/2024,IMPS-778599222771-NETPULSE SYSTEMS,0.0,0.0,0.0
20991457357,INDUSBANK LIMITED,18/01/2024,NEFT-652695340120-INDUSTRIAL COMPONENTS INDIA,0.0,0.0,0.0
20991457357,INDUSBANK LIMITED,18/01/2024,ATM WDL-11231,0.0,0.0,0.0
20991457357,INDUSBANK LIMITED,19/01/2024,UPI/DR/133494429229/Mehul Parekh/9406934265@pay,0.0,0.0,0.0
20991457357,INDUSBANK LIMITED,19/01/2024,IMPS-388856085584-CAPITAL VENTURES INDIA,0.0,0.0,0.0
20991457357,INDUSBANK LIMITED,20/01/2024,RTGS-ICICR528719202111-Nisha Shah,0.0,0.0,0.0
20991457357,INDUSBANK LIMITED,20/01/2024,CASH WITHDRAWAL-Bhavesh Desai,0.0,0.0,0.0
20991457357,INDUSBANK LIMITED,20/01/2024,CLG-INDUSTRIAL COMPONENTS INDIA,0.0,0.0,0.0
20991457357,INDUSBANK LIMITED,20/01/2024,NEFT-428187885391-Mehul Amin,0.0,0.0,0.0
20991457357,INDUSBANK LIMITED,20/01/2024,ATM WDL-22857,0.0,0.0,0.0
20991457357,INDUSBANK LIMITED,22/01/2024,NEFT Dr-551894922637-UTILITY SUBSCRIPTION,0.0,0.0,0.0
20991457357,INDUSBANK LIMITED,22/01/2024,FAILED-INSUFFICIENT FUNDS-UPI/DR/814618664470/Nilesh Desai/7424960774@pay,0.0,0.0,0.0
20991457357,INDUSBANK LIMITED,22/01/2024,REVERSAL-CLG-INDUSTRIAL COMPONENTS INDIA,0.0,0.0,0.0
20991457357,INDUSBANK LIMITED,22/01/2024,NEFT-645300270033-INDUSTRIAL COMPONENTS INDIA,0.0,0.0,0.0
20991457357,INDUSBANK LIMITED,22/01/2024,RTGS-ICICR181939507110-Nilesh Shah,0.0,0.0,0.0
20991457357,INDUSBANK LIMITED,23/01/2024,IMPS-854917827058-SUPPLY CHAIN CORP,0.0,0.0,0.0
20991457357,INDUSBANK LIMITED,23/01/2024,ATM WDL-24690,0.0,0.0,0.0
20991457357,INDUSBANK LIMITED,24/01/2024,NEFT-723201843848-CODEBASE SOLUTIONS,0.0,0.0,0.0
20991457357,INDUSBANK LIMITED,24/01/2024,CASH DEPOSIT-Jayesh Amin,0.0,0.0,0.0
20991457357,INDUSBANK LIMITED,25/01/2024,SERVICE CHARGES-Cheque Book Charges,0.0,0.0,0.0
20991457357,INDUSBANK LIMITED,27/01/2024,CLG-COTTON MILLS CORP,0.0,0.0,0.0
20991457357,INDUSBANK LIMITED,27/01/2024,ATM WDL-77597,0.0,0.0,0.0
20991457357,INDUSBANK LIMITED,27/01/2024,CASH WITHDRAWAL-Hitesh Trivedi,0.0,0.0,0.0
20991457357,INDUSBANK LIMITED,27/01/2024,NEFT-458159025428-Mehul Modi,0.0,0.0,0.0
20991457357,INDUSBANK LIMITED,29/01/2024,UPI/CR/319828076298/Mehul Vora/8875241751@pay,0.0,0.0,0.0
20991457357,INDUSBANK LIMITED,29/01/2024,UPI/CR/119268700649/Nisha Parekh/8777504910@pay,0.0,0.0,0.0
20991457357,INDUSBANK LIMITED,29/01/2024,ATM WDL-86060,0.0,0.0,0.0
20991457357,INDUSBANK LIMITED,30/01/2024,UPI/CR/352552999125/Bhavesh Shah/8454505828@pay,0.0,0.0,0.0
20991457357,INDUSBANK LIMITED,30/01/2024,CLG-SUPPLY CHAIN CORP,0.0,0.0,0.0
20991457357,INDUSBANK LIMITED,30/01/2024,ATM WDL-97043,0.0,0.0,0.0
20991457357,INDUSBANK LIMITED,30/01/2024,CHQ PAID-Mehul Shah-MICR,0.0,0.0,0.0
20991457357,INDUSBANK LIMITED,31/01/2024,CLG-HEALTHCARE PRODUCTS LTD,0.0,0.0,0.0
20991457357,INDUSBANK LIMITED,31/01/2024,IMPS-583961591714-Nisha Patel,0.0,0.0,0.0
20991457357,INDUSBANK LIMITED,01/02/2024,ATM WDL-62996,0.0,0.0,0.0
20991457357,INDUSBANK LIMITED,03/02/2024,NEFT-767444840334-PRECISION ENGINEERING WORKS,0.0,0.0,0.0
20991457357,INDUSBANK LIMITED,03/02/2024,CASH WITHDRAWAL-Hitesh Shah,0.0,0.0,0.0
20991457357,INDUSBANK LIMITED,05/02/2024,NEFT Dr-607051600697-RENT PAYMENT-MONTHLY RENT,0.0,0.0,0.0
20991457357,INDUSBANK LIMITED,05/02/2024,ATM WDL-69019,0.0,0.0,0.0
20991457357,INDUSBANK LIMITED,05/02/2024,IMPS-913236943041-Bhavesh Patel,0.0,0.0,0.0
20991457357,INDUSBANK LIMITED,06/02/2024,CLG-METROPOLITAN BUILDERS,0.0,0.0,0.0
20991457357,INDUSBANK LIMITED,06/02/2024,UPI/DR/681516448814/Ketan Modi/7999732710@pay,0.0,0.0,0.0
20991457357,INDUSBANK LIMITED,06/02/2024,IMPS-413046656151-Hitesh Desai,0.0,0.0,0.0
20991457357,INDUSBANK LIMITED,06/02/2024,NEFT-748378887288-INFOCORE TECHNOLOGIES,0.0,0.0,0.0
20991457357,INDUSBANK LIMITED,07/02/2024,CHQ PAID-Nisha Shah-MICR,0.0,0.0,0.0
20991457357,INDUSBANK LIMITED,07/02/2024,RTGS-ICICR611794866219-PREMIUM INFRASTRUCTURE,0.0,0.0,0.0
20991457357,INDUSBANK LIMITED,08/02/2024,NEFT Dr-793040575081-CLOUD SUBSCRIPTION,0.0,0.0,0.0
20991457357,INDUSBANK LIMITED,09/02/2024,NEFT-321721268642-Jayesh Amin,0.0,0.0,0.0
20991457357,INDUSBANK LIMITED,10/02/2024,RTGS-ICICR356968717749-MINDWAVE CONSULTING,0.0,0.0,0.0
20991457357,INDUSBANK LIMITED,10/02/2024,NEFT Dr-815549145547-LOAN EMI-MONTHLY INSTALLMENT,0.0,0.0,0.0
20991457357,INDUSBANK LIMITED,10/02/2024,CASH DEPOSIT-Mehul Trivedi,0.0,0.0,0.0
20991457357,INDUSBANK LIMITED,10/02/2024,UPI/CR/537799419626/Mehul Shah/9182606094@pay,0.0,0.0,0.0
20991457357,INDUSBANK LIMITED,10/02/2024,CLG-EXPRESS LOGISTICS INDIA,0.0,0.0,0.0
20991457357,INDUSBANK LIMITED,13/02/2024,CLG-URBAN ESTATES INDIA,0.0,0.0,0.0
20991457357,INDUSBANK LIMITED,14/02/2024,CASH WITHDRAWAL-Paresh Amin,0.0,0.0,0.0
20991457357,INDUSBANK LIMITED,14/02/2024,NEFT-410700293695-Ketan Trivedi,0.0,0.0,0.0
20991457357,INDUSBANK LIMITED,14/02/2024,CHQ PAID-Mehul Modi-MICR,0.0,0.0,0.0
20991457357,INDUSBANK LIMITED,15/02/2024,IMPS-873792673075-Hitesh Vora,0.0,0.0,0.0
20991457357,INDUSBANK LIMITED,16/02/2024,RTGS-ICICR940133866886-Bhavesh Vora,0.0,0.0,0.0
20991457357,INDUSBANK LIMITED,16/02/2024,NEFT-723381103247-Jayesh Amin,0.0,0.0,0.0
20991457357,INDUSBANK LIMITED,16/02/2024,UPI/DR/819907186262/Nilesh Desai/9090248269@pay,0.0,0.0,0.0
20991457357,INDUSBANK LIMITED,17/02/2024,IMPS-953980676648-Nilesh Amin,0.0,0.0,0.0
20991457357,INDUSBANK LIMITED,17/02/2024,IMPS-447349008234-APEX HEAVY INDUSTRIES,0.0,0.0,0.0
20991457357,INDUSBANK LIMITED,17/02/2024,IMPS-298698915285-Paresh Vora,0.0,0.0,0.0
20991457357,INDUSBANK LIMITED,19/02/2024,RTGS-ICICR481913837446-Paresh Shah,0.0,0.0,0.0
20991457357,INDUSBANK LIMITED,20/02/2024,NEFT-172574676849-Jayesh Modi,0.0,0.0,0.0
20991457357,INDUSBANK LIMITED,20/02/2024,CLG-TECHVISION SYSTEMS,0.0,0.0,0.0
20991457357,INDUSBANK LIMITED,22/02/2024,NEFT Dr-175714686547-INSURANCE SUBSCRIPTION,0.0,0.0,0.0
20991457357,INDUSBANK LIMITED,22/02/2024,CASH WITHDRAWAL-Nisha Modi,0.0,0.0,0.0
20991457357,INDUSBANK LIMITED,22/02/2024,RTGS-ICICR823531422360-PRECISION ENGINEERING WORKS,0.0,0.0,0.0
20991457357,INDUSBANK LIMITED,23/02/2024,CHQ PAID-Ketan Vora-MICR,0.0,0.0,0.0
20991457357,INDUSBANK LIMITED,24/02/2024,IMPS-902431841795-Hitesh Desai,0.0,0.0,0.0
20991457357,INDUSBANK LIMITED,27/02/2024,UPI/DR/216743891501/Mehul Amin/8883826133@pay,0.0,0.0,0.0
20991457357,INDUSBANK LIMITED,27/02/2024,CLG-WELLNESS BRANDS INDIA,0.0,0.0,0.0
20991457357,INDUSBANK LIMITED,28/02/2024,UPI/DR/186798945861/Nilesh Vora/7841456237@pay,0.0,0.0,0.0
20991457357,INDUSBANK LIMITED,28/02/2024,UPI/DR/771771377001/Jayesh Trivedi/6433194839@pay,0.0,0.0,0.0
20991457357,INDUSBANK LIMITED,28/02/2024,NEFT-424432020745-NETFORGE TECHNOLOGIES,0.0,0.0,0.0
20991457357,INDUSBANK LIMITED,28/02/2024,Service Charges-Demat Account AMC,0.0,0.0,0.0
20991457357,INDUSBANK LIMITED,28/02/2024,Service Charges-Statement Charges,0.0,0.0,0.0
20991457357,INDUSBANK LIMITED,28/02/2024,Service Charges-Foreign Currency Markup,0.0,0.0,0.0
20991457357,INDUSBANK LIMITED,29/02/2024,NEFT-746633786454-Bhavesh Vora,0.0,0.0,0.0
20991457357,INDUSBANK LIMITED,01/03/2024,ATM WDL-61120,0.0,0.0,0.0
20991457357,INDUSBANK LIMITED,02/03/2024,IMPS-472454471120-CONSUMER PRODUCTS INDIA,0.0,0.0,0.0
20991457357,INDUSBANK LIMITED,02/03/2024,UPI/DR/797053409785/Ketan Modi/8938277185@pay,0.0,0.0,0.0
20991457357,INDUSBANK LIMITED,02/03/2024,UPI/DR/628561036353/Hitesh Vora/8303398745@pay,0.0,0.0,0.0
20991457357,INDUSBANK LIMITED,02/03/2024,NEFT-218319358152-Mehul Parekh,0.0,0.0,0.0
20991457357,INDUSBANK LIMITED,02/03/2024,NEFT-551013184006-LIFELINE PHARMACEUTICAL,0.0,0.0,0.0
20991457357,INDUSBANK LIMITED,02/03/2024,NEFT-567668386925-Hitesh Parekh,0.0,0.0,0.0
20991457357,INDUSBANK LIMITED,04/03/2024,CHQ PAID-Mehul Trivedi-MICR,0.0,0.0,0.0
20991457357,INDUSBANK LIMITED,04/03/2024,REVERSAL-NEFT-551013184006-LIFELINE PHARMACEUTICAL,0.0,0.0,0.0
20991457357,INDUSBANK LIMITED,05/03/2024,NEFT Dr-454857694364-RENT PAYMENT-MONTHLY RENT,0.0,0.0,0.0
20991457357,INDUSBANK LIMITED,05/03/2024,SERVICE CHARGES-Online Banking Charges,0.0,0.0,0.0
20991457357,INDUSBANK LIMITED,06/03/2024,IMPS-426499863561-PERSONAL CARE LTD,0.0,0.0,0.0
20991457357,INDUSBANK LIMITED,06/03/2024,UPI/CR/856190127236/Paresh Parekh/8816336003@pay,0.0,0.0,0.0
20991457357,INDUSBANK LIMITED,06/03/2024,UPI/CR/242508646772/Ketan Patel/8262039758@pay,0.0,0.0,0.0
20991457357,INDUSBANK LIMITED,06/03/2024,NEFT-983960661759-URBAN CONSTRUCTIONS,0.0,0.0,0.0
20991457357,INDUSBANK LIMITED,07/03/2024,UPI/CR/106918985452/Hitesh Shah/8483963966@pay,0.0,0.0,0.0
20991457357,INDUSBANK LIMITED,07/03/2024,CASH DEPOSIT-Ketan Vora,0.0,0.0,0.0
20991457357,INDUSBANK LIMITED,09/03/2024,UPI/CR/828381166194/Jayesh Modi/6547015511@pay,0.0,0.0,0.0
20991457357,INDUSBANK LIMITED,09/03/2024,CLG-HEALTHCARE PRODUCTS LTD,0.0,0.0,0.0
20991457357,INDUSBANK LIMITED,11/03/2024,CLG-WEBSTREAM LIMITED,0.0,0.0,0.0
20991457357,INDUSBANK LIMITED,12/03/2024,IMPS-455510667320-Hitesh Parekh,0.0,0.0,0.0
20991457357,INDUSBANK LIMITED,12/03/2024,IMPS-965288406249-INVESTMENT SERVICES INDIA,0.0,0.0,0.0
20991457357,INDUSBANK LIMITED,13/03/2024,RTGS-ICICR106522543158-DIGITAL SOLUTIONS INDIA,0.0,0.0,0.0
20991457357,INDUSBANK LIMITED,13/03/2024,CLG-FABRIC INDUSTRIES INDIA,0.0,0.0,0.0
20991457357,INDUSBANK LIMITED,14/03/2024,IMPS-351783483307-Jayesh Patel,0.0,0.0,0.0
20991457357,INDUSBANK LIMITED,14/03/2024,CASH WITHDRAWAL-Nisha Desai,0.0,0.0,0.0
20991457357,INDUSBANK LIMITED,15/03/2024,CASH WITHDRAWAL-Hitesh Trivedi,0.0,0.0,0.0
20991457357,INDUSBANK LIMITED,15/03/2024,CHQ PAID-Nilesh Shah-MICR,0.0,0.0,0.0
20991457357,INDUSBANK LIMITED,15/03/2024,CASH WITHDRAWAL-Ketan Amin,0.0,0.0,0.0
20991457357,INDUSBANK LIMITED,18/03/2024,CHQ PAID-Ketan Shah-MICR,0.0,0.0,0.0
20991457357,INDUSBANK LIMITED,20/03/2024,CHQ PAID-Jayesh Vora-MICR,0.0,0.0,0.0
20991457357,INDUSBANK LIMITED,21/03/2024,CLG-REALTY VENTURES LTD,0.0,0.0,0.0
20991457357,INDUSBANK LIMITED,22/03/2024,NEFT Dr-610197924331-INSURANCE SUBSCRIPTION,0.0,0.0,0.0
20991457357,INDUSBANK LIMITED,22/03/2024,CLG-SUPPLY CHAIN CORP,0.0,0.0,0.0
20991457357,INDUSBANK LIMITED,22/03/2024,UPI/DR/637641231131/Ketan Modi/8217693478@pay,0.0,0.0,0.0
20991457357,INDUSBANK LIMITED,22/03/2024,IMPS-691147531667-Jayesh Vora,0.0,0.0,0.0
20991457357,INDUSBANK LIMITED,22/03/2024,CHQ PAID-Jayesh Desai-MICR,0.0,0.0,0.0
20991457357,INDUSBANK LIMITED,22/03/2024,FAILED-INSUFFICIENT FUNDS-NEFT-430098836400-Nisha Patel,0.0,0.0,0.0
20991457357,INDUSBANK LIMITED,22/03/2024,IMPS-716472575673-WEBSTREAM LIMITED,0.0,0.0,0.0
20991457357,INDUSBANK LIMITED,23/03/2024,IMPS-634986094578-PREMIUM PROPERTIES LTD,0.0,0.0,0.0
20991457357,INDUSBANK LIMITED,23/03/2024,RTGS-ICICR425769839475-DATABRIDGE INFOTECH,0.0,0.0,0.0
20991457357,INDUSBANK LIMITED,23/03/2024,RTGS-ICICR180561910917-Ketan Parekh,0.0,0.0,0.0
20991457357,INDUSBANK LIMITED,23/03/2024,IMPS-231950974562-FOOD INDUSTRIES CORP,0.0,0.0,0.0
20991457357,INDUSBANK LIMITED,26/03/2024,NEFT-435055785494-Jayesh Parekh,0.0,0.0,0.0
20991457357,INDUSBANK LIMITED,26/03/2024,NEFT-981313417864-Nisha Vora,0.0,0.0,0.0
20991457357,INDUSBANK LIMITED,26/03/2024,CLG-PREMIUM PROPERTIES LTD,0.0,0.0,0.0
20991457357,INDUSBANK LIMITED,26/03/2024,CASH WITHDRAWAL-Nilesh Desai,0.0,0.0,0.0
20991457357,INDUSBANK LIMITED,27/03/2024,NEFT-407491518444-Nisha Parekh,0.0,0.0,0.0
20991457357,INDUSBANK LIMITED,27/03/2024,Dividend Cr-DAILY NEEDS LIMITED-EQUITY SHARES,0.0,0.0,0.0
20991457357,INDUSBANK LIMITED,28/03/2024,CASH DEPOSIT-Paresh Shah,0.0,0.0,0.0
20991457357,INDUSBANK LIMITED,28/03/2024,Service Charges-Demat Account AMC,0.0,0.0,0.0
20991457357,INDUSBANK LIMITED,28/03/2024,Service Charges-SMS Alert Charges,0.0,0.0,0.0
20991457357,INDUSBANK LIMITED,28/03/2024,Service Charges-Online Banking Charges,0.0,0.0,0.0
20991457357,INDUSBANK LIMITED,30/03/2024,UPI/CR/757864850816/Bhavesh Modi/8419692434@pay,0.0,0.0,0.0
20991457357,INDUSBANK LIMITED,30/03/2024,CASH DEPOSIT-Mehul Shah,0.0,0.0,0.0
36606732752,INDUSBANK LIMITED,01/01/2024,NEFT-859802957194-Ramesh Krishnan,0.0,0.0,0.0
36606732752,INDUSBANK LIMITED,01/01/2024,CASH DEPOSIT-Ramesh Iyer,0.0,0.0,0.0
36606732752,INDUSBANK LIMITED,01/01/2024,NEFT-536766714793-Kavitha Menon,0.0,0.0,0.0
36606732752,INDUSBANK LIMITED,02/01/2024,NEFT-827798511968-PRECISION ENGINEERING WORKS,0.0,0.0,0.0
36606732752,INDUSBANK LIMITED,03/01/2024,NEFT-558647039020-Ganesh Murthy,0.0,0.0,0.0
36606732752,INDUSBANK LIMITED,05/01/2024,CLG-PREMIUM PROPERTIES LTD,0.0,0.0,0.0
36606732752,INDUSBANK LIMITED,05/01/2024,CASH DEPOSIT-Venkatesh Reddy,0.0,0.0,0.0
36606732752,INDUSBANK LIMITED,06/01/2024,CLG-CARGO SOLUTIONS LTD,0.0,0.0,0.0
36606732752,INDUSBANK LIMITED,06/01/2024,CLG-PERSONAL CARE LTD,0.0,0.0,0.0
36606732752,INDUSBANK LIMITED,08/01/2024,IMPS-741235403610-PREMIUM INFRASTRUCTURE,0.0,0.0,0.0
36606732752,INDUSBANK LIMITED,08/01/2024,IMPS-978156535654-MOTOR INDUSTRIES LTD,0.0,0.0,0.0
36606732752,INDUSBANK LIMITED,08/01/2024,CLG-CREDIT SERVICES LTD,0.0,0.0,0.0
36606732752,INDUSBANK LIMITED,08/01/2024,ATM WDL-11776,0.0,0.0,0.0
36606732752,INDUSBANK LIMITED,09/01/2024,CLG-PRECISION ENGINEERING WORKS,0.0,0.0,0.0
36606732752,INDUSBANK LIMITED,11/01/2024,NEFT-531175142472-Lakshmi Rao,0.0,0.0,0.0
36606732752,INDUSBANK LIMITED,13/01/2024,CLG-COTTON MILLS CORP,0.0,0.0,0.0
36606732752,INDUSBANK LIMITED,15/01/2024,FAILED-INSUFFICIENT FUNDS-IMPS-109509051217-Subramaniam Rao,0.0,0.0,0.0
36606732752,INDUSBANK LIMITED,15/01/2024,ATM WDL-50966,0.0,0.0,0.0
36606732752,INDUSBANK LIMITED,15/01/2024,UPI/CR/701622473108/Karthik Naidu/6198001250@pay,0.0,0.0,0.0
36606732752,INDUSBANK LIMITED,16/01/2024,NEFT-783347231092-GST PAYMENT-GSTIN,0.0,0.0,0.0
36606732752,INDUSBANK LIMITED,16/01/2024,IMPS-600522170724-SOFTWAVE TECHNOLOGIES,0.0,0.0,0.0
36606732752,INDUSBANK LIMITED,16/01/2024,RTGS-ICICR336059562767-Srinivas Naidu,0.0,0.0,0.0
36606732752,INDUSBANK LIMITED,17/01/2024,NEFT-896725390979-FINANCE SOLUTIONS INDIA,0.0,0.0,0.0
36606732752,INDUSBANK LIMITED,17/01/2024,UPI/CR/407940582749/Subramaniam Iyer/7570162480@pay,0.0,0.0,0.0
36606732752,INDUSBANK LIMITED,17/01/2024,CLG-PERSONAL CARE LTD,0.0,0.0,0.0
36606732752,INDUSBANK LIMITED,18/01/2024,RTGS-ICICR873580262398-AUTOMOTIVE PARTS CORP,0.0,0.0,0.0
36606732752,INDUSBANK LIMITED,19/01/2024,NEFT-608564033379-COTTON MILLS CORP,0.0,0.0,0.0
36606732752,INDUSBANK LIMITED,19/01/2024,CASH DEPOSIT-Lakshmi Murthy,0.0,0.0,0.0
36606732752,INDUSBANK LIMITED,20/01/2024,IMPS-310904393935-FOOD INDUSTRIES CORP,0.0,0.0,0.0
36606732752,INDUSBANK LIMITED,20/01/2024,RTGS-ICICR703114895136-Priya Murthy,0.0,0.0,0.0
36606732752,INDUSBANK LIMITED,22/01/2024,IMPS-898378094606-PREMIUM INFRASTRUCTURE,0.0,0.0,0.0
36606732752,INDUSBANK LIMITED,22/01/2024,NEFT-850595778484-Subramaniam Krishnan,0.0,0.0,0.0
36606732752,INDUSBANK LIMITED,23/01/2024,IMPS-984471802337-Ganesh Naidu,0.0,0.0,0.0
36606732752,INDUSBANK LIMITED,24/01/2024,FAILED-INSUFFICIENT FUNDS-ATM WDL-17023,0.0,0.0,0.0
36606732752,INDUSBANK LIMITED,25/01/2024,RTGS-ICICR962937804128-Srinivas Pillai,0.0,0.0,0.0
36606732752,INDUSBANK LIMITED,27/01/2024,UPI/CR/380733437817/Srinivas Naidu/8089947727@pay,0.0,0.0,0.0
36606732752,INDUSBANK LIMITED,27/01/2024,NEFT-187712039629-LOAN DISBURSEMENT-HIGHWAY DEVELOPERS INDIA,0.0,0.0,0.0
36606732752,INDUSBANK LIMITED,27/01/2024,IMPS-533213095809-WELLNESS BRANDS INDIA,0.0,0.0,0.0
36606732752,INDUSBANK LIMITED,27/01/2024,NEFT-613788091758-LIFELINE PHARMACEUTICAL,0.0,0.0,0.0
36606732752,INDUSBANK LIMITED,29/01/2024,IMPS-819333488524-CONSTRUCTION SOLUTIONS LTD,0.0,0.0,0.0
36606732752,INDUSBANK LIMITED,29/01/2024,RTGS-ICICR842717826612-MEDCARE LABORATORIES,0.0,0.0,0.0
36606732752,INDUSBANK LIMITED,29/01/2024,CASH WITHDRAWAL-Lakshmi Nair,0.0,0.0,0.0
36606732752,INDUSBANK LIMITED,29/01/2024,CLG-WEBSTREAM LIMITED,0.0,0.0,0.0
36606732752,INDUSBANK LIMITED,29/01/2024,NEFT-632973818859-APEX HEAVY INDUSTRIES,0.0,0.0,0.0
36606732752,INDUSBANK LIMITED,30/01/2024,REVERSAL-NEFT-613788091758-LIFELINE PHARMACEUTICAL,0.0,0.0,0.0
36606732752,INDUSBANK LIMITED,31/01/2024,CHQ PAID-Lakshmi Naidu-MICR,0.0,0.0,0.0
36606732752,INDUSBANK LIMITED,31/01/2024,NEFT-589582527247-CONSUMER PRODUCTS INDIA,0.0,0.0,0.0
36606732752,INDUSBANK LIMITED,31/01/2024,CHQ PAID-Ganesh Reddy-MICR,0.0,0.0,0.0
36606732752,INDUSBANK LIMITED,31/01/2024,NEFT-416297551524-FASHION TEXTILES LTD,0.0,0.0,0.0
36606732752,INDUSBANK LIMITED,31/01/2024,NEFT-952542454327-Subramaniam Menon,0.0,0.0,0.0
36606732752,INDUSBANK LIMITED,01/02/2024,FAILED-INSUFFICIENT FUNDS-IMPS-398415072911-Kavitha Murthy,0.0,0.0,0.0
36606732752,INDUSBANK LIMITED,02/02/2024,CASH WITHDRAWAL-Kavitha Murthy,0.0,0.0,0.0
36606732752,INDUSBANK LIMITED,02/02/2024,CASH WITHDRAWAL-Lakshmi Reddy,0.0,0.0,0.0
36606732752,INDUSBANK LIMITED,02/02/2024,CLG-FINANCE SOLUTIONS INDIA,0.0,0.0,0.0
36606732752,INDUSBANK LIMITED,02/02/2024,NEFT-682477958343-Venkatesh Krishnan,0.0,0.0,0.0
36606732752,INDUSBANK LIMITED,03/02/2024,NEFT-516190064716-HIGHWAY DEVELOPERS INDIA,0.0,0.0,0.0
36606732752,INDUSBANK LIMITED,03/02/2024,IMPS-459767110475-DATABRIDGE INFOTECH,0.0,0.0,0.0
36606732752,INDUSBANK LIMITED,03/02/2024,CLG-CONSUMER PRODUCTS INDIA,0.0,0.0,0.0
36606732752,INDUSBANK LIMITED,03/02/2024,FAILED-INSUFFICIENT FUNDS-CHQ PAID-Ramesh Nair-MICR,0.0,0.0,0.0
36606732752,INDUSBANK LIMITED,05/02/2024,CASH WITHDRAWAL-Anitha Krishnan,0.0,0.0,0.0
36606732752,INDUSBANK LIMITED,05/02/2024,UPI/CR/949894479129/Karthik Menon/8352811286@pay,0.0,0.0,0.0
36606732752,INDUSBANK LIMITED,05/02/2024,IMPS-312326013265-INVESTMENT SERVICES INDIA,0.0,0.0,0.0
36606732752,INDUSBANK LIMITED,05/02/2024,Service Charges-Cheque Bounce Charge-242049,0.0,0.0,0.0
36606732752,INDUSBANK LIMITED,06/02/2024,NEFT-773084306486-Venkatesh Naidu,0.0,0.0,0.0
36606732752,INDUSBANK LIMITED,06/02/2024,Dividend Cr-URBAN ESTATES INDIA-EQUITY SHARES,0.0,0.0,0.0
36606732752,INDUSBANK LIMITED,06/02/2024,CASH WITHDRAWAL-Ganesh Iyer,0.0,0.0,0.0
36606732752,INDUSBANK LIMITED,07/02/2024,CLG-PRECISION ENGINEERING WORKS,0.0,0.0,0.0
36606732752,INDUSBANK LIMITED,07/02/2024,CHQ PAID-Priya Menon-MICR,0.0,0.0,0.0
36606732752,INDUSBANK LIMITED,07/02/2024,CHQ PAID-Lakshmi Menon-MICR,0.0,0.0,0.0
36606732752,INDUSBANK LIMITED,08/02/2024,RTGS-ICICR618455956986-CYBERCRAFT SYSTEMS,0.0,0.0,0.0
36606732752,INDUSBANK LIMITED,08/02/2024,ATM WDL-57210,0.0,0.0,0.0
36606732752,INDUSBANK LIMITED,08/02/2024,IMPS-607481236484-Karthik Nair,0.0,0.0,0.0
36606732752,INDUSBANK LIMITED,09/02/2024,IMPS-159714243550-Venkatesh Krishnan,0.0,0.0,0.0
36606732752,INDUSBANK LIMITED,10/02/2024,REVERSAL-RTGS-ICICR618455956986-CYBERCRAFT SYSTEMS,0.0,0.0,0.0
36606732752,INDUSBANK LIMITED,10/02/2024,CHQ PAID-Subramaniam Rao-MICR,0.0,0.0,0.0
36606732752,INDUSBANK LIMITED,12/02/2024,RTGS-ICICR450337605809-Ramesh Menon,0.0,0.0,0.0
36606732752,INDUSBANK LIMITED,12/02/2024,NEFT-124754514546-NETPULSE SYSTEMS,0.0,0.0,0.0
36606732752,INDUSBANK LIMITED,13/02/2024,CLG-CONSTRUCTION SOLUTIONS LTD,0.0,0.0,0.0
36606732752,INDUSBANK LIMITED,14/02/2024,IMPS-335965088845-Priya Rao,0.0,0.0,0.0
36606732752,INDUSBANK LIMITED,15/02/2024,CASH DEPOSIT-Priya Pillai,0.0,0.0,0.0
36606732752,INDUSBANK LIMITED,15/02/2024,IMPS-609578922636-HEALTHPLUS PHARMA LTD,0.0,0.0,0.0
36606732752,INDUSBANK LIMITED,15/02/2024,NEFT-290270656534-HEALTHPLUS PHARMA LTD,0.0,0.0,0.0
36606732752,INDUSBANK LIMITED,15/02/2024,UPI/CR/272294505017/Srinivas Naidu/9361473322@pay,0.0,0.0,0.0
36606732752,INDUSBANK LIMITED,16/02/2024,CASH DEPOSIT-Karthik Pillai,0.0,0.0,0.0
36606732752,INDUSBANK LIMITED,16/02/2024,UPI/DR/701774501554/Ganesh Krishnan/9530663176@pay,0.0,0.0,0.0
36606732752,INDUSBANK LIMITED,16/02/2024,SERVICE CHARGES-Demat Account AMC,0.0,0.0,0.0
36606732752,INDUSBANK LIMITED,16/02/2024,NEFT-449427625208-Priya Reddy,0.0,0.0,0.0
36606732752,INDUSBANK LIMITED,16/02/2024,IMPS-336276758611-PERSONAL CARE LTD,0.0,0.0,0.0
36606732752,INDUSBANK LIMITED,17/02/2024,UPI/DR/282534320806/Subramaniam Menon/8888226241@pay,0.0,0.0,0.0
36606732752,INDUSBANK LIMITED,17/02/2024,CASH WITHDRAWAL-Venkatesh Krishnan,0.0,0.0,0.0
36606732752,INDUSBANK LIMITED,17/02/2024,RTGS-ICICR209597291192-Priya Murthy,0.0,0.0,0.0
36606732752,INDUSBANK LIMITED,17/02/2024,NEFT-702721972590-INFOCORE TECHNOLOGIES,0.0,0.0,0.0
36606732752,INDUSBANK LIMITED,19/02/2024,UPI/CR/490249810701/Subramaniam Krishnan/7154528477@pay,0.0,0.0,0.0
36606732752,INDUSBANK LIMITED,20/02/2024,IMPS-708185219303-Karthik Nair,0.0,0.0,0.0
36606732752,INDUSBANK LIMITED,20/02/2024,Dividend Cr-THERMAL SYSTEMS LTD-EQUITY SHARES,0.0,0.0,0.0
36606732752,INDUSBANK LIMITED,20/02/2024,IMPS-503229595816-Lakshmi Rao,0.0,0.0,0.0
36606732752,INDUSBANK LIMITED,20/02/2024,IMPS-142405250118-Venkatesh Menon,0.0,0.0,0.0
36606732752,INDUSBANK LIMITED,21/02/2024,IMPS-898871159442-AUTOMOTIVE PARTS CORP,0.0,0.0,0.0
36606732752,INDUSBANK LIMITED,21/02/2024,IMPS-859348549585-SOFTWAVE TECHNOLOGIES,0.0,0.0,0.0
36606732752,INDUSBANK LIMITED,22/02/2024,IMPS-554728627374-Karthik Menon,0.0,0.0,0.0
36606732752,INDUSBANK LIMITED,22/02/2024,CHQ PAID-Lakshmi Murthy-MICR,0.0,0.0,0.0
36606732752,INDUSBANK LIMITED,23/02/2024,Dividend Cr-HIGHWAY DEVELOPERS INDIA-EQUITY SHARES,0.0,0.0,0.0
36606732752,INDUSBANK LIMITED,26/02/2024,IMPS-249453794822-Subramaniam Rao,0.0,0.0,0.0
36606732752,INDUSBANK LIMITED,26/02/2024,NEFT-947438050122-DAILY NEEDS LIMITED,0.0,0.0,0.0
36606732752,INDUSBANK LIMITED,26/02/2024,CHQ PAID-Priya Nair-MICR,0.0,0.0,0.0
36606732752,INDUSBANK LIMITED,26/02/2024,CLG-FINANCE SOLUTIONS INDIA,0.0,0.0,0.0
36606732752,INDUSBANK LIMITED,27/02/2024,CLG-NETFORGE TECHNOLOGIES,0.0,0.0,0.0
36606732752,INDUSBANK LIMITED,27/02/2024,UPI/CR/941554971004/Anitha Nair/7321871098@pay,0.0,0.0,0.0
36606732752,INDUSBANK LIMITED,27/02/2024,NEFT-369367756043-Srinivas Menon,0.0,0.0,0.0
36606732752,INDUSBANK LIMITED,27/02/2024,IMPS-292880641948-Anitha Naidu,0.0,0.0,0.0
36606732752,INDUSBANK LIMITED,27/02/2024,IMPS-763982288486-NETFORGE TECHNOLOGIES,0.0,0.0,0.0
36606732752,INDUSBANK LIMITED,28/02/2024,IMPS-900819523964-WEBSTREAM LIMITED,0.0,0.0,0.0
36606732752,INDUSBANK LIMITED,28/02/2024,IMPS-701707995689-URBAN CONSTRUCTIONS,0.0,0.0,0.0
36606732752,INDUSBANK LIMITED,28/02/2024,IMPS-882505710769-Lakshmi Rao,0.0,0.0,0.0
36606732752,INDUSBANK LIMITED,28/02/2024,Service Charges-Cheque Book Charges,0.0,0.0,0.0
36606732752,INDUSBANK LIMITED,29/02/2024,IMPS-479661659428-THERMAL SYSTEMS LTD,0.0,0.0,0.0
36606732752,INDUSBANK LIMITED,29/02/2024,IMPS-722338222629-Subramaniam Reddy,0.0,0.0,0.0
36606732752,INDUSBANK LIMITED,29/02/2024,UPI/CR/578066651810/Ganesh Nair/7122355373@pay,0.0,0.0,0.0
36606732752,INDUSBANK LIMITED,01/03/2024,RTGS-ICICR866092738976-INVESTMENT SERVICES INDIA,0.0,0.0,0.0
36606732752,INDUSBANK LIMITED,01/03/2024,UPI/DR/644435396356/Anitha Pillai/9763941246@pay,0.0,0.0,0.0
36606732752,INDUSBANK LIMITED,01/03/2024,NEFT-565068456858-Srinivas Nair,0.0,0.0,0.0
36606732752,INDUSBANK LIMITED,04/03/2024,CLG-METROPOLITAN BUILDERS,0.0,0.0,0.0
36606732752,INDUSBANK LIMITED,06/03/2024,UPI/DR/523606088787/Ganesh Pillai/8982315928@pay,0.0,0.0,0.0
36606732752,INDUSBANK LIMITED,07/03/2024,CLG-SUPPLY CHAIN CORP,0.0,0.0,0.0
36606732752,INDUSBANK LIMITED,09/03/2024,CLG-COTTON MILLS CORP,0.0,0.0,0.0
36606732752,INDUSBANK LIMITED,09/03/2024,IMPS-565058626400-HOUSING DEVELOPERS CORP,0.0,0.0,0.0
36606732752,INDUSBANK LIMITED,09/03/2024,CHQ PAID-Anitha Reddy-MICR,0.0,0.0,0.0
36606732752,INDUSBANK LIMITED,11/03/2024,UPI/CR/151126909825/Venkatesh Pillai/9989899889@pay,0.0,0.0,0.0
36606732752,INDUSBANK LIMITED,12/03/2024,ATM WDL-42864,0.0,0.0,0.0
36606732752,INDUSBANK LIMITED,13/03/2024,NEFT-593248169533-CONSUMER PRODUCTS INDIA,0.0,0.0,0.0
36606732752,INDUSBANK LIMITED,15/03/2024,NEFT-943692922550-CREDIT SERVICES LTD,0.0,0.0,0.0
36606732752,INDUSBANK LIMITED,16/03/2024,IMPS-101834946531-INDUSTRIAL COMPONENTS INDIA,0.0,0.0,0.0
36606732752,INDUSBANK LIMITED,16/03/2024,IMPS-549249308948-PREMIUM INFRASTRUCTURE,0.0,0.0,0.0
36606732752,INDUSBANK LIMITED,18/03/2024,CLG-DAILY NEEDS LIMITED,0.0,0.0,0.0
36606732752,INDUSBANK LIMITED,18/03/2024,UPI/CR/631512319637/Srinivas Naidu/6275131710@pay,0.0,0.0,0.0
36606732752,INDUSBANK LIMITED,20/03/2024,RTGS-ICICR322583739401-LIFELINE PHARMACEUTICAL,0.0,0.0,0.0
36606732752,INDUSBANK LIMITED,21/03/2024,IMPS-497566327069-Karthik Iyer,0.0,0.0,0.0
36606732752,INDUSBANK LIMITED,21/03/2024,NEFT-300711543239-Priya Menon,0.0,0.0,0.0
36606732752,INDUSBANK LIMITED,22/03/2024,CHQ PAID-Subramaniam Pillai-MICR,0.0,0.0,0.0
36606732752,INDUSBANK LIMITED,22/03/2024,RTGS-ICICR118899522689-CONSTRUCTION SOLUTIONS LTD,0.0,0.0,0.0
36606732752,INDUSBANK LIMITED,22/03/2024,IMPS-303255431409-CLOUDTECH SERVICES,0.0,0.0,0.0
36606732752,INDUSBANK LIMITED,23/03/2024,IMPS-589843476537-Lakshmi Pillai,0.0,0.0,0.0
36606732752,INDUSBANK LIMITED,23/03/2024,IMPS-684454789594-URBAN ESTATES INDIA,0.0,0.0,0.0
36606732752,INDUSBANK LIMITED,23/03/2024,ATM WDL-56589,0.0,0.0,0.0
36606732752,INDUSBANK LIMITED,26/03/2024,ATM WDL-25892,0.0,0.0,0.0
36606732752,INDUSBANK LIMITED,26/03/2024,NEFT-543706589546-Lakshmi Rao,0.0,0.0,0.0
36606732752,INDUSBANK LIMITED,26/03/2024,ATM WDL-96331,0.0,0.0,0.0
36606732752,INDUSBANK LIMITED,28/03/2024,NEFT-401619466138-Venkatesh Pillai,0.0,0.0,0.0
36606732752,INDUSBANK LIMITED,28/03/2024,ATM WDL-24919,0.0,0.0,0.0
36606732752,INDUSBANK LIMITED,28/03/2024,IMPS-703400402706-CLOUDTECH SERVICES,0.0,0.0,0.0
36606732752,INDUSBANK LIMITED,28/03/2024,NEFT-760404981833-PRECISION ENGINEERING WORKS,0.0,0.0,0.0
36606732752,INDUSBANK LIMITED,28/03/2024,Service Charges-NEFT/RTGS Charges,0.0,0.0,0.0
36606732752,INDUSBANK LIMITED,28/03/2024,Service Charges-Account Maintenance,0.0,0.0,0.0
36606732752,INDUSBANK LIMITED,30/03/2024,CASH WITHDRAWAL-Priya Iyer,0.0,0.0,0.0
36606732752,INDUSBANK LIMITED,30/03/2024,RTGS-ICICR972715048715-Lakshmi Reddy,0.0,0.0,0.0
36606732752,INDUSBANK LIMITED,30/03/2024,NEFT-654664293990-GST PAYMENT-GSTIN,0.0,0.0,0.0
47315310556,ROYAL COMMERCE BANK,01/01/2024,NEFT-326677439567-Neha Singh,0.0,0.0,0.0
47315310556,ROYAL COMMERCE BANK,01/01/2024,UPI/CR/872107943478/Karan Mehta/9866582942@pay,0.0,0.0,0.0
47315310556,ROYAL COMMERCE BANK,01/01/2024,CHQ PAID-Simran Verma-MICR,0.0,0.0,0.0
47315310556,ROYAL COMMERCE BANK,02/01/2024,CHQ PAID-Karan Singh-MICR,0.0,0.0,0.0
47315310556,ROYAL COMMERCE BANK,03/01/2024,NEFT-701299108492-Priya Sharma,0.0,0.0,0.0
47315310556,ROYAL COMMERCE BANK,03/01/2024,CHQ PAID-Suresh Singh-MICR,0.0,0.0,0.0
47315310556,ROYAL COMMERCE BANK,03/01/2024,UPI/DR/151017437230/Amit Mehta/6526249367@pay,0.0,0.0,0.0
47315310556,ROYAL COMMERCE BANK,04/01/2024,SERVICE CHARGES-Online Banking Charges,0.0,0.0,0.0
47315310556,ROYAL COMMERCE BANK,04/01/2024,RTGS-ICICR991089128602-Amit Malhotra,0.0,0.0,0.0
47315310556,ROYAL COMMERCE BANK,04/01/2024,IMPS-875854646950-CAPITAL VENTURES INDIA,0.0,0.0,0.0
47315310556,ROYAL COMMERCE BANK,04/01/2024,CASH DEPOSIT-Simran Sharma,0.0,0.0,0.0
47315310556,ROYAL COMMERCE BANK,05/01/2024,UPI/CR/712115324254/Suresh Kapoor/8388755801@pay,0.0,0.0,0.0
47315310556,ROYAL COMMERCE BANK,05/01/2024,UPI/CR/197021018432/Kavita Verma/6532341481@pay,0.0,0.0,0.0
47315310556,ROYAL COMMERCE BANK,05/01/2024,CLG-NETFORGE TECHNOLOGIES,0.0,0.0,0.0
47315310556,ROYAL COMMERCE BANK,05/01/2024,NEFT-920972015327-URBAN CONSTRUCTIONS,0.0,0.0,0.0
47315310556,ROYAL COMMERCE BANK,06/01/2024,CHQ PAID-Rohit Kapoor-MICR,0.0,0.0,0.0
47315310556,ROYAL COMMERCE BANK,06/01/2024,REVERSAL-IMPS-875854646950-CAPITAL VENTURES INDIA,0.0,0.0,0.0
47315310556,ROYAL COMMERCE BANK,06/01/2024,CLG-HOUSING DEVELOPERS CORP,0.0,0.0,0.0
47315310556,ROYAL COMMERCE BANK,06/01/2024,NEFT-336892796138-INFOCORE TECHNOLOGIES,0.0,0.0,0.0
47315310556,ROYAL COMMERCE BANK,08/01/2024,NEFT Dr-729711872055-INSURANCE SUBSCRIPTION,0.0,0.0,0.0
47315310556,ROYAL COMMERCE BANK,08/01/2024,IMPS-282191738382-Kavita Verma,0.0,0.0,0.0
47315310556,ROYAL COMMERCE BANK,08/01/2024,NEFT-155619824681-CLOUDTECH SERVICES,0.0,0.0,0.0
47315310556,ROYAL COMMERCE BANK,09/01/2024,NEFT-839157392023-RETAIL SOLUTIONS INDIA,0.0,0.0,0.0
47315310556,ROYAL COMMERCE BANK,09/01/2024,CLG-COTTON MILLS CORP,0.0,0.0,0.0
47315310556,ROYAL COMMERCE BANK,09/01/2024,ATM WDL-54712,0.0,0.0,0.0
47315310556,ROYAL COMMERCE BANK,10/01/2024,NEFT Dr-454841705981-LOAN EMI-MONTHLY INSTALLMENT,0.0,0.0,0.0
47315310556,ROYAL COMMERCE BANK,10/01/2024,NEFT-786916142745-MOTOR INDUSTRIES LTD,0.0,0.0,0.0
47315310556,ROYAL COMMERCE BANK,10/01/2024,RTGS-ICICR619805687891-THERMAL SYSTEMS LTD,0.0,0.0,0.0
47315310556,ROYAL COMMERCE BANK,10/01/2024,RTGS-ICICR624088723598-NETPULSE SYSTEMS,0.0,0.0,0.0
47315310556,ROYAL COMMERCE BANK,11/01/2024,NEFT-543320673408-NETPULSE SYSTEMS,0.0,0.0,0.0
47315310556,ROYAL COMMERCE BANK,11/01/2024,NEFT-336947663911-DATABRIDGE INFOTECH,0.0,0.0,0.0
47315310556,ROYAL COMMERCE BANK,11/01/2024,CASH DEPOSIT-Vikram Gupta,0.0,0.0,0.0
47315310556,ROYAL COMMERCE BANK,11/01/2024,RTGS-ICICR455890023716-Neha Kapoor,0.0,0.0,0.0
47315310556,ROYAL COMMERCE BANK,12/01/2024,UPI/CR/872563618970/Rohit Gupta/6489844008@pay,0.0,0.0,0.0
47315310556,ROYAL COMMERCE BANK,12/01/2024,ATM WDL-84463,0.0,0.0,0.0
47315310556,ROYAL COMMERCE BANK,13/01/2024,NEFT-902913278063-INDUSTRIAL COMPONENTS INDIA,0.0,0.0,0.0
47315310556,ROYAL COMMERCE BANK,15/01/2024,NEFT-825406933099-WELLNESS BRANDS INDIA,0.0,0.0,0.0
47315310556,ROYAL COMMERCE BANK,15/01/2024,UPI/DR/520622411679/Amit Gupta/8019817936@pay,0.0,0.0,0.0
47315310556,ROYAL COMMERCE BANK,16/01/2024,CLG-FINANCE SOLUTIONS INDIA,0.0,0.0,0.0
47315310556,ROYAL COMMERCE BANK,16/01/2024,CASH DEPOSIT-Suresh Gupta,0.0,0.0,0.0
47315310556,ROYAL COMMERCE BANK,16/01/2024,NEFT-283999192667-NETFORGE TECHNOLOGIES,0.0,0.0,0.0
47315310556,ROYAL COMMERCE BANK,16/01/2024,CASH DEPOSIT-Neha Mehta,0.0,0.0,0.0
47315310556,ROYAL COMMERCE BANK,16/01/2024,CASH WITHDRAWAL-Vikram Malhotra,0.0,0.0,0.0
47315310556,ROYAL COMMERCE BANK,17/01/2024,NEFT-182235122971-FOOD INDUSTRIES CORP,0.0,0.0,0.0
47315310556,ROYAL COMMERCE BANK,17/01/2024,CLG-METROPOLITAN BUILDERS,0.0,0.0,0.0
47315310556,ROYAL COMMERCE BANK,18/01/2024,ATM WDL-39799,0.0,0.0,0.0
47315310556,ROYAL COMMERCE BANK,19/01/2024,CASH DEPOSIT-Vikram Gupta,0.0,0.0,0.0
47315310556,ROYAL COMMERCE BANK,19/01/2024,CASH DEPOSIT-Anjali Joshi,0.0,0.0,0.0
47315310556,ROYAL COMMERCE BANK,19/01/2024,CASH DEPOSIT-Simran Singh,0.0,0.0,0.0
47315310556,ROYAL COMMERCE BANK,20/01/2024,NEFT Dr-609123480358-GST PAYMENT-GSTIN 78D4512,0.0,0.0,0.0
47315310556,ROYAL COMMERCE BANK,20/01/2024,CASH DEPOSIT-Neha Kapoor,0.0,0.0,0.0
47315310556,ROYAL COMMERCE BANK,22/01/2024,CLG-REALTY VENTURES LTD,0.0,0.0,0.0
47315310556,ROYAL COMMERCE BANK,23/01/2024,UPI/CR/883653131932/Pooja Agarwal/7017110002@pay,0.0,0.0,0.0
47315310556,ROYAL COMMERCE BANK,24/01/2024,UPI/CR/295611067760/Amit Joshi/9489154375@pay,0.0,0.0,0.0
47315310556,ROYAL COMMERCE BANK,24/01/2024,IMPS-487249926439-HEALTHPLUS PHARMA LTD,0.0,0.0,0.0
47315310556,ROYAL COMMERCE BANK,25/01/2024,NEFT-953300860706-MEDCARE LABORATORIES,0.0,0.0,0.0
47315310556,ROYAL COMMERCE BANK,27/01/2024,REVERSAL-UPI/CR/883653131932/Pooja Agarwal/7017110002@pay,0.0,0.0,0.0
47315310556,ROYAL COMMERCE BANK,27/01/2024,NEFT-504559440889-INVESTMENT SERVICES INDIA,0.0,0.0,0.0
47315310556,ROYAL COMMERCE BANK,27/01/2024,IMPS-185583091590-Anjali Singh,0.0,0.0,0.0
47315310556,ROYAL COMMERCE BANK,27/01/2024,IMPS-475892164725-Simran Malhotra,0.0,0.0,0.0
47315310556,ROYAL COMMERCE BANK,27/01/2024,NEFT-431615023795-Anjali Agarwal,0.0,0.0,0.0
47315310556,ROYAL COMMERCE BANK,29/01/2024,CASH WITHDRAWAL-Rajesh Kumar,0.0,0.0,0.0
47315310556,ROYAL COMMERCE BANK,29/01/2024,CASH WITHDRAWAL-Rohit Malhotra,0.0,0.0,0.0
47315310556,ROYAL COMMERCE BANK,30/01/2024,NEFT-549818243349-Amit Sharma,0.0,0.0,0.0
47315310556,ROYAL COMMERCE BANK,31/01/2024,IMPS-193464366543-CLOUDTECH SERVICES,0.0,0.0,0.0
47315310556,ROYAL COMMERCE BANK,31/01/2024,NEFT-567928024718-CLOUDTECH SERVICES,0.0,0.0,0.0
47315310556,ROYAL COMMERCE BANK,31/01/2024,NEFT-151201745757-Rohit Joshi,0.0,0.0,0.0
47315310556,ROYAL COMMERCE BANK,02/02/2024,NEFT-580240639836-AUTOMOTIVE PARTS CORP,0.0,0.0,0.0
47315310556,ROYAL COMMERCE BANK,02/02/2024,NEFT-198358495810-APEX HEAVY INDUSTRIES,0.0,0.0,0.0
47315310556,ROYAL COMMERCE BANK,03/02/2024,NEFT-286330044759-CLOUDTECH SERVICES,0.0,0.0,0.0
47315310556,ROYAL COMMERCE BANK,03/02/2024,CASH DEPOSIT-Rajesh Kapoor,0.0,0.0,0.0
47315310556,ROYAL COMMERCE BANK,03/02/2024,CLG-MOTOR INDUSTRIES LTD,0.0,0.0,0.0
47315310556,ROYAL COMMERCE BANK,03/02/2024,NEFT-364922956006-Karan Gupta,0.0,0.0,0.0
47315310556,ROYAL COMMERCE BANK,05/02/2024,CASH WITHDRAWAL-Arun Verma,0.0,0.0,0.0
47315310556,ROYAL COMMERCE BANK,05/02/2024,CHQ PAID-Neha Agarwal-MICR,0.0,0.0,0.0
47315310556,ROYAL COMMERCE BANK,05/02/2024,CHQ PAID-Neha Singh-MICR,0.0,0.0,0.0
47315310556,ROYAL COMMERCE BANK,05/02/2024,IMPS-370269473528-INVESTMENT SERVICES INDIA,0.0,0.0,0.0
47315310556,ROYAL COMMERCE BANK,06/02/2024,IMPS-246351270857-Neha Mehta,0.0,0.0,0.0
47315310556,ROYAL COMMERCE BANK,07/02/2024,ATM WDL-75041,0.0,0.0,0.0
47315310556,ROYAL COMMERCE BANK,07/02/2024,CLG-WEBSTREAM LIMITED,0.0,0.0,0.0
47315310556,ROYAL COMMERCE BANK,07/02/2024,NEFT-936716171770-INFOCORE TECHNOLOGIES,0.0,0.0,0.0
47315310556,ROYAL COMMERCE BANK,08/02/2024,NEFT Dr-151920855973-INSURANCE SUBSCRIPTION,0.0,0.0,0.0
47315310556,ROYAL COMMERCE BANK,08/02/2024,RTGS-ICICR574326613146-Kavita Singh,0.0,0.0,0.0
47315310556,ROYAL COMMERCE BANK,08/02/2024,ATM WDL-73534,0.0,0.0,0.0
47315310556,ROYAL COMMERCE BANK,09/02/2024,NEFT-645709990328-LIFELINE PHARMACEUTICAL,0.0,0.0,0.0
47315310556,ROYAL COMMERCE BANK,09/02/2024,UPI/DR/677912873162/Vikram Mehta/7106430024@pay,0.0,0.0,0.0
47315310556,ROYAL COMMERCE BANK,10/02/2024,NEFT Dr-174989902607-LOAN EMI-MONTHLY INSTALLMENT,0.0,0.0,0.0
47315310556,ROYAL COMMERCE BANK,10/02/2024,IMPS-559232586056-Karan Joshi,0.0,0.0,0.0
47315310556,ROYAL COMMERCE BANK,12/02/2024,SERVICE CHARGES-Cheque Book Charges,0.0,0.0,0.0
47315310556,ROYAL COMMERCE BANK,13/02/2024,CASH DEPOSIT-Suresh Mehta,0.0,0.0,0.0
47315310556,ROYAL COMMERCE BANK,13/02/2024,CHQ PAID-Rajesh Malhotra-MICR,0.0,0.0,0.0
47315310556,ROYAL COMMERCE BANK,13/02/2024,NEFT-361826254080-SOFTWAVE TECHNOLOGIES,0.0,0.0,0.0
47315310556,ROYAL COMMERCE BANK,14/02/2024,IMPS-496074829097-WELLNESS BRANDS INDIA,0.0,0.0,0.0
47315310556,ROYAL COMMERCE BANK,15/02/2024,CASH DEPOSIT-Arun Agarwal,0.0,0.0,0.0
47315310556,ROYAL COMMERCE BANK,15/02/2024,CASH DEPOSIT-Rajesh Sharma,0.0,0.0,0.0
47315310556,ROYAL COMMERCE BANK,15/02/2024,NEFT-841044046064-INDUSTRIAL COMPONENTS INDIA,0.0,0.0,0.0
47315310556,ROYAL COMMERCE BANK,16/02/2024,CLG-FINANCE SOLUTIONS INDIA,0.0,0.0,0.0
47315310556,ROYAL COMMERCE BANK,16/02/2024,NEFT-899367934903-GST PAYMENT-GSTIN,0.0,0.0,0.0
47315310556,ROYAL COMMERCE BANK,17/02/2024,UPI/DR/770036809029/Kavita Kapoor/9233531272@pay,0.0,0.0,0.0
47315310556,ROYAL COMMERCE BANK,17/02/2024,NEFT-351920309052-Kavita Kumar,0.0,0.0,0.0
47315310556,ROYAL COMMERCE BANK,19/02/2024,Dividend Cr-HEALTHCARE PRODUCTS LTD-EQUITY SHARES,0.0,0.0,0.0
47315310556,ROYAL COMMERCE BANK,19/02/2024,CLG-COTTON MILLS CORP,0.0,0.0,0.0
47315310556,ROYAL COMMERCE BANK,20/02/2024,NEFT Dr-565636612281-GST PAYMENT-GSTIN 79C7355,0.0,0.0,0.0
47315310556,ROYAL COMMERCE BANK,21/02/2024,RTGS-ICICR996927088381-Rohit Joshi,0.0,0.0,0.0
47315310556,ROYAL COMMERCE BANK,22/02/2024,NEFT-839306398766-LOAN DISBURSEMENT-FINANCE SOLUTIONS INDIA,0.0,0.0,0.0
47315310556,ROYAL COMMERCE BANK,22/02/2024,IMPS-258873137103-URBAN ESTATES INDIA,0.0,0.0,0.0
47315310556,ROYAL COMMERCE BANK,22/02/2024,NEFT-292874630203-SOFTWAVE TECHNOLOGIES,0.0,0.0,0.0
47315310556,ROYAL COMMERCE BANK,24/02/2024,UPI/DR/699041356027/Simran Agarwal/9692041230@pay,0.0,0.0,0.0
47315310556,ROYAL COMMERCE BANK,24/02/2024,CASH DEPOSIT-Priya Singh,0.0,0.0,0.0
47315310556,ROYAL COMMERCE BANK,27/02/2024,UPI/CR/830086239675/Amit Kapoor/9804622080@pay,0.0,0.0,0.0
47315310556,ROYAL COMMERCE BANK,27/02/2024,CHQ PAID-Neha Kumar-MICR,0.0,0.0,0.0
47315310556,ROYAL COMMERCE BANK,28/02/2024,NEFT-166350489738-TECHVISION SYSTEMS,0.0,0.0,0.0
47315310556,ROYAL COMMERCE BANK,28/02/2024,CHQ PAID-Suresh Verma-MICR,0.0,0.0,0.0
47315310556,ROYAL COMMERCE BANK,28/02/2024,Service Charges-Statement Charges,0.0,0.0,0.0
47315310556,ROYAL COMMERCE BANK,28/02/2024,Service Charges-Account Maintenance,0.0,0.0,0.0
47315310556,ROYAL COMMERCE BANK,01/03/2024,ATM WDL-93072,0.0,0.0,0.0
47315310556,ROYAL COMMERCE BANK,02/03/2024,CHQ PAID-Anjali Singh-MICR,0.0,0.0,0.0
47315310556,ROYAL COMMERCE BANK,04/03/2024,FAILED-INSUFFICIENT FUNDS-IMPS-502883403266-Amit Gupta,0.0,0.0,0.0
47315310556,ROYAL COMMERCE BANK,04/03/2024,CHQ PAID-Simran Joshi-MICR,0.0,0.0,0.0
47315310556,ROYAL COMMERCE BANK,04/03/2024,IMPS-353364822419-Karan Kapoor,0.0,0.0,0.0
47315310556,ROYAL COMMERCE BANK,05/03/2024,UPI/CR/995805032478/Rajesh Singh/9694660728@pay,0.0,0.0,0.0
47315310556,ROYAL COMMERCE BANK,06/03/2024,NEFT-322430200864-Priya Sharma,0.0,0.0,0.0
47315310556,ROYAL COMMERCE BANK,06/03/2024,NEFT-551540578808-Rajesh Kumar,0.0,0.0,0.0
47315310556,ROYAL COMMERCE BANK,06/03/2024,RTGS-ICICR646026863427-MOTOR INDUSTRIES LTD,0.0,0.0,0.0
47315310556,ROYAL COMMERCE BANK,06/03/2024,NEFT-792651833744-FINANCE SOLUTIONS INDIA,0.0,0.0,0.0
47315310556,ROYAL COMMERCE BANK,07/03/2024,NEFT-625801394140-LOAN DISBURSEMENT-INVESTMENT SERVICES INDIA,0.0,0.0,0.0
47315310556,ROYAL COMMERCE BANK,07/03/2024,NEFT-715776655236-METROPOLITAN BUILDERS,0.0,0.0,0.0
47315310556,ROYAL COMMERCE BANK,07/03/2024,FAILED-INSUFFICIENT FUNDS-UPI/DR/637379752099/Rohit Kumar/7905605165@pay,0.0,0.0,0.0
47315310556,ROYAL COMMERCE BANK,07/03/2024,NEFT-491111225309-Karan Malhotra,0.0,0.0,0.0
47315310556,ROYAL COMMERCE BANK,09/03/2024,UPI/CR/814717197522/Priya Sharma/6349160485@pay,0.0,0.0,0.0
47315310556,ROYAL COMMERCE BANK,09/03/2024,CLG-NETFORGE TECHNOLOGIES,0.0,0.0,0.0
47315310556,ROYAL COMMERCE BANK,11/03/2024,UPI/CR/917115118073/Anjali Malhotra/6272434619@pay,0.0,0.0,0.0
47315310556,ROYAL COMMERCE BANK,11/03/2024,ATM WDL-93261,0.0,0.0,0.0
47315310556,ROYAL COMMERCE BANK,11/03/2024,ATM WDL-86136,0.0,0.0,0.0
47315310556,ROYAL COMMERCE BANK,13/03/2024,NEFT-257422317144-TECHVISION SYSTEMS,0.0,0.0,0.0
47315310556,ROYAL COMMERCE BANK,13/03/2024,NEFT-658274489380-CREDIT SERVICES LTD,0.0,0.0,0.0
47315310556,ROYAL COMMERCE BANK,14/03/2024,CASH DEPOSIT-Rohit Malhotra,0.0,0.0,0.0
47315310556,ROYAL COMMERCE BANK,14/03/2024,IMPS-907425690627-TECHVISION SYSTEMS,0.0,0.0,0.0
47315310556,ROYAL COMMERCE BANK,15/03/2024,CHQ PAID-Priya Gupta-MICR,0.0,0.0,0.0
47315310556,ROYAL COMMERCE BANK,15/03/2024,UPI/CR/333345016689/Suresh Gupta/6043527835@pay,0.0,0.0,0.0
47315310556,ROYAL COMMERCE BANK,15/03/2024,Dividend Cr-APEX HEAVY INDUSTRIES-EQUITY SHARES,0.0,0.0,0.0
47315310556,ROYAL COMMERCE BANK,16/03/2024,CLG-NETPULSE SYSTEMS,0.0,0.0,0.0
47315310556,ROYAL COMMERCE BANK,19/03/2024,NEFT-537786721337-GST PAYMENT-GSTIN,0.0,0.0,0.0
47315310556,ROYAL COMMERCE BANK,20/03/2024,RTGS-ICICR706462040603-GATEWAY PROJECTS LTD,0.0,0.0,0.0
47315310556,ROYAL COMMERCE BANK,20/03/2024,NEFT-651407848768-NETPULSE SYSTEMS,0.0,0.0,0.0
47315310556,ROYAL COMMERCE BANK,20/03/2024,NEFT Dr-441237984671-GST PAYMENT-GSTIN 16B2030,0.0,0.0,0.0
47315310556,ROYAL COMMERCE BANK,21/03/2024,CASH WITHDRAWAL-Rajesh Kumar,0.0,0.0,0.0
47315310556,ROYAL COMMERCE BANK,22/03/2024,UPI/DR/617594048964/Simran Agarwal/6320914248@pay,0.0,0.0,0.0
47315310556,ROYAL COMMERCE BANK,23/03/2024,UPI/DR/228030357243/Pooja Malhotra/8312745300@pay,0.0,0.0,0.0
47315310556,ROYAL COMMERCE BANK,23/03/2024,IMPS-601019522905-Vikram Malhotra,0.0,0.0,0.0
47315310556,ROYAL COMMERCE BANK,23/03/2024,CLG-HOUSING DEVELOPERS CORP,0.0,0.0,0.0
47315310556,ROYAL COMMERCE BANK,26/03/2024,IMPS-318211531275-CREDIT SERVICES LTD,0.0,0.0,0.0
47315310556,ROYAL COMMERCE BANK,26/03/2024,SERVICE CHARGES-Online Banking Charges,0.0,0.0,0.0
47315310556,ROYAL COMMERCE BANK,26/03/2024,NEFT-345133862330-Pooja Malhotra,0.0,0.0,0.0
47315310556,ROYAL COMMERCE BANK,27/03/2024,CHQ PAID-Rohit Kapoor-MICR,0.0,0.0,0.0
47315310556,ROYAL COMMERCE BANK,27/03/2024,CASH DEPOSIT-Vikram Kumar,0.0,0.0,0.0
47315310556,ROYAL COMMERCE BANK,27/03/2024,IMPS-775135860565-FINANCE SOLUTIONS INDIA,0.0,0.0,0.0
47315310556,ROYAL COMMERCE BANK,27/03/2024,IMPS-248144612228-Priya Verma,0.0,0.0,0.0
47315310556,ROYAL COMMERCE BANK,28/03/2024,NEFT-788865045299-Priya Kumar,0.0,0.0,0.0
47315310556,ROYAL COMMERCE BANK,28/03/2024,CLG-APEX HEAVY INDUSTRIES,0.0,0.0,0.0
47315310556,ROYAL COMMERCE BANK,28/03/2024,Service Charges-Demat Account AMC,0.0,0.0,0.0
47315310556,ROYAL COMMERCE BANK,28/03/2024,Service Charges-Online Banking Charges,0.0,0.0,0.0
47315310556,ROYAL COMMERCE BANK,30/03/2024,IMPS-634206463794-Arun Kapoor,0.0,0.0,0.0
47315310556,ROYAL COMMERCE BANK,30/03/2024,NEFT-254095865030-Neha Mehta,0.0,0.0,0.0
59656434555,ZENITH BANK OF INDIA,02/01/2024,IMPS-985090131949-HIGHWAY DEVELOPERS INDIA,0.0,0.0,0.0
59656434555,ZENITH BANK OF INDIA,02/01/2024,CLG-SUPPLY CHAIN CORP,0.0,0.0,0.0
59656434555,ZENITH BANK OF INDIA,03/01/2024,IMPS-552224823532-EXPRESS LOGISTICS INDIA,0.0,0.0,0.0
59656434555,ZENITH BANK OF INDIA,04/01/2024,NEFT-596298169948-PREMIUM INFRASTRUCTURE,0.0,0.0,0.0
59656434555,ZENITH BANK OF INDIA,05/01/2024,CLG-GATEWAY PROJECTS LTD,0.0,0.0,0.0
59656434555,ZENITH BANK OF INDIA,05/01/2024,NEFT-269134761376-Priya Pillai,0.0,0.0,0.0
59656434555,ZENITH BANK OF INDIA,05/01/2024,SERVICE CHARGES-Demat Account AMC,0.0,0.0,0.0
59656434555,ZENITH BANK OF INDIA,06/01/2024,NEFT-262124277917-FASHION TEXTILES LTD,0.0,0.0,0.0
59656434555,ZENITH BANK OF INDIA,08/01/2024,NEFT-769836040440-SOFTWAVE TECHNOLOGIES,0.0,0.0,0.0
59656434555,ZENITH BANK OF INDIA,08/01/2024,CHQ PAID-Srinivas Nair-MICR,0.0,0.0,0.0
59656434555,ZENITH BANK OF INDIA,08/01/2024,IMPS-445661286780-SOFTWAVE TECHNOLOGIES,0.0,0.0,0.0
59656434555,ZENITH BANK OF INDIA,08/01/2024,NEFT-519844249306-RETAIL SOLUTIONS INDIA,0.0,0.0,0.0
59656434555,ZENITH BANK OF INDIA,08/01/2024,NEFT-640263890480-CONSTRUCTION SOLUTIONS LTD,0.0,0.0,0.0
59656434555,ZENITH BANK OF INDIA,08/01/2024,FAILED-INSUFFICIENT FUNDS-RTGS-ICICR891782617025-Priya Menon,0.0,0.0,0.0
59656434555,ZENITH BANK OF INDIA,09/01/2024,NEFT-251400582412-Ramesh Menon,0.0,0.0,0.0
59656434555,ZENITH BANK OF INDIA,09/01/2024,CLG-DIGITAL SOLUTIONS INDIA,0.0,0.0,0.0
59656434555,ZENITH BANK OF INDIA,10/01/2024,CHQ PAID-Ganesh Pillai-MICR,0.0,0.0,0.0
59656434555,ZENITH BANK OF INDIA,10/01/2024,CASH DEPOSIT-Lakshmi Reddy,0.0,0.0,0.0
59656434555,ZENITH BANK OF INDIA,10/01/2024,CHQ PAID-Karthik Iyer-MICR,0.0,0.0,0.0
59656434555,ZENITH BANK OF INDIA,11/01/2024,CLG-REALTY VENTURES LTD,0.0,0.0,0.0
59656434555,ZENITH BANK OF INDIA,11/01/2024,UPI/CR/424960530267/Srinivas Reddy/7317549013@pay,0.0,0.0,0.0
59656434555,ZENITH BANK OF INDIA,12/01/2024,RTGS-ICICR637136397038-GATEWAY PROJECTS LTD,0.0,0.0,0.0
59656434555,ZENITH BANK OF INDIA,12/01/2024,RTGS-ICICR438734663132-Kavitha Iyer,0.0,0.0,0.0
59656434555,ZENITH BANK OF INDIA,13/01/2024,RTGS-ICICR998585027298-THERMAL SYSTEMS LTD,0.0,0.0,0.0
59656434555,ZENITH BANK OF INDIA,13/01/2024,IMPS-699013196376-CONSTRUCTION SOLUTIONS LTD,0.0,0.0,0.0
59656434555,ZENITH BANK OF INDIA,15/01/2024,RTGS-ICICR340015397843-PERSONAL CARE LTD,0.0,0.0,0.0
59656434555,ZENITH BANK OF INDIA,15/01/2024,NEFT Dr-524973253250-CLOUD SUBSCRIPTION,0.0,0.0,0.0
59656434555,ZENITH BANK OF INDIA,15/01/2024,CASH DEPOSIT-Venkatesh Murthy,0.0,0.0,0.0
59656434555,ZENITH BANK OF INDIA,16/01/2024,NEFT-216507573554-Subramaniam Krishnan,0.0,0.0,0.0
59656434555,ZENITH BANK OF INDIA,17/01/2024,CHQ PAID-Priya Reddy-MICR,0.0,0.0,0.0
59656434555,ZENITH BANK OF INDIA,17/01/2024,ATM WDL-59011,0.0,0.0,0.0
59656434555,ZENITH BANK OF INDIA,17/01/2024,NEFT-351902761432-Karthik Murthy,0.0,0.0,0.0
59656434555,ZENITH BANK OF INDIA,19/01/2024,NEFT Dr-272737249070-SOFTWARE SUBSCRIPTION,0.0,0.0,0.0
59656434555,ZENITH BANK OF INDIA,20/01/2024,NEFT Dr-737623124359-GST PAYMENT-GSTIN 47C7262,0.0,0.0,0.0
59656434555,ZENITH BANK OF INDIA,20/01/2024,UPI/DR/244541074023/Anitha Naidu/9611926351@pay,0.0,0.0,0.0
59656434555,ZENITH BANK OF INDIA,20/01/2024,IMPS-887337490952-Subramaniam Pillai,0.0,0.0,0.0
59656434555,ZENITH BANK OF INDIA,22/01/2024,CASH WITHDRAWAL-Ramesh Nair,0.0,0.0,0.0
59656434555,ZENITH BANK OF INDIA,23/01/2024,CASH WITHDRAWAL-Anitha Nair,0.0,0.0,0.0
59656434555,ZENITH BANK OF INDIA,23/01/2024,IMPS-183286728024-INFOCORE TECHNOLOGIES,0.0,0.0,0.0
59656434555,ZENITH BANK OF INDIA,24/01/2024,CASH WITHDRAWAL-Priya Krishnan,0.0,0.0,0.0
59656434555,ZENITH BANK OF INDIA,24/01/2024,CASH WITHDRAWAL-Ganesh Iyer,0.0,0.0,0.0
59656434555,ZENITH BANK OF INDIA,25/01/2024,RTGS-ICICR972871439332-Lakshmi Krishnan,0.0,0.0,0.0
59656434555,ZENITH BANK OF INDIA,25/01/2024,CHQ PAID-Ramesh Iyer-MICR,0.0,0.0,0.0
59656434555,ZENITH BANK OF INDIA,27/01/2024,NEFT-412436866943-Ramesh Menon,0.0,0.0,0.0
59656434555,ZENITH BANK OF INDIA,27/01/2024,CLG-LIFELINE PHARMACEUTICAL,0.0,0.0,0.0
59656434555,ZENITH BANK OF INDIA,27/01/2024,CLG-URBAN ESTATES INDIA,0.0,0.0,0.0
59656434555,ZENITH BANK OF INDIA,29/01/2024,NEFT-188566946613-Anitha Nair,0.0,0.0,0.0
59656434555,ZENITH BANK OF INDIA,29/01/2024,IMPS-713621912848-THERMAL SYSTEMS LTD,0.0,0.0,0.0
59656434555,ZENITH BANK OF INDIA,29/01/2024,NEFT-298201120209-WELLNESS BRANDS INDIA,0.0,0.0,0.0
59656434555,ZENITH BANK OF INDIA,30/01/2024,NEFT-693389761608-APEX HEAVY INDUSTRIES,0.0,0.0,0.0
59656434555,ZENITH BANK OF INDIA,30/01/2024,CASH WITHDRAWAL-Kavitha Murthy,0.0,0.0,0.0
59656434555,ZENITH BANK OF INDIA,30/01/2024,RTGS-ICICR250448451064-Ramesh Menon,0.0,0.0,0.0
59656434555,ZENITH BANK OF INDIA,31/01/2024,IMPS-635297883791-MOTOR INDUSTRIES LTD,0.0,0.0,0.0
59656434555,ZENITH BANK OF INDIA,31/01/2024,UPI/CR/637258669499/Srinivas Nair/8592278750@pay,0.0,0.0,0.0
59656434555,ZENITH BANK OF INDIA,01/02/2024,UPI/DR/225680220191/Kavitha Nair/7370007788@pay,0.0,0.0,0.0
59656434555,ZENITH BANK OF INDIA,02/02/2024,UPI/CR/621621281004/Priya Pillai/8103932278@pay,0.0,0.0,0.0
59656434555,ZENITH BANK OF INDIA,02/02/2024,IMPS-736972864228-THERMAL SYSTEMS LTD,0.0,0.0,0.0
59656434555,ZENITH BANK OF INDIA,02/02/2024,CHQ PAID-Priya Iyer-MICR,0.0,0.0,0.0
59656434555,ZENITH BANK OF INDIA,02/02/2024,Dividend Cr-DAILY NEEDS LIMITED-EQUITY SHARES,0.0,0.0,0.0
59656434555,ZENITH BANK OF INDIA,03/02/2024,NEFT-350913966200-DATABRIDGE INFOTECH,0.0,0.0,0.0
59656434555,ZENITH BANK OF INDIA,03/02/2024,REVERSAL-IMPS-635297883791-MOTOR INDUSTRIES LTD,0.0,0.0,0.0
59656434555,ZENITH BANK OF INDIA,05/02/2024,CASH DEPOSIT-Ganesh Murthy,0.0,0.0,0.0
59656434555,ZENITH BANK OF INDIA,05/02/2024,CASH DEPOSIT-Srinivas Murthy,0.0,0.0,0.0
59656434555,ZENITH BANK OF INDIA,05/02/2024,RTGS-ICICR368052865626-METROPOLITAN BUILDERS,0.0,0.0,0.0
59656434555,ZENITH BANK OF INDIA,06/02/2024,CASH WITHDRAWAL-Kavitha Rao,0.0,0.0,0.0
59656434555,ZENITH BANK OF INDIA,06/02/2024,NEFT-932317640405-MOTOR INDUSTRIES LTD,0.0,0.0,0.0
59656434555,ZENITH BANK OF INDIA,07/02/2024,NEFT Dr-379112102275-UTILITY SUBSCRIPTION,0.0,0.0,0.0
59656434555,ZENITH BANK OF INDIA,07/02/2024,NEFT-702698684475-Lakshmi Pillai,0.0,0.0,0.0
59656434555,ZENITH BANK OF INDIA,09/02/2024,RTGS-ICICR928763515794-THERMAL SYSTEMS LTD,0.0,0.0,0.0
59656434555,ZENITH BANK OF INDIA,09/02/2024,ATM WDL-91766,0.0,0.0,0.0
59656434555,ZENITH BANK OF INDIA,09/02/2024,RTGS-ICICR258297348472-Kavitha Naidu,0.0,0.0,0.0
59656434555,ZENITH BANK OF INDIA,09/02/2024,CASH WITHDRAWAL-Priya Iyer,0.0,0.0,0.0
59656434555,ZENITH BANK OF INDIA,09/02/2024,SERVICE CHARGES-Demat Account AMC,0.0,0.0,0.0
59656434555,ZENITH BANK OF INDIA,10/02/2024,NEFT-569230014682-Srinivas Iyer,0.0,0.0,0.0
59656434555,ZENITH BANK OF INDIA,12/02/2024,NEFT-765886432919-Karthik Murthy,0.0,0.0,0.0
59656434555,ZENITH BANK OF INDIA,13/02/2024,NEFT-685922506060-TECHVISION SYSTEMS,0.0,0.0,0.0
59656434555,ZENITH BANK OF INDIA,14/02/2024,IMPS-176232164717-GATEWAY PROJECTS LTD,0.0,0.0,0.0
59656434555,ZENITH BANK OF INDIA,15/02/2024,NEFT Dr-753902271003-INSURANCE SUBSCRIPTION,0.0,0.0,0.0
59656434555,ZENITH BANK OF INDIA,15/02/2024,IMPS-548266276756-Priya Rao,0.0,0.0,0.0
59656434555,ZENITH BANK OF INDIA,16/02/2024,CHQ PAID-Priya Nair-MICR,0.0,0.0,0.0
59656434555,ZENITH BANK OF INDIA,16/02/2024,IMPS-486039813767-MOTOR INDUSTRIES LTD,0.0,0.0,0.0
59656434555,ZENITH BANK OF INDIA,19/02/2024,IMPS-182572073869-THERMAL SYSTEMS LTD,0.0,0.0,0.0
59656434555,ZENITH BANK OF INDIA,19/02/2024,NEFT Dr-855799459643-CLOUD SUBSCRIPTION,0.0,0.0,0.0
59656434555,ZENITH BANK OF INDIA,19/02/2024,CLG-GATEWAY PROJECTS LTD,0.0,0.0,0.0
59656434555,ZENITH BANK OF INDIA,19/02/2024,CHQ PAID-Priya Rao-MICR,0.0,0.0,0.0
59656434555,ZENITH BANK OF INDIA,20/02/2024,NEFT-625544764499-Srinivas Pillai,0.0,0.0,0.0
59656434555,ZENITH BANK OF INDIA,20/02/2024,NEFT Dr-963568705001-GST PAYMENT-GSTIN 52D4091,0.0,0.0,0.0
59656434555,ZENITH BANK OF INDIA,20/02/2024,SERVICE CHARGES-Online Banking Charges,0.0,0.0,0.0
59656434555,ZENITH BANK OF INDIA,21/02/2024,CASH WITHDRAWAL-Ganesh Reddy,0.0,0.0,0.0
59656434555,ZENITH BANK OF INDIA,21/02/2024,IMPS-545682597257-URBAN ESTATES INDIA,0.0,0.0,0.0
59656434555,ZENITH BANK OF INDIA,21/02/2024,SERVICE CHARGES-NEFT/RTGS Charges,0.0,0.0,0.0
59656434555,ZENITH BANK OF INDIA,21/02/2024,CHQ PAID-Srinivas Pillai-MICR,0.0,0.0,0.0
59656434555,ZENITH BANK OF INDIA,22/02/2024,NEFT-830943397927-Subramaniam Krishnan,0.0,0.0,0.0
59656434555,ZENITH BANK OF INDIA,22/02/2024,NEFT-916927648911-Ramesh Iyer,0.0,0.0,0.0
59656434555,ZENITH BANK OF INDIA,23/02/2024,CLG-DATABRIDGE INFOTECH,0.0,0.0,0.0
59656434555,ZENITH BANK OF INDIA,23/02/2024,CHQ PAID-Srinivas Menon-MICR,0.0,0.0,0.0
59656434555,ZENITH BANK OF INDIA,24/02/2024,NEFT-132898990675-FINANCE SOLUTIONS INDIA,0.0,0.0,0.0
59656434555,ZENITH BANK OF INDIA,24/02/2024,CHQ PAID-Subramaniam Menon-MICR,0.0,0.0,0.0
59656434555,ZENITH BANK OF INDIA,26/02/2024,SERVICE CHARGES-NEFT/RTGS Charges,0.0,0.0,0.0
59656434555,ZENITH BANK OF INDIA,26/02/2024,UPI/DR/296871519897/Ramesh Iyer/7354761753@pay,0.0,0.0,0.0
59656434555,ZENITH BANK OF INDIA,27/02/2024,CLG-WELLNESS BRANDS INDIA,0.0,0.0,0.0
59656434555,ZENITH BANK OF INDIA,27/02/2024,CASH DEPOSIT-Ramesh Reddy,0.0,0.0,0.0
59656434555,ZENITH BANK OF INDIA,27/02/2024,CASH DEPOSIT-Venkatesh Rao,0.0,0.0,0.0
59656434555,ZENITH BANK OF INDIA,27/02/2024,NEFT-823009846115-FASHION TEXTILES LTD,0.0,0.0,0.0
59656434555,ZENITH BANK OF INDIA,28/02/2024,RTGS-ICICR368563612436-Kavitha Krishnan,0.0,0.0,0.0
59656434555,ZENITH BANK OF INDIA,28/02/2024,Service Charges-NEFT/RTGS Charges,0.0,0.0,0.0
59656434555,ZENITH BANK OF INDIA,28/02/2024,Service Charges-SMS Alert Charges,0.0,0.0,0.0
59656434555,ZENITH BANK OF INDIA,28/02/2024,Service Charges-Foreign Currency Markup,0.0,0.0,0.0
59656434555,ZENITH BANK OF INDIA,01/03/2024,NEFT-144164375510-PREMIUM INFRASTRUCTURE,0.0,0.0,0.0
59656434555,ZENITH BANK OF INDIA,01/03/2024,CLG-CYBERCRAFT SYSTEMS,0.0,0.0,0.0
59656434555,ZENITH BANK OF INDIA,01/03/2024,RTGS-ICICR365880865128-Lakshmi Pillai,0.0,0.0,0.0
59656434555,ZENITH BANK OF INDIA,04/03/2024,NEFT-100512954351-CLOUDTECH SERVICES,0.0,0.0,0.0
59656434555,ZENITH BANK OF INDIA,04/03/2024,NEFT-201672015543-URBAN CONSTRUCTIONS,0.0,0.0,0.0
59656434555,ZENITH BANK OF INDIA,04/03/2024,CHQ PAID-Ganesh Krishnan-MICR,0.0,0.0,0.0
59656434555,ZENITH BANK OF INDIA,05/03/2024,NEFT-758547087302-SOFTWAVE TECHNOLOGIES,0.0,0.0,0.0
59656434555,ZENITH BANK OF INDIA,05/03/2024,IMPS-336219205853-COTTON MILLS CORP,0.0,0.0,0.0
59656434555,ZENITH BANK OF INDIA,06/03/2024,IMPS-217546133643-CONSUMER PRODUCTS INDIA,0.0,0.0,0.0
59656434555,ZENITH BANK OF INDIA,06/03/2024,IMPS-166498808521-FABRIC INDUSTRIES INDIA,0.0,0.0,0.0
59656434555,ZENITH BANK OF INDIA,07/03/2024,NEFT Dr-383160850028-INSURANCE SUBSCRIPTION,0.0,0.0,0.0
59656434555,ZENITH BANK OF INDIA,07/03/2024,NEFT-897025404085-CODEBASE SOLUTIONS,0.0,0.0,0.0
59656434555,ZENITH BANK OF INDIA,07/03/2024,Dividend Cr-WEBSTREAM LIMITED-EQUITY SHARES,0.0,0.0,0.0
59656434555,ZENITH BANK OF INDIA,07/03/2024,IMPS-686990740269-APEX HEAVY INDUSTRIES,0.0,0.0,0.0
59656434555,ZENITH BANK OF INDIA,09/03/2024,CASH WITHDRAWAL-Ramesh Murthy,0.0,0.0,0.0
59656434555,ZENITH BANK OF INDIA,09/03/2024,NEFT-835043858641-INFOCORE TECHNOLOGIES,0.0,0.0,0.0
59656434555,ZENITH BANK OF INDIA,09/03/2024,CHQ PAID-Venkatesh Naidu-MICR,0.0,0.0,0.0
59656434555,ZENITH BANK OF INDIA,11/03/2024,IMPS-686291289629-HOUSING DEVELOPERS CORP,0.0,0.0,0.0
59656434555,ZENITH BANK OF INDIA,11/03/2024,RTGS-ICICR217909892700-REALTY VENTURES LTD,0.0,0.0,0.0
59656434555,ZENITH BANK OF INDIA,12/03/2024,RTGS-ICICR580465871270-FOOD INDUSTRIES CORP,0.0,0.0,0.0
59656434555,ZENITH BANK OF INDIA,13/03/2024,CASH WITHDRAWAL-Subramaniam Murthy,0.0,0.0,0.0
59656434555,ZENITH BANK OF INDIA,14/03/2024,ATM WDL-63939,0.0,0.0,0.0
59656434555,ZENITH BANK OF INDIA,15/03/2024,NEFT Dr-708894692670-CLOUD SUBSCRIPTION,0.0,0.0,0.0
59656434555,ZENITH BANK OF INDIA,15/03/2024,UPI/DR/231586756213/Subramaniam Reddy/7113128052@pay,0.0,0.0,0.0
59656434555,ZENITH BANK OF INDIA,15/03/2024,Dividend Cr-INVESTMENT SERVICES INDIA-EQUITY SHARES,0.0,0.0,0.0
59656434555,ZENITH BANK OF INDIA,15/03/2024,IMPS-138981128737-Venkatesh Murthy,0.0,0.0,0.0
59656434555,ZENITH BANK OF INDIA,15/03/2024,CASH WITHDRAWAL-Subramaniam Iyer,0.0,0.0,0.0
59656434555,ZENITH BANK OF INDIA,16/03/2024,IMPS-148738542459-Kavitha Naidu,0.0,0.0,0.0
59656434555,ZENITH BANK OF INDIA,16/03/2024,RTGS-ICICR892655258016-Lakshmi Murthy,0.0,0.0,0.0
59656434555,ZENITH BANK OF INDIA,18/03/2024,UPI/CR/955239407766/Subramaniam Naidu/7562499636@pay,0.0,0.0,0.0
59656434555,ZENITH BANK OF INDIA,19/03/2024,NEFT Dr-485587841319-CLOUD SUBSCRIPTION,0.0,0.0,0.0
59656434555,ZENITH BANK OF INDIA,19/03/2024,UPI/CR/385203038830/Subramaniam Pillai/9597340216@pay,0.0,0.0,0.0
59656434555,ZENITH BANK OF INDIA,19/03/2024,UPI/DR/749076844037/Ganesh Naidu/7411486611@pay,0.0,0.0,0.0
59656434555,ZENITH BANK OF INDIA,20/03/2024,NEFT-344251363968-HOUSING DEVELOPERS CORP,0.0,0.0,0.0
59656434555,ZENITH BANK OF INDIA,20/03/2024,NEFT Dr-196749673656-GST PAYMENT-GSTIN 57A1078,0.0,0.0,0.0
59656434555,ZENITH BANK OF INDIA,21/03/2024,RTGS-ICICR225172908562-URBAN CONSTRUCTIONS,0.0,0.0,0.0
59656434555,ZENITH BANK OF INDIA,22/03/2024,ATM WDL-35542,0.0,0.0,0.0
59656434555,ZENITH BANK OF INDIA,22/03/2024,UPI/CR/181368622350/Lakshmi Nair/8733689696@pay,0.0,0.0,0.0
59656434555,ZENITH BANK OF INDIA,22/03/2024,CHQ PAID-Karthik Naidu-MICR,0.0,0.0,0.0
59656434555,ZENITH BANK OF INDIA,22/03/2024,NEFT-749092278245-Lakshmi Iyer,0.0,0.0,0.0
59656434555,ZENITH BANK OF INDIA,22/03/2024,CHQ PAID-Kavitha Iyer-MICR,0.0,0.0,0.0
59656434555,ZENITH BANK OF INDIA,23/03/2024,IMPS-717513835040-INVESTMENT SERVICES INDIA,0.0,0.0,0.0
59656434555,ZENITH BANK OF INDIA,23/03/2024,CASH WITHDRAWAL-Venkatesh Nair,0.0,0.0,0.0
59656434555,ZENITH BANK OF INDIA,26/03/2024,NEFT-334219279559-Srinivas Naidu,0.0,0.0,0.0
59656434555,ZENITH BANK OF INDIA,26/03/2024,CASH WITHDRAWAL-Lakshmi Rao,0.0,0.0,0.0
59656434555,ZENITH BANK OF INDIA,26/03/2024,IMPS-549473481931-INDUSTRIAL COMPONENTS INDIA,0.0,0.0,0.0
59656434555,ZENITH BANK OF INDIA,26/03/2024,FAILED-INSUFFICIENT FUNDS-UPI/DR/923096447771/Ramesh Reddy/6038241576@pay,0.0,0.0,0.0
59656434555,ZENITH BANK OF INDIA,26/03/2024,RTGS-ICICR968369164210-WEBSTREAM LIMITED,0.0,0.0,0.0
59656434555,ZENITH BANK OF INDIA,27/03/2024,Dividend Cr-CLOUDTECH SERVICES-EQUITY SHARES,0.0,0.0,0.0
59656434555,ZENITH BANK OF INDIA,27/03/2024,SERVICE CHARGES-SMS Alert Charges,0.0,0.0,0.0
59656434555,ZENITH BANK OF INDIA,28/03/2024,CASH WITHDRAWAL-Anitha Menon,0.0,0.0,0.0
59656434555,ZENITH BANK OF INDIA,28/03/2024,ATM WDL-51908,0.0,0.0,0.0
59656434555,ZENITH BANK OF INDIA,28/03/2024,RTGS-ICICR692865445120-Kavitha Rao,0.0,0.0,0.0
59656434555,ZENITH BANK OF INDIA,28/03/2024,Service Charges-Cheque Book Charges,0.0,0.0,0.0
59656434555,ZENITH BANK OF INDIA,28/03/2024,Service Charges-Online Banking Charges,0.0,0.0,0.0
59656434555,ZENITH BANK OF INDIA,30/03/2024,CHQ PAID-Srinivas Naidu-MICR,0.0,0.0,0.0
59656434555,ZENITH BANK OF INDIA,30/03/2024,RTGS-ICICR917842463888-COTTON MILLS CORP,0.0,0.0,0.0
59656434555,ZENITH BANK OF INDIA,30/03/2024,NEFT-980695797952-RETAIL SOLUTIONS INDIA,0.0,0.0,0.0
59656434555,ZENITH BANK OF INDIA,30/03/2024,IMPS-113081904066-WELLNESS BRANDS INDIA,0.0,0.0,0.0
59656434555,ZENITH BANK OF INDIA,30/03/2024,SERVICE CHARGES-Statement Charges,0.0,0.0,0.0
51632953636,VELOCITY BANKING CORPORATION,01/01/2024,UPI/CR/438435754742/Subramaniam Reddy/7891743708@pay,0.0,0.0,0.0
51632953636,VELOCITY BANKING CORPORATION,02/01/2024,NEFT-742231098306-METROPOLITAN BUILDERS,0.0,0.0,0.0
51632953636,VELOCITY BANKING CORPORATION,02/01/2024,CLG-MINDWAVE CONSULTING,0.0,0.0,0.0
51632953636,VELOCITY BANKING CORPORATION,03/01/2024,ATM WDL-89748,0.0,0.0,0.0
51632953636,VELOCITY BANKING CORPORATION,03/01/2024,UPI/CR/485202100814/Ganesh Murthy/8511974935@pay,0.0,0.0,0.0
51632953636,VELOCITY BANKING CORPORATION,04/01/2024,NEFT-690434934365-GST PAYMENT-GSTIN,0.0,0.0,0.0
51632953636,VELOCITY BANKING CORPORATION,04/01/2024,NEFT-543947486821-RETAIL SOLUTIONS INDIA,0.0,0.0,0.0
51632953636,VELOCITY BANKING CORPORATION,04/01/2024,CHQ PAID-Ramesh Rao-MICR,0.0,0.0,0.0
51632953636,VELOCITY BANKING CORPORATION,05/01/2024,CASH DEPOSIT-Ganesh Pillai,0.0,0.0,0.0
51632953636,VELOCITY BANKING CORPORATION,05/01/2024,IMPS-768816313655-INFOCORE TECHNOLOGIES,0.0,0.0,0.0
51632953636,VELOCITY BANKING CORPORATION,05/01/2024,CASH DEPOSIT-Priya Menon,0.0,0.0,0.0
51632953636,VELOCITY BANKING CORPORATION,05/01/2024,UPI/DR/804949368766/Ramesh Iyer/9844240822@pay,0.0,0.0,0.0
51632953636,VELOCITY BANKING CORPORATION,08/01/2024,NEFT-416240549528-APEX HEAVY INDUSTRIES,0.0,0.0,0.0
51632953636,VELOCITY BANKING CORPORATION,08/01/2024,CHQ PAID-Anitha Reddy-MICR,0.0,0.0,0.0
51632953636,VELOCITY BANKING CORPORATION,09/01/2024,RTGS-ICICR595185024526-DIGITAL SOLUTIONS INDIA,0.0,0.0,0.0
51632953636,VELOCITY BANKING CORPORATION,10/01/2024,ATM WDL-46174,0.0,0.0,0.0
51632953636,VELOCITY BANKING CORPORATION,10/01/2024,NEFT-973368615286-WELLNESS BRANDS INDIA,0.0,0.0,0.0
51632953636,VELOCITY BANKING CORPORATION,10/01/2024,UPI/CR/249119979156/Subramaniam Krishnan/6974738508@pay,0.0,0.0,0.0
51632953636,VELOCITY BANKING CORPORATION,12/01/2024,CASH DEPOSIT-Srinivas Nair,0.0,0.0,0.0
51632953636,VELOCITY BANKING CORPORATION,15/01/2024,NEFT-271460814055-Karthik Reddy,0.0,0.0,0.0
51632953636,VELOCITY BANKING CORPORATION,16/01/2024,CHQ PAID-Priya Krishnan-MICR,0.0,0.0,0.0
51632953636,VELOCITY BANKING CORPORATION,17/01/2024,CLG-PREMIUM INFRASTRUCTURE,0.0,0.0,0.0
51632953636,VELOCITY BANKING CORPORATION,17/01/2024,UPI/DR/461023552030/Anitha Rao/6869852537@pay,0.0,0.0,0.0
51632953636,VELOCITY BANKING CORPORATION,17/01/2024,SERVICE CHARGES-SMS Alert Charges,0.0,0.0,0.0
51632953636,VELOCITY BANKING CORPORATION,18/01/2024,CHQ PAID-Ramesh Naidu-MICR,0.0,0.0,0.0
51632953636,VELOCITY BANKING CORPORATION,19/01/2024,UPI/DR/343264398695/Karthik Pillai/6723447735@pay,0.0,0.0,0.0
51632953636,VELOCITY BANKING CORPORATION,19/01/2024,CLG-THERMAL SYSTEMS LTD,0.0,0.0,0.0
51632953636,VELOCITY BANKING CORPORATION,19/01/2024,CASH DEPOSIT-Priya Murthy,0.0,0.0,0.0
51632953636,VELOCITY BANKING CORPORATION,19/01/2024,CHQ PAID-Ramesh Naidu-MICR,0.0,0.0,0.0
51632953636,VELOCITY BANKING CORPORATION,20/01/2024,UPI/CR/837519333309/Subramaniam Naidu/9007471976@pay,0.0,0.0,0.0
51632953636,VELOCITY BANKING CORPORATION,20/01/2024,CASH WITHDRAWAL-Kavitha Menon,0.0,0.0,0.0
51632953636,VELOCITY BANKING CORPORATION,22/01/2024,RTGS-ICICR310085647061-METROPOLITAN BUILDERS,0.0,0.0,0.0
51632953636,VELOCITY BANKING CORPORATION,23/01/2024,IMPS-595779793998-Venkatesh Reddy,0.0,0.0,0.0
51632953636,VELOCITY BANKING CORPORATION,23/01/2024,CHQ PAID-Priya Naidu-MICR,0.0,0.0,0.0
51632953636,VELOCITY BANKING CORPORATION,23/01/2024,Dividend Cr-DIGITAL SOLUTIONS INDIA-EQUITY SHARES,0.0,0.0,0.0
51632953636,VELOCITY BANKING CORPORATION,24/01/2024,NEFT-103787635741-GST PAYMENT-GSTIN,0.0,0.0,0.0
51632953636,VELOCITY BANKING CORPORATION,24/01/2024,NEFT-105824652794-Priya Murthy,0.0,0.0,0.0
51632953636,VELOCITY BANKING CORPORATION,24/01/2024,IMPS-591621959354-Karthik Menon,0.0,0.0,0.0
51632953636,VELOCITY BANKING CORPORATION,24/01/2024,NEFT-169107356752-FINANCE SOLUTIONS INDIA,0.0,0.0,0.0
51632953636,VELOCITY BANKING CORPORATION,25/01/2024,IMPS-411867113736-FABRIC INDUSTRIES INDIA,0.0,0.0,0.0
51632953636,VELOCITY BANKING CORPORATION,25/01/2024,NEFT-280353127217-SOFTWAVE TECHNOLOGIES,0.0,0.0,0.0
51632953636,VELOCITY BANKING CORPORATION,25/01/2024,UPI/CR/536412437367/Karthik Murthy/9517543910@pay,0.0,0.0,0.0
51632953636,VELOCITY BANKING CORPORATION,25/01/2024,IMPS-516294917221-Ganesh Murthy,0.0,0.0,0.0
51632953636,VELOCITY BANKING CORPORATION,27/01/2024,NEFT-220351932787-Lakshmi Menon,0.0,0.0,0.0
51632953636,VELOCITY BANKING CORPORATION,29/01/2024,NEFT-808837448660-CONSUMER PRODUCTS INDIA,0.0,0.0,0.0
51632953636,VELOCITY BANKING CORPORATION,29/01/2024,UPI/DR/208754852177/Priya Krishnan/8838030925@pay,0.0,0.0,0.0
51632953636,VELOCITY BANKING CORPORATION,29/01/2024,IMPS-519755977477-URBAN CONSTRUCTIONS,0.0,0.0,0.0
51632953636,VELOCITY BANKING CORPORATION,29/01/2024,CHQ PAID-Ganesh Pillai-MICR,0.0,0.0,0.0
51632953636,VELOCITY BANKING CORPORATION,30/01/2024,IMPS-373350742107-GATEWAY PROJECTS LTD,0.0,0.0,0.0
51632953636,VELOCITY BANKING CORPORATION,31/01/2024,CLG-REALTY VENTURES LTD,0.0,0.0,0.0
51632953636,VELOCITY BANKING CORPORATION,31/01/2024,UPI/DR/724433567677/Ramesh Nair/8080845988@pay,0.0,0.0,0.0
51632953636,VELOCITY BANKING CORPORATION,01/02/2024,NEFT-128848200127-METROPOLITAN BUILDERS,0.0,0.0,0.0
51632953636,VELOCITY BANKING CORPORATION,01/02/2024,CASH WITHDRAWAL-Kavitha Iyer,0.0,0.0,0.0
51632953636,VELOCITY BANKING CORPORATION,01/02/2024,UPI/DR/849357916481/Karthik Menon/8130149171@pay,0.0,0.0,0.0
51632953636,VELOCITY BANKING CORPORATION,02/02/2024,CHQ PAID-Srinivas Menon-MICR,0.0,0.0,0.0
51632953636,VELOCITY BANKING CORPORATION,03/02/2024,NEFT-180627272256-Priya Pillai,0.0,0.0,0.0
51632953636,VELOCITY BANKING CORPORATION,03/02/2024,CLG-CONSUMER PRODUCTS INDIA,0.0,0.0,0.0
51632953636,VELOCITY BANKING CORPORATION,03/02/2024,NEFT-970014766725-Venkatesh Krishnan,0.0,0.0,0.0
51632953636,VELOCITY BANKING CORPORATION,03/02/2024,CASH DEPOSIT-Ramesh Menon,0.0,0.0,0.0
51632953636,VELOCITY BANKING CORPORATION,05/02/2024,IMPS-284276156405-FOOD INDUSTRIES CORP,0.0,0.0,0.0
51632953636,VELOCITY BANKING CORPORATION,05/02/2024,CHQ PAID-Srinivas Naidu-MICR,0.0,0.0,0.0
51632953636,VELOCITY BANKING CORPORATION,05/02/2024,Dividend Cr-PERSONAL CARE LTD-EQUITY SHARES,0.0,0.0,0.0
51632953636,VELOCITY BANKING CORPORATION,06/02/2024,CASH DEPOSIT-Anitha Reddy,0.0,0.0,0.0
51632953636,VELOCITY BANKING CORPORATION,08/02/2024,RTGS-ICICR365852884671-INFOCORE TECHNOLOGIES,0.0,0.0,0.0
51632953636,VELOCITY BANKING CORPORATION,09/02/2024,NEFT-580443970147-Kavitha Reddy,0.0,0.0,0.0
51632953636,VELOCITY BANKING CORPORATION,09/02/2024,UPI/DR/851382890825/Subramaniam Pillai/7759341678@pay,0.0,0.0,0.0
51632953636,VELOCITY BANKING CORPORATION,09/02/2024,NEFT-122551207172-Venkatesh Murthy,0.0,0.0,0.0
51632953636,VELOCITY BANKING CORPORATION,10/02/2024,IMPS-314135991604-Subramaniam Iyer,0.0,0.0,0.0
51632953636,VELOCITY BANKING CORPORATION,10/02/2024,UPI/DR/588172543570/Kavitha Nair/6328053604@pay,0.0,0.0,0.0
51632953636,VELOCITY BANKING CORPORATION,10/02/2024,SERVICE CHARGES-Statement Charges,0.0,0.0,0.0
51632953636,VELOCITY BANKING CORPORATION,12/02/2024,ATM WDL-70629,0.0,0.0,0.0
51632953636,VELOCITY BANKING CORPORATION,12/02/2024,RTGS-ICICR987263418236-Venkatesh Krishnan,0.0,0.0,0.0
51632953636,VELOCITY BANKING CORPORATION,12/02/2024,NEFT-823671550439-LIFELINE PHARMACEUTICAL,0.0,0.0,0.0
51632953636,VELOCITY BANKING CORPORATION,12/02/2024,RTGS-ICICR162017241844-Lakshmi Nair,0.0,0.0,0.0
51632953636,VELOCITY BANKING CORPORATION,12/02/2024,NEFT-664219385509-URBAN CONSTRUCTIONS,0.0,0.0,0.0
51632953636,VELOCITY BANKING CORPORATION,13/02/2024,IMPS-637709929905-GATEWAY PROJECTS LTD,0.0,0.0,0.0
51632953636,VELOCITY BANKING CORPORATION,13/02/2024,UPI/DR/479433816703/Ramesh Pillai/9931918461@pay,0.0,0.0,0.0
51632953636,VELOCITY BANKING CORPORATION,14/02/2024,NEFT-200421068708-Anitha Iyer,0.0,0.0,0.0
51632953636,VELOCITY BANKING CORPORATION,14/02/2024,NEFT-356434883408-INDUSTRIAL COMPONENTS INDIA,0.0,0.0,0.0
51632953636,VELOCITY BANKING CORPORATION,14/02/2024,UPI/CR/777067184749/Ramesh Rao/9665361702@pay,0.0,0.0,0.0
51632953636,VELOCITY BANKING CORPORATION,14/02/2024,UPI/CR/881280483398/Karthik Menon/8186106079@pay,0.0,0.0,0.0
51632953636,VELOCITY BANKING CORPORATION,16/02/2024,RTGS-ICICR165233065624-CYBERCRAFT SYSTEMS,0.0,0.0,0.0
51632953636,VELOCITY BANKING CORPORATION,16/02/2024,CASH WITHDRAWAL-Priya Murthy,0.0,0.0,0.0
51632953636,VELOCITY BANKING CORPORATION,17/02/2024,NEFT-569563030329-MINDWAVE CONSULTING,0.0,0.0,0.0
51632953636,VELOCITY BANKING CORPORATION,17/02/2024,ATM WDL-72198,0.0,0.0,0.0
51632953636,VELOCITY BANKING CORPORATION,19/02/2024,RTGS-ICICR157342668490-NETPULSE SYSTEMS,0.0,0.0,0.0
51632953636,VELOCITY BANKING CORPORATION,19/02/2024,CHQ PAID-Venkatesh Reddy-MICR,0.0,0.0,0.0
51632953636,VELOCITY BANKING CORPORATION,19/02/2024,RTGS-ICICR382539682215-APEX HEAVY INDUSTRIES,0.0,0.0,0.0
51632953636,VELOCITY BANKING CORPORATION,19/02/2024,CASH WITHDRAWAL-Srinivas Krishnan,0.0,0.0,0.0
51632953636,VELOCITY BANKING CORPORATION,20/02/2024,CASH WITHDRAWAL-Ramesh Pillai,0.0,0.0,0.0
51632953636,VELOCITY BANKING CORPORATION,20/02/2024,IMPS-233093915611-CYBERCRAFT SYSTEMS,0.0,0.0,0.0
51632953636,VELOCITY BANKING CORPORATION,21/02/2024,CLG-FABRIC INDUSTRIES INDIA,0.0,0.0,0.0
51632953636,VELOCITY BANKING CORPORATION,23/02/2024,CLG-FASHION TEXTILES LTD,0.0,0.0,0.0
51632953636,VELOCITY BANKING CORPORATION,24/02/2024,NEFT-923056462222-GST PAYMENT-GSTIN,0.0,0.0,0.0
51632953636,VELOCITY BANKING CORPORATION,26/02/2024,UPI/CR/426389801976/Subramaniam Naidu/7853237122@pay,0.0,0.0,0.0
51632953636,VELOCITY BANKING CORPORATION,26/02/2024,RTGS-ICICR530594632417-TECHVISION SYSTEMS,0.0,0.0,0.0
51632953636,VELOCITY BANKING CORPORATION,27/02/2024,CLG-URBAN CONSTRUCTIONS,0.0,0.0,0.0
51632953636,VELOCITY BANKING CORPORATION,27/02/2024,CHQ PAID-Priya Iyer-MICR,0.0,0.0,0.0
51632953636,VELOCITY BANKING CORPORATION,27/02/2024,CHQ PAID-Venkatesh Pillai-MICR,0.0,0.0,0.0
51632953636,VELOCITY BANKING CORPORATION,28/02/2024,Service Charges-Demat Account AMC,0.0,0.0,0.0
51632953636,VELOCITY BANKING CORPORATION,29/02/2024,IMPS-832980265222-Srinivas Krishnan,0.0,0.0,0.0
51632953636,VELOCITY BANKING CORPORATION,29/02/2024,CLG-LIFELINE PHARMACEUTICAL,0.0,0.0,0.0
51632953636,VELOCITY BANKING CORPORATION,01/03/2024,RTGS-ICICR688241939165-Subramaniam Rao,0.0,0.0,0.0
51632953636,VELOCITY BANKING CORPORATION,01/03/2024,SERVICE CHARGES-Cheque Book Charges,0.0,0.0,0.0
51632953636,VELOCITY BANKING CORPORATION,02/03/2024,UPI/DR/353887022825/Kavitha Naidu/8936756920@pay,0.0,0.0,0.0
51632953636,VELOCITY BANKING CORPORATION,04/03/2024,NEFT-900750908568-Ganesh Reddy,0.0,0.0,0.0
51632953636,VELOCITY BANKING CORPORATION,04/03/2024,UPI/DR/308453559021/Karthik Menon/6706045751@pay,0.0,0.0,0.0
51632953636,VELOCITY BANKING CORPORATION,04/03/2024,RTGS-ICICR636226637993-DATABRIDGE INFOTECH,0.0,0.0,0.0
51632953636,VELOCITY BANKING CORPORATION,05/03/2024,RTGS-ICICR925263848451-Ganesh Menon,0.0,0.0,0.0
51632953636,VELOCITY BANKING CORPORATION,05/03/2024,NEFT-676990037089-Ganesh Nair,0.0,0.0,0.0
51632953636,VELOCITY BANKING CORPORATION,05/03/2024,NEFT-636912223871-Anitha Krishnan,0.0,0.0,0.0
51632953636,VELOCITY BANKING CORPORATION,09/03/2024,RTGS-ICICR998587469825-GATEWAY PROJECTS LTD,0.0,0.0,0.0
51632953636,VELOCITY BANKING CORPORATION,09/03/2024,CASH DEPOSIT-Anitha Krishnan,0.0,0.0,0.0
51632953636,VELOCITY BANKING CORPORATION,09/03/2024,NEFT-904368045476-Srinivas Pillai,0.0,0.0,0.0
51632953636,VELOCITY BANKING CORPORATION,09/03/2024,NEFT-574138046009-URBAN CONSTRUCTIONS,0.0,0.0,0.0
51632953636,VELOCITY BANKING CORPORATION,09/03/2024,IMPS-126237462692-SUPPLY CHAIN CORP,0.0,0.0,0.0
51632953636,VELOCITY BANKING CORPORATION,11/03/2024,RTGS-ICICR515358322773-FINANCE SOLUTIONS INDIA,0.0,0.0,0.0
51632953636,VELOCITY BANKING CORPORATION,13/03/2024,CLG-THERMAL SYSTEMS LTD,0.0,0.0,0.0
51632953636,VELOCITY BANKING CORPORATION,13/03/2024,CASH WITHDRAWAL-Kavitha Menon,0.0,0.0,0.0
51632953636,VELOCITY BANKING CORPORATION,13/03/2024,UPI/DR/268258352626/Lakshmi Reddy/6612427357@pay,0.0,0.0,0.0
51632953636,VELOCITY BANKING CORPORATION,15/03/2024,REVERSAL-CLG-THERMAL SYSTEMS LTD,0.0,0.0,0.0
51632953636,VELOCITY BANKING CORPORATION,15/03/2024,CHQ PAID-Karthik Nair-MICR,0.0,0.0,0.0
51632953636,VELOCITY BANKING CORPORATION,15/03/2024,NEFT-648582645683-CARGO SOLUTIONS LTD,0.0,0.0,0.0
51632953636,VELOCITY BANKING CORPORATION,16/03/2024,Dividend Cr-CLOUDTECH SERVICES-EQUITY SHARES,0.0,0.0,0.0
51632953636,VELOCITY BANKING CORPORATION,16/03/2024,CASH WITHDRAWAL-Lakshmi Murthy,0.0,0.0,0.0
51632953636,VELOCITY BANKING CORPORATION,18/03/2024,NEFT-615784504740-Ganesh Krishnan,0.0,0.0,0.0
51632953636,VELOCITY BANKING CORPORATION,18/03/2024,CASH WITHDRAWAL-Ganesh Murthy,0.0,0.0,0.0
51632953636,VELOCITY BANKING CORPORATION,19/03/2024,CLG-SUPPLY CHAIN CORP,0.0,0.0,0.0
51632953636,VELOCITY BANKING CORPORATION,20/03/2024,ATM WDL-30110,0.0,0.0,0.0
51632953636,VELOCITY BANKING CORPORATION,20/03/2024,UPI/CR/926688021536/Subramaniam Rao/7245825114@pay,0.0,0.0,0.0
51632953636,VELOCITY BANKING CORPORATION,20/03/2024,UPI/CR/105109410611/Ganesh Murthy/6196831078@pay,0.0,0.0,0.0
51632953636,VELOCITY BANKING CORPORATION,21/03/2024,UPI/CR/684678466963/Karthik Naidu/6024412087@pay,0.0,0.0,0.0
51632953636,VELOCITY BANKING CORPORATION,21/03/2024,CASH WITHDRAWAL-Lakshmi Naidu,0.0,0.0,0.0
51632953636,VELOCITY BANKING CORPORATION,22/03/2024,RTGS-ICICR293779509717-PERSONAL CARE LTD,0.0,0.0,0.0
51632953636,VELOCITY BANKING CORPORATION,22/03/2024,Dividend Cr-DIGITAL SOLUTIONS INDIA-EQUITY SHARES,0.0,0.0,0.0
51632953636,VELOCITY BANKING CORPORATION,23/03/2024,CLG-HOUSING DEVELOPERS CORP,0.0,0.0,0.0
51632953636,VELOCITY BANKING CORPORATION,26/03/2024,NEFT-224047225014-Venkatesh Reddy,0.0,0.0,0.0
51632953636,VELOCITY BANKING CORPORATION,26/03/2024,CASH DEPOSIT-Ganesh Reddy,0.0,0.0,0.0
51632953636,VELOCITY BANKING CORPORATION,26/03/2024,NEFT-211219403420-Karthik Reddy,0.0,0.0,0.0
51632953636,VELOCITY BANKING CORPORATION,26/03/2024,CHQ PAID-Venkatesh Krishnan-MICR,0.0,0.0,0.0
51632953636,VELOCITY BANKING CORPORATION,27/03/2024,CHQ PAID-Priya Rao-MICR,0.0,0.0,0.0
51632953636,VELOCITY BANKING CORPORATION,27/03/2024,CHQ PAID-Anitha Reddy-MICR,0.0,0.0,0.0
51632953636,VELOCITY BANKING CORPORATION,27/03/2024,IMPS-298345706553-Anitha Rao,0.0,0.0,0.0
51632953636,VELOCITY BANKING CORPORATION,28/03/2024,CHQ PAID-Lakshmi Krishnan-MICR,0.0,0.0,0.0
51632953636,VELOCITY BANKING CORPORATION,28/03/2024,UPI/DR/782656210052/Lakshmi Rao/9145302928@pay,0.0,0.0,0.0
51632953636,VELOCITY BANKING CORPORATION,28/03/2024,NEFT-573535843527-Karthik Murthy,0.0,0.0,0.0
51632953636,VELOCITY BANKING CORPORATION,28/03/2024,CHQ PAID-Srinivas Iyer-MICR,0.0,0.0,0.0
51632953636,VELOCITY BANKING CORPORATION,28/03/2024,Service Charges-Demat Account AMC,0.0,0.0,0.0
51632953636,VELOCITY BANKING CORPORATION,28/03/2024,Service Charges-SMS Alert Charges,0.0,0.0,0.0
51632953636,VELOCITY BANKING CORPORATION,28/03/2024,Service Charges-Online Banking Charges,0.0,0.0,0.0
51632953636,VELOCITY BANKING CORPORATION,30/03/2024,CHQ PAID-Kavitha Krishnan-MICR,0.0,0.0,0.0
51632953636,VELOCITY BANKING CORPORATION,30/03/2024,CHQ PAID-Ramesh Reddy-MICR,0.0,0.0,0.0
51632953636,VELOCITY BANKING CORPORATION,30/03/2024,NEFT-676061335591-CARGO SOLUTIONS LTD,0.0,0.0,0.0
51632953636,VELOCITY BANKING CORPORATION,30/03/2024,CLG-CODEBASE SOLUTIONS,0.0,0.0,0.0
51632953636,VELOCITY BANKING CORPORATION,30/03/2024,ATM WDL-84268,0.0,0.0,0.0
99912110708,CITADEL BANK OF INDIA,01/01/2024,NEFT-806235946086-CYBERCRAFT SYSTEMS,0.0,0.0,0.0
99912110708,CITADEL BANK OF INDIA,01/01/2024,CASH WITHDRAWAL-Ketan Modi,0.0,0.0,0.0
99912110708,CITADEL BANK OF INDIA,02/01/2024,CASH DEPOSIT-Nilesh Desai,0.0,0.0,0.0
99912110708,CITADEL BANK OF INDIA,02/01/2024,IMPS-951612983085-Bhavesh Amin,0.0,0.0,0.0
99912110708,CITADEL BANK OF INDIA,03/01/2024,UPI/CR/291513094792/Nisha Patel/9307836593@pay,0.0,0.0,0.0
99912110708,CITADEL BANK OF INDIA,03/01/2024,SERVICE CHARGES-Cheque Book Charges,0.0,0.0,0.0
99912110708,CITADEL BANK OF INDIA,03/01/2024,IMPS-408508142900-CAPITAL VENTURES INDIA,0.0,0.0,0.0
99912110708,CITADEL BANK OF INDIA,03/01/2024,CASH DEPOSIT-Ketan Shah,0.0,0.0,0.0
99912110708,CITADEL BANK OF INDIA,03/01/2024,CASH WITHDRAWAL-Hitesh Vora,0.0,0.0,0.0
99912110708,CITADEL BANK OF INDIA,04/01/2024,NEFT Dr-586552430920-INSURANCE SUBSCRIPTION,0.0,0.0,0.0
99912110708,CITADEL BANK OF INDIA,04/01/2024,Dividend Cr-METROPOLITAN BUILDERS-EQUITY SHARES,0.0,0.0,0.0
99912110708,CITADEL BANK OF INDIA,04/01/2024,UPI/CR/837838800290/Paresh Vora/8550554766@pay,0.0,0.0,0.0
99912110708,CITADEL BANK OF INDIA,04/01/2024,NEFT-886145505296-Nilesh Trivedi,0.0,0.0,0.0
99912110708,CITADEL BANK OF INDIA,04/01/2024,NEFT-162648123020-INFOCORE TECHNOLOGIES,0.0,0.0,0.0
99912110708,CITADEL BANK OF INDIA,05/01/2024,NEFT Dr-104904520622-RENT PAYMENT-MONTHLY RENT,0.0,0.0,0.0
99912110708,CITADEL BANK OF INDIA,05/01/2024,IMPS-288210841781-Paresh Amin,0.0,0.0,0.0
99912110708,CITADEL BANK OF INDIA,05/01/2024,CHQ PAID-Hitesh Trivedi-MICR,0.0,0.0,0.0
99912110708,CITADEL BANK OF INDIA,06/01/2024,UPI/DR/862051215480/Nilesh Desai/7281348325@pay,0.0,0.0,0.0
99912110708,CITADEL BANK OF INDIA,06/01/2024,RTGS-ICICR630395956237-HOUSING DEVELOPERS CORP,0.0,0.0,0.0
99912110708,CITADEL BANK OF INDIA,08/01/2024,CASH WITHDRAWAL-Ketan Desai,0.0,0.0,0.0
99912110708,CITADEL BANK OF INDIA,09/01/2024,CLG-NETPULSE SYSTEMS,0.0,0.0,0.0
99912110708,CITADEL BANK OF INDIA,09/01/2024,NEFT-220880716765-URBAN ESTATES INDIA,0.0,0.0,0.0
99912110708,CITADEL BANK OF INDIA,10/01/2024,NEFT-115648873771-CONSTRUCTION SOLUTIONS LTD,0.0,0.0,0.0
99912110708,CITADEL BANK OF INDIA,10/01/2024,NEFT-565847043404-Jayesh Shah,0.0,0.0,0.0
99912110708,CITADEL BANK OF INDIA,10/01/2024,UPI/CR/512457679177/Bhavesh Parekh/6820890844@pay,0.0,0.0,0.0
99912110708,CITADEL BANK OF INDIA,11/01/2024,CLG-DAILY NEEDS LIMITED,0.0,0.0,0.0
99912110708,CITADEL BANK OF INDIA,11/01/2024,REVERSAL-UPI/CR/512457679177/Bhavesh Parekh/6820890844@pay,0.0,0.0,0.0
99912110708,CITADEL BANK OF INDIA,13/01/2024,NEFT-190656868792-FASHION TEXTILES LTD,0.0,0.0,0.0
99912110708,CITADEL BANK OF INDIA,13/01/2024,RTGS-ICICR965991183781-Ketan Shah,0.0,0.0,0.0
99912110708,CITADEL BANK OF INDIA,15/01/2024,UPI/CR/381589406401/Ketan Vora/8250306490@pay,0.0,0.0,0.0
99912110708,CITADEL BANK OF INDIA,16/01/2024,IMPS-291433613536-MOTOR INDUSTRIES LTD,0.0,0.0,0.0
99912110708,CITADEL BANK OF INDIA,16/01/2024,CLG-WELLNESS BRANDS INDIA,0.0,0.0,0.0
99912110708,CITADEL BANK OF INDIA,18/01/2024,RTGS-ICICR583385543213-CAPITAL VENTURES INDIA,0.0,0.0,0.0
99912110708,CITADEL BANK OF INDIA,18/01/2024,IMPS-714950129638-Hitesh Modi,0.0,0.0,0.0
99912110708,CITADEL BANK OF INDIA,18/01/2024,NEFT-361561307613-DAILY NEEDS LIMITED,0.0,0.0,0.0
99912110708,CITADEL BANK OF INDIA,19/01/2024,NEFT-719467415002-INDUSTRIAL COMPONENTS INDIA,0.0,0.0,0.0
99912110708,CITADEL BANK OF INDIA,19/01/2024,UPI/CR/521424203916/Nisha Desai/7652202627@pay,0.0,0.0,0.0
99912110708,CITADEL BANK OF INDIA,19/01/2024,ATM WDL-29154,0.0,0.0,0.0
99912110708,CITADEL BANK OF INDIA,19/01/2024,IMPS-815382665410-Bhavesh Amin,0.0,0.0,0.0
99912110708,CITADEL BANK OF INDIA,19/01/2024,NEFT-751464122553-Nilesh Desai,0.0,0.0,0.0
99912110708,CITADEL BANK OF INDIA,19/01/2024,UPI/DR/238060935818/Nilesh Amin/6789837225@pay,0.0,0.0,0.0
99912110708,CITADEL BANK OF INDIA,19/01/2024,CHQ PAID-Bhavesh Modi-MICR,0.0,0.0,0.0
99912110708,CITADEL BANK OF INDIA,20/01/2024,UPI/CR/120068370252/Nisha Trivedi/8631253809@pay,0.0,0.0,0.0
99912110708,CITADEL BANK OF INDIA,20/01/2024,NEFT-920343157154-Hitesh Modi,0.0,0.0,0.0
99912110708,CITADEL BANK OF INDIA,20/01/2024,NEFT Dr-862711648930-GST PAYMENT-GSTIN 23A2303,0.0,0.0,0.0
99912110708,CITADEL BANK OF INDIA,22/01/2024,CHQ PAID-Bhavesh Shah-MICR,0.0,0.0,0.0
99912110708,CITADEL BANK OF INDIA,22/01/2024,IMPS-474015476621-Mehul Parekh,0.0,0.0,0.0
99912110708,CITADEL BANK OF INDIA,22/01/2024,NEFT-814197306569-APEX HEAVY INDUSTRIES,0.0,0.0,0.0
99912110708,CITADEL BANK OF INDIA,22/01/2024,IMPS-108589826617-Mehul Trivedi,0.0,0.0,0.0
99912110708,CITADEL BANK OF INDIA,23/01/2024,UPI/DR/786843765763/Jayesh Modi/7385410155@pay,0.0,0.0,0.0
99912110708,CITADEL BANK OF INDIA,23/01/2024,UPI/CR/857565714681/Bhavesh Amin/8831562160@pay,0.0,0.0,0.0
99912110708,CITADEL BANK OF INDIA,23/01/2024,FAILED-INSUFFICIENT FUNDS-CASH WITHDRAWAL-Nilesh Patel,0.0,0.0,0.0
99912110708,CITADEL BANK OF INDIA,24/01/2024,IMPS-855064052705-Jayesh Vora,0.0,0.0,0.0
99912110708,CITADEL BANK OF INDIA,25/01/2024,RTGS-ICICR778234575986-Hitesh Parekh,0.0,0.0,0.0
99912110708,CITADEL BANK OF INDIA,25/01/2024,IMPS-747458856874-CAPITAL VENTURES INDIA,0.0,0.0,0.0
99912110708,CITADEL BANK OF INDIA,27/01/2024,UPI/CR/766475710752/Hitesh Modi/7463454145@pay,0.0,0.0,0.0
99912110708,CITADEL BANK OF INDIA,27/01/2024,CLG-CONSUMER PRODUCTS INDIA,0.0,0.0,0.0
99912110708,CITADEL BANK OF INDIA,27/01/2024,IMPS-658653188336-Mehul Amin,0.0,0.0,0.0
99912110708,CITADEL BANK OF INDIA,27/01/2024,NEFT-145651329562-CREDIT SERVICES LTD,0.0,0.0,0.0
99912110708,CITADEL BANK OF INDIA,29/01/2024,RTGS-ICICR994897572622-FINANCE SOLUTIONS INDIA,0.0,0.0,0.0
99912110708,CITADEL BANK OF INDIA,29/01/2024,CASH WITHDRAWAL-Bhavesh Modi,0.0,0.0,0.0
99912110708,CITADEL BANK OF INDIA,30/01/2024,UPI/CR/246237834683/Hitesh Amin/7814585275@pay,0.0,0.0,0.0
99912110708,CITADEL BANK OF INDIA,30/01/2024,NEFT-209559868935-CONSUMER PRODUCTS INDIA,0.0,0.0,0.0
99912110708,CITADEL BANK OF INDIA,30/01/2024,CHQ PAID-Ketan Patel-MICR,0.0,0.0,0.0
99912110708,CITADEL BANK OF INDIA,30/01/2024,RTGS-ICICR501312012063-Jayesh Vora,0.0,0.0,0.0
99912110708,CITADEL BANK OF INDIA,30/01/2024,NEFT-333114752379-Nilesh Trivedi,0.0,0.0,0.0
99912110708,CITADEL BANK OF INDIA,01/02/2024,NEFT-471202457650-Hitesh Amin,0.0,0.0,0.0
99912110708,CITADEL BANK OF INDIA,01/02/2024,CASH DEPOSIT-Mehul Vora,0.0,0.0,0.0
99912110708,CITADEL BANK OF INDIA,02/02/2024,NEFT-424895397172-HOUSING DEVELOPERS CORP,0.0,0.0,0.0
99912110708,CITADEL BANK OF INDIA,03/02/2024,IMPS-721097652487-Hitesh Patel,0.0,0.0,0.0
99912110708,CITADEL BANK OF INDIA,05/02/2024,NEFT Dr-285116251815-RENT PAYMENT-MONTHLY RENT,0.0,0.0,0.0
99912110708,CITADEL BANK OF INDIA,05/02/2024,NEFT-299794161592-CODEBASE SOLUTIONS,0.0,0.0,0.0
99912110708,CITADEL BANK OF INDIA,06/02/2024,ATM WDL-52714,0.0,0.0,0.0
99912110708,CITADEL BANK OF INDIA,07/02/2024,CHQ PAID-Nisha Desai-MICR,0.0,0.0,0.0
99912110708,CITADEL BANK OF INDIA,07/02/2024,CLG-WEBSTREAM LIMITED,0.0,0.0,0.0
99912110708,CITADEL BANK OF INDIA,08/02/2024,CLG-NETPULSE SYSTEMS,0.0,0.0,0.0
99912110708,CITADEL BANK OF INDIA,09/02/2024,RTGS-ICICR404356404596-Paresh Patel,0.0,0.0,0.0
99912110708,CITADEL BANK OF INDIA,09/02/2024,REVERSAL-CLG-NETPULSE SYSTEMS,0.0,0.0,0.0
99912110708,CITADEL BANK OF INDIA,09/02/2024,NEFT-237511004490-PREMIUM PROPERTIES LTD,0.0,0.0,0.0
99912110708,CITADEL BANK OF INDIA,10/02/2024,CLG-HOUSING DEVELOPERS CORP,0.0,0.0,0.0
99912110708,CITADEL BANK OF INDIA,12/02/2024,CLG-MOTOR INDUSTRIES LTD,0.0,0.0,0.0
99912110708,CITADEL BANK OF INDIA,12/02/2024,UPI/CR/743331724643/Jayesh Patel/8968691078@pay,0.0,0.0,0.0
99912110708,CITADEL BANK OF INDIA,13/02/2024,ATM WDL-60344,0.0,0.0,0.0
99912110708,CITADEL BANK OF INDIA,13/02/2024,CLG-DIGITAL SOLUTIONS INDIA,0.0,0.0,0.0
99912110708,CITADEL BANK OF INDIA,14/02/2024,NEFT Dr-343599842645-CLOUD SUBSCRIPTION,0.0,0.0,0.0
99912110708,CITADEL BANK OF INDIA,14/02/2024,UPI/CR/636742713012/Jayesh Shah/9629813508@pay,0.0,0.0,0.0
99912110708,CITADEL BANK OF INDIA,14/02/2024,IMPS-703251792097-HIGHWAY DEVELOPERS INDIA,0.0,0.0,0.0
99912110708,CITADEL BANK OF INDIA,15/02/2024,NEFT-366493311193-DAILY NEEDS LIMITED,0.0,0.0,0.0
99912110708,CITADEL BANK OF INDIA,16/02/2024,SERVICE CHARGES-Cheque Book Charges,0.0,0.0,0.0
99912110708,CITADEL BANK OF INDIA,16/02/2024,NEFT-600128022679-Nilesh Modi,0.0,0.0,0.0
99912110708,CITADEL BANK OF INDIA,17/02/2024,RTGS-ICICR153845178539-GATEWAY PROJECTS LTD,0.0,0.0,0.0
99912110708,CITADEL BANK OF INDIA,19/02/2024,CASH WITHDRAWAL-Paresh Parekh,0.0,0.0,0.0
99912110708,CITADEL BANK OF INDIA,20/02/2024,NEFT Dr-678002120725-GST PAYMENT-GSTIN 90D4498,0.0,0.0,0.0
99912110708,CITADEL BANK OF INDIA,20/02/2024,ATM WDL-43806,0.0,0.0,0.0
99912110708,CITADEL BANK OF INDIA,20/02/2024,SERVICE CHARGES-Demat Account AMC,0.0,0.0,0.0
99912110708,CITADEL BANK OF INDIA,20/02/2024,CASH WITHDRAWAL-Paresh Amin,0.0,0.0,0.0
99912110708,CITADEL BANK OF INDIA,22/02/2024,UPI/DR/495251385868/Ketan Patel/6324072833@pay,0.0,0.0,0.0
99912110708,CITADEL BANK OF INDIA,23/02/2024,CLG-INVESTMENT SERVICES INDIA,0.0,0.0,0.0
99912110708,CITADEL BANK OF INDIA,24/02/2024,IMPS-615756984063-Paresh Patel,0.0,0.0,0.0
99912110708,CITADEL BANK OF INDIA,24/02/2024,CLG-HOUSING DEVELOPERS CORP,0.0,0.0,0.0
99912110708,CITADEL BANK OF INDIA,24/02/2024,NEFT-254155217310-Jayesh Modi,0.0,0.0,0.0
99912110708,CITADEL BANK OF INDIA,26/02/2024,CASH WITHDRAWAL-Nisha Shah,0.0,0.0,0.0
99912110708,CITADEL BANK OF INDIA,27/02/2024,CASH WITHDRAWAL-Nilesh Shah,0.0,0.0,0.0
99912110708,CITADEL BANK OF INDIA,27/02/2024,NEFT-518655383180-URBAN ESTATES INDIA,0.0,0.0,0.0
99912110708,CITADEL BANK OF INDIA,28/02/2024,SERVICE CHARGES-Online Banking Charges,0.0,0.0,0.0
99912110708,CITADEL BANK OF INDIA,28/02/2024,CLG-SOFTWAVE TECHNOLOGIES,0.0,0.0,0.0
99912110708,CITADEL BANK OF INDIA,28/02/2024,Service Charges-Cheque Book Charges,0.0,0.0,0.0
99912110708,CITADEL BANK OF INDIA,29/02/2024,IMPS-227257784828-DAILY NEEDS LIMITED,0.0,0.0,0.0
99912110708,CITADEL BANK OF INDIA,29/02/2024,CASH DEPOSIT-Mehul Patel,0.0,0.0,0.0
99912110708,CITADEL BANK OF INDIA,29/02/2024,CASH WITHDRAWAL-Paresh Shah,0.0,0.0,0.0
99912110708,CITADEL BANK OF INDIA,01/03/2024,CHQ PAID-Hitesh Desai-MICR,0.0,0.0,0.0
99912110708,CITADEL BANK OF INDIA,01/03/2024,NEFT-190120471556-Hitesh Desai,0.0,0.0,0.0
99912110708,CITADEL BANK OF INDIA,01/03/2024,IMPS-857452336354-Paresh Trivedi,0.0,0.0,0.0
99912110708,CITADEL BANK OF INDIA,01/03/2024,NEFT-322151224070-Mehul Patel,0.0,0.0,0.0
99912110708,CITADEL BANK OF INDIA,02/03/2024,CHQ PAID-Paresh Shah-MICR,0.0,0.0,0.0
99912110708,CITADEL BANK OF INDIA,02/03/2024,NEFT-155964455282-INFOCORE TECHNOLOGIES,0.0,0.0,0.0
99912110708,CITADEL BANK OF INDIA,02/03/2024,NEFT-624009126043-METROPOLITAN BUILDERS,0.0,0.0,0.0
99912110708,CITADEL BANK OF INDIA,02/03/2024,RTGS-ICICR487119931883-Nisha Patel,0.0,0.0,0.0
99912110708,CITADEL BANK OF INDIA,04/03/2024,NEFT Dr-297029521053-SOFTWARE SUBSCRIPTION,0.0,0.0,0.0
99912110708,CITADEL BANK OF INDIA,04/03/2024,RTGS-ICICR709544963159-Paresh Modi,0.0,0.0,0.0
99912110708,CITADEL BANK OF INDIA,05/03/2024,NEFT Dr-534072982266-RENT PAYMENT-MONTHLY RENT,0.0,0.0,0.0
99912110708,CITADEL BANK OF INDIA,05/03/2024,ATM WDL-11948,0.0,0.0,0.0
99912110708,CITADEL BANK OF INDIA,05/03/2024,CHQ PAID-Nisha Trivedi-MICR,0.0,0.0,0.0
99912110708,CITADEL BANK OF INDIA,06/03/2024,UPI/CR/224154215201/Bhavesh Amin/9751206449@pay,0.0,0.0,0.0
99912110708,CITADEL BANK OF INDIA,07/03/2024,IMPS-333692154634-TECHVISION SYSTEMS,0.0,0.0,0.0
99912110708,CITADEL BANK OF INDIA,07/03/2024,UPI/DR/825815305137/Paresh Patel/6182041293@pay,0.0,0.0,0.0
99912110708,CITADEL BANK OF INDIA,09/03/2024,RTGS-ICICR963803840804-INDUSTRIAL COMPONENTS INDIA,0.0,0.0,0.0
99912110708,CITADEL BANK OF INDIA,11/03/2024,IMPS-309498207685-URBAN ESTATES INDIA,0.0,0.0,0.0
99912110708,CITADEL BANK OF INDIA,11/03/2024,NEFT-609188226923-CODEBASE SOLUTIONS,0.0,0.0,0.0
99912110708,CITADEL BANK OF INDIA,11/03/2024,ATM WDL-78818,0.0,0.0,0.0
99912110708,CITADEL BANK OF INDIA,11/03/2024,NEFT-268937369535-NETFORGE TECHNOLOGIES,0.0,0.0,0.0
99912110708,CITADEL BANK OF INDIA,11/03/2024,NEFT-307895992784-SUPPLY CHAIN CORP,0.0,0.0,0.0
99912110708,CITADEL BANK OF INDIA,12/03/2024,NEFT-565667891833-LOAN DISBURSEMENT-HIGHWAY DEVELOPERS INDIA,0.0,0.0,0.0
99912110708,CITADEL BANK OF INDIA,12/03/2024,NEFT-813020428163-Bhavesh Amin,0.0,0.0,0.0
99912110708,CITADEL BANK OF INDIA,13/03/2024,CASH WITHDRAWAL-Nisha Modi,0.0,0.0,0.0
99912110708,CITADEL BANK OF INDIA,14/03/2024,UPI/DR/579676096448/Paresh Amin/6533375259@pay,0.0,0.0,0.0
99912110708,CITADEL BANK OF INDIA,14/03/2024,NEFT Dr-676317131509-SOFTWARE SUBSCRIPTION,0.0,0.0,0.0
99912110708,CITADEL BANK OF INDIA,14/03/2024,CLG-GATEWAY PROJECTS LTD,0.0,0.0,0.0
99912110708,CITADEL BANK OF INDIA,15/03/2024,UPI/DR/263232223576/Jayesh Trivedi/7005979458@pay,0.0,0.0,0.0
99912110708,CITADEL BANK OF INDIA,15/03/2024,RTGS-ICICR319277873968-URBAN CONSTRUCTIONS,0.0,0.0,0.0
99912110708,CITADEL BANK OF INDIA,15/03/2024,Dividend Cr-CLOUDTECH SERVICES-EQUITY SHARES,0.0,0.0,0.0
99912110708,CITADEL BANK OF INDIA,16/03/2024,CHQ PAID-Nisha Amin-MICR,0.0,0.0,0.0
99912110708,CITADEL BANK OF INDIA,16/03/2024,SERVICE CHARGES-Demat Account AMC,0.0,0.0,0.0
99912110708,CITADEL BANK OF INDIA,18/03/2024,UPI/DR/997189187229/Ketan Shah/6034367335@pay,0.0,0.0,0.0
99912110708,CITADEL BANK OF INDIA,18/03/2024,IMPS-507056716922-THERMAL SYSTEMS LTD,0.0,0.0,0.0
99912110708,CITADEL BANK OF INDIA,19/03/2024,RTGS-ICICR490597686813-Mehul Shah,0.0,0.0,0.0
99912110708,CITADEL BANK OF INDIA,20/03/2024,NEFT-919229910746-MOTOR INDUSTRIES LTD,0.0,0.0,0.0
99912110708,CITADEL BANK OF INDIA,20/03/2024,NEFT Dr-235377251924-GST PAYMENT-GSTIN 71C6966,0.0,0.0,0.0
99912110708,CITADEL BANK OF INDIA,21/03/2024,RTGS-ICICR982275432719-GATEWAY PROJECTS LTD,0.0,0.0,0.0
99912110708,CITADEL BANK OF INDIA,22/03/2024,ATM WDL-40724,0.0,0.0,0.0
99912110708,CITADEL BANK OF INDIA,22/03/2024,CASH WITHDRAWAL-Bhavesh Amin,0.0,0.0,0.0
99912110708,CITADEL BANK OF INDIA,22/03/2024,UPI/DR/930009789953/Hitesh Vora/8467185951@pay,0.0,0.0,0.0
99912110708,CITADEL BANK OF INDIA,22/03/2024,UPI/CR/429000352261/Nisha Vora/6323913319@pay,0.0,0.0,0.0
99912110708,CITADEL BANK OF INDIA,22/03/2024,NEFT-580269050469-Mehul Amin,0.0,0.0,0.0
99912110708,CITADEL BANK OF INDIA,23/03/2024,IMPS-548681901290-Jayesh Amin,0.0,0.0,0.0
99912110708,CITADEL BANK OF INDIA,23/03/2024,CHQ PAID-Jayesh Patel-MICR,0.0,0.0,0.0
99912110708,CITADEL BANK OF INDIA,23/03/2024,UPI/DR/517521848354/Paresh Parekh/6072441900@pay,0.0,0.0,0.0
99912110708,CITADEL BANK OF INDIA,26/03/2024,RTGS-ICICR469561093651-Bhavesh Trivedi,0.0,0.0,0.0
99912110708,CITADEL BANK OF INDIA,27/03/2024,CHQ PAID-Nilesh Vora-MICR,0.0,0.0,0.0
99912110708,CITADEL BANK OF INDIA,28/03/2024,IMPS-352591754057-Hitesh Modi,0.0,0.0,0.0
99912110708,CITADEL BANK OF INDIA,28/03/2024,Service Charges-Foreign Currency Markup,0.0,0.0,0.0
99912110708,CITADEL BANK OF INDIA,28/03/2024,Service Charges-Cheque Book Charges,0.0,0.0,0.0
99912110708,CITADEL BANK OF INDIA,30/03/2024,CASH WITHDRAWAL-Ketan Modi,0.0,0.0,0.0
99912110708,CITADEL BANK OF INDIA,30/03/2024,CHQ PAID-Nisha Trivedi-MICR,0.0,0.0,0.0
99912110708,CITADEL BANK OF INDIA,30/03/2024,IMPS-864411141758-DATABRIDGE INFOTECH,0.0,0.0,0.0
99912110708,CITADEL BANK OF INDIA,30/03/2024,NEFT-678781419213-Hitesh Vora,0.0,0.0,0.0
94650079468,HERITAGE BANK LIMITED,01/01/2024,CHQ PAID-Srinivas Menon-MICR,0.0,0.0,0.0
94650079468,HERITAGE BANK LIMITED,01/01/2024,NEFT-629105992992-DAILY NEEDS LIMITED,0.0,0.0,0.0
94650079468,HERITAGE BANK LIMITED,01/01/2024,UPI/CR/546213931012/Priya Murthy/9233139587@pay,0.0,0.0,0.0
94650079468,HERITAGE BANK LIMITED,01/01/2024,NEFT-495060885942-INFOCORE TECHNOLOGIES,0.0,0.0,0.0
94650079468,HERITAGE BANK LIMITED,01/01/2024,CASH WITHDRAWAL-Kavitha Naidu,0.0,0.0,0.0
94650079468,HERITAGE BANK LIMITED,01/01/2024,IMPS-773522208469-HEALTHCARE PRODUCTS LTD,0.0,0.0,0.0
94650079468,HERITAGE BANK LIMITED,03/01/2024,FAILED-INSUFFICIENT FUNDS-ATM WDL-49658,0.0,0.0,0.0
94650079468,HERITAGE BANK LIMITED,05/01/2024,CLG-SOFTWAVE TECHNOLOGIES,0.0,0.0,0.0
94650079468,HERITAGE BANK LIMITED,05/01/2024,NEFT Dr-547662573751-INSURANCE SUBSCRIPTION,0.0,0.0,0.0
94650079468,HERITAGE BANK LIMITED,05/01/2024,CLG-DIGITAL SOLUTIONS INDIA,0.0,0.0,0.0
94650079468,HERITAGE BANK LIMITED,05/01/2024,CASH WITHDRAWAL-Srinivas Naidu,0.0,0.0,0.0
94650079468,HERITAGE BANK LIMITED,05/01/2024,UPI/CR/718294384110/Priya Menon/8416081724@pay,0.0,0.0,0.0
94650079468,HERITAGE BANK LIMITED,05/01/2024,ATM WDL-79174,0.0,0.0,0.0
94650079468,HERITAGE BANK LIMITED,05/01/2024,CLG-FOOD INDUSTRIES CORP,0.0,0.0,0.0
94650079468,HERITAGE BANK LIMITED,06/01/2024,IMPS-991782579053-INDUSTRIAL COMPONENTS INDIA,0.0,0.0,0.0
94650079468,HERITAGE BANK LIMITED,06/01/2024,NEFT-561267593192-Ganesh Naidu,0.0,0.0,0.0
94650079468,HERITAGE BANK LIMITED,08/01/2024,ATM WDL-62589,0.0,0.0,0.0
94650079468,HERITAGE BANK LIMITED,08/01/2024,CHQ PAID-Lakshmi Nair-MICR,0.0,0.0,0.0
94650079468,HERITAGE BANK LIMITED,08/01/2024,NEFT-700941176291-PERSONAL CARE LTD,0.0,0.0,0.0
94650079468,HERITAGE BANK LIMITED,09/01/2024,NEFT-928231686059-GATEWAY PROJECTS LTD,0.0,0.0,0.0
94650079468,HERITAGE BANK LIMITED,09/01/2024,CASH DEPOSIT-Srinivas Menon,0.0,0.0,0.0
94650079468,HERITAGE BANK LIMITED,10/01/2024,NEFT-609675179517-Karthik Menon,0.0,0.0,0.0
94650079468,HERITAGE BANK LIMITED,10/01/2024,NEFT Dr-290401438744-LOAN EMI-MONTHLY INSTALLMENT,0.0,0.0,0.0
94650079468,HERITAGE BANK LIMITED,10/01/2024,CHQ PAID-Karthik Iyer-MICR,0.0,0.0,0.0
94650079468,HERITAGE BANK LIMITED,10/01/2024,IMPS-894934799737-Ganesh Rao,0.0,0.0,0.0
94650079468,HERITAGE BANK LIMITED,11/01/2024,CLG-TECHVISION SYSTEMS,0.0,0.0,0.0
94650079468,HERITAGE BANK LIMITED,11/01/2024,CLG-CODEBASE SOLUTIONS,0.0,0.0,0.0
94650079468,HERITAGE BANK LIMITED,11/01/2024,UPI/CR/311802781505/Priya Rao/9777819930@pay,0.0,0.0,0.0
94650079468,HERITAGE BANK LIMITED,11/01/2024,UPI/DR/683509808871/Karthik Reddy/8609821686@pay,0.0,0.0,0.0
94650079468,HERITAGE BANK LIMITED,11/01/2024,FAILED-INSUFFICIENT FUNDS-IMPS-921032838992-Anitha Nair,0.0,0.0,0.0
94650079468,HERITAGE BANK LIMITED,12/01/2024,ATM WDL-51671,0.0,0.0,0.0
94650079468,HERITAGE BANK LIMITED,13/01/2024,CASH WITHDRAWAL-Srinivas Murthy,0.0,0.0,0.0
94650079468,HERITAGE BANK LIMITED,13/01/2024,NEFT-567316981411-Lakshmi Nair,0.0,0.0,0.0
94650079468,HERITAGE BANK LIMITED,13/01/2024,IMPS-518057246146-PREMIUM INFRASTRUCTURE,0.0,0.0,0.0
94650079468,HERITAGE BANK LIMITED,15/01/2024,NEFT-248668451854-HEALTHCARE PRODUCTS LTD,0.0,0.0,0.0
94650079468,HERITAGE BANK LIMITED,15/01/2024,FAILED-INSUFFICIENT FUNDS-NEFT-460801352330-Lakshmi Menon,0.0,0.0,0.0
94650079468,HERITAGE BANK LIMITED,15/01/2024,UPI/CR/414018776897/Kavitha Nair/7581836732@pay,0.0,0.0,0.0
94650079468,HERITAGE BANK LIMITED,16/01/2024,ATM WDL-26284,0.0,0.0,0.0
94650079468,HERITAGE BANK LIMITED,16/01/2024,CASH WITHDRAWAL-Ramesh Krishnan,0.0,0.0,0.0
94650079468,HERITAGE BANK LIMITED,17/01/2024,Dividend Cr-DATABRIDGE INFOTECH-EQUITY SHARES,0.0,0.0,0.0
94650079468,HERITAGE BANK LIMITED,17/01/2024,REVERSAL-UPI/CR/414018776897/Kavitha Nair/7581836732@pay,0.0,0.0,0.0
94650079468,HERITAGE BANK LIMITED,17/01/2024,CHQ PAID-Lakshmi Reddy-MICR,0.0,0.0,0.0
94650079468,HERITAGE BANK LIMITED,17/01/2024,CASH WITHDRAWAL-Anitha Krishnan,0.0,0.0,0.0
94650079468,HERITAGE BANK LIMITED,18/01/2024,RTGS-ICICR629170717958-Ramesh Rao,0.0,0.0,0.0
94650079468,HERITAGE BANK LIMITED,18/01/2024,UPI/CR/825462308732/Subramaniam Menon/7612970310@pay,0.0,0.0,0.0
94650079468,HERITAGE BANK LIMITED,18/01/2024,UPI/CR/140160618059/Karthik Krishnan/7820540728@pay,0.0,0.0,0.0
94650079468,HERITAGE BANK LIMITED,19/01/2024,CASH DEPOSIT-Srinivas Reddy,0.0,0.0,0.0
94650079468,HERITAGE BANK LIMITED,23/01/2024,CASH DEPOSIT-Kavitha Iyer,0.0,0.0,0.0
94650079468,HERITAGE BANK LIMITED,23/01/2024,CASH DEPOSIT-Karthik Iyer,0.0,0.0,0.0
94650079468,HERITAGE BANK LIMITED,24/01/2024,CASH DEPOSIT-Venkatesh Naidu,0.0,0.0,0.0
94650079468,HERITAGE BANK LIMITED,25/01/2024,NEFT-680592366787-TECHVISION SYSTEMS,0.0,0.0,0.0
94650079468,HERITAGE BANK LIMITED,25/01/2024,UPI/CR/439220361322/Priya Reddy/8478944940@pay,0.0,0.0,0.0
94650079468,HERITAGE BANK LIMITED,27/01/2024,NEFT Dr-848505784278-INSURANCE SUBSCRIPTION,0.0,0.0,0.0
94650079468,HERITAGE BANK LIMITED,27/01/2024,CHQ PAID-Srinivas Rao-MICR,0.0,0.0,0.0
94650079468,HERITAGE BANK LIMITED,29/01/2024,CASH WITHDRAWAL-Subramaniam Menon,0.0,0.0,0.0
94650079468,HERITAGE BANK LIMITED,01/02/2024,RTGS-ICICR362541775511-Priya Iyer,0.0,0.0,0.0
94650079468,HERITAGE BANK LIMITED,01/02/2024,IMPS-996588980486-FINANCE SOLUTIONS INDIA,0.0,0.0,0.0
94650079468,HERITAGE BANK LIMITED,02/02/2024,REVERSAL-IMPS-996588980486-FINANCE SOLUTIONS INDIA,0.0,0.0,0.0
94650079468,HERITAGE BANK LIMITED,02/02/2024,UPI/DR/215398921419/Ramesh Nair/6053161018@pay,0.0,0.0,0.0
94650079468,HERITAGE BANK LIMITED,02/02/2024,ATM WDL-76242,0.0,0.0,0.0
94650079468,HERITAGE BANK LIMITED,03/02/2024,CLG-RETAIL SOLUTIONS INDIA,0.0,0.0,0.0
94650079468,HERITAGE BANK LIMITED,03/02/2024,CHQ PAID-Kavitha Murthy-MICR,0.0,0.0,0.0
94650079468,HERITAGE BANK LIMITED,05/02/2024,NEFT Dr-597200435875-CLOUD SUBSCRIPTION,0.0,0.0,0.0
94650079468,HERITAGE BANK LIMITED,05/02/2024,IMPS-788194231994-PREMIUM INFRASTRUCTURE,0.0,0.0,0.0
94650079468,HERITAGE BANK LIMITED,05/02/2024,Dividend Cr-FABRIC INDUSTRIES INDIA-EQUITY SHARES,0.0,0.0,0.0
94650079468,HERITAGE BANK LIMITED,05/02/2024,IMPS-529459697645-RETAIL SOLUTIONS INDIA,0.0,0.0,0.0
94650079468,HERITAGE BANK LIMITED,06/02/2024,NEFT-254946040710-URBAN ESTATES INDIA,0.0,0.0,0.0
94650079468,HERITAGE BANK LIMITED,06/02/2024,UPI/DR/126786265521/Priya Nair/9264421507@pay,0.0,0.0,0.0
94650079468,HERITAGE BANK LIMITED,07/02/2024,UPI/CR/302498505019/Subramaniam Nair/9652702971@pay,0.0,0.0,0.0
94650079468,HERITAGE BANK LIMITED,07/02/2024,CLG-TECHVISION SYSTEMS,0.0,0.0,0.0
94650079468,HERITAGE BANK LIMITED,07/02/2024,NEFT-141692514580-LOAN DISBURSEMENT-DAILY NEEDS LIMITED,0.0,0.0,0.0
94650079468,HERITAGE BANK LIMITED,08/02/2024,NEFT-164972897692-NETPULSE SYSTEMS,0.0,0.0,0.0
94650079468,HERITAGE BANK LIMITED,08/02/2024,NEFT-764755814143-NETPULSE SYSTEMS,0.0,0.0,0.0
94650079468,HERITAGE BANK LIMITED,10/02/2024,NEFT-849992784838-Venkatesh Rao,0.0,0.0,0.0
94650079468,HERITAGE BANK LIMITED,10/02/2024,NEFT-292979151255-GST PAYMENT-GSTIN,0.0,0.0,0.0
94650079468,HERITAGE BANK LIMITED,12/02/2024,NEFT-716156286800-Subramaniam Krishnan,0.0,0.0,0.0
94650079468,HERITAGE BANK LIMITED,12/02/2024,UPI/CR/610537365645/Anitha Reddy/9394072789@pay,0.0,0.0,0.0
94650079468,HERITAGE BANK LIMITED,13/02/2024,CHQ PAID-Subramaniam Naidu-MICR,0.0,0.0,0.0
94650079468,HERITAGE BANK LIMITED,13/02/2024,UPI/CR/559722488460/Ganesh Menon/6379635007@pay,0.0,0.0,0.0
94650079468,HERITAGE BANK LIMITED,13/02/2024,NEFT-409312318754-Lakshmi Reddy,0.0,0.0,0.0
94650079468,HERITAGE BANK LIMITED,14/02/2024,CASH DEPOSIT-Karthik Murthy,0.0,0.0,0.0
94650079468,HERITAGE BANK LIMITED,15/02/2024,IMPS-834775107452-INFOCORE TECHNOLOGIES,0.0,0.0,0.0
94650079468,HERITAGE BANK LIMITED,15/02/2024,RTGS-ICICR898373161088-Ramesh Reddy,0.0,0.0,0.0
94650079468,HERITAGE BANK LIMITED,16/02/2024,IMPS-703306734198-TECHVISION SYSTEMS,0.0,0.0,0.0
94650079468,HERITAGE BANK LIMITED,16/02/2024,NEFT-464313632106-Subramaniam Pillai,0.0,0.0,0.0
94650079468,HERITAGE BANK LIMITED,17/02/2024,CLG-EXPRESS LOGISTICS INDIA,0.0,0.0,0.0
94650079468,HERITAGE BANK LIMITED,19/02/2024,ATM WDL-23023,0.0,0.0,0.0
94650079468,HERITAGE BANK LIMITED,20/02/2024,CLG-FASHION TEXTILES LTD,0.0,0.0,0.0
94650079468,HERITAGE BANK LIMITED,20/02/2024,RTGS-ICICR648096613508-Venkatesh Naidu,0.0,0.0,0.0
94650079468,HERITAGE BANK LIMITED,20/02/2024,CLG-METROPOLITAN BUILDERS,0.0,0.0,0.0
94650079468,HERITAGE BANK LIMITED,21/02/2024,IMPS-264355610011-MOTOR INDUSTRIES LTD,0.0,0.0,0.0
94650079468,HERITAGE BANK LIMITED,21/02/2024,IMPS-710813670274-HOUSING DEVELOPERS CORP,0.0,0.0,0.0
94650079468,HERITAGE BANK LIMITED,22/02/2024,IMPS-231628149935-METROPOLITAN BUILDERS,0.0,0.0,0.0
94650079468,HERITAGE BANK LIMITED,22/02/2024,NEFT-409640456037-CARGO SOLUTIONS LTD,0.0,0.0,0.0
94650079468,HERITAGE BANK LIMITED,23/02/2024,NEFT-492631329284-Srinivas Iyer,0.0,0.0,0.0
94650079468,HERITAGE BANK LIMITED,23/02/2024,IMPS-634097131778-WELLNESS BRANDS INDIA,0.0,0.0,0.0
94650079468,HERITAGE BANK LIMITED,24/02/2024,CLG-DAILY NEEDS LIMITED,0.0,0.0,0.0
94650079468,HERITAGE BANK LIMITED,24/02/2024,ATM WDL-35995,0.0,0.0,0.0
94650079468,HERITAGE BANK LIMITED,24/02/2024,UPI/CR/760318321243/Kavitha Menon/9396872971@pay,0.0,0.0,0.0
94650079468,HERITAGE BANK LIMITED,26/02/2024,CLG-COTTON MILLS CORP,0.0,0.0,0.0
94650079468,HERITAGE BANK LIMITED,26/02/2024,UPI/DR/237116808933/Kavitha Rao/9322373369@pay,0.0,0.0,0.0
94650079468,HERITAGE BANK LIMITED,27/02/2024,NEFT Dr-478980935111-SOFTWARE SUBSCRIPTION,0.0,0.0,0.0
94650079468,HERITAGE BANK LIMITED,28/02/2024,IMPS-442411978439-Srinivas Krishnan,0.0,0.0,0.0
94650079468,HERITAGE BANK LIMITED,28/02/2024,UPI/CR/254820509237/Srinivas Menon/7695409415@pay,0.0,0.0,0.0
94650079468,HERITAGE BANK LIMITED,28/02/2024,CASH DEPOSIT-Subramaniam Nair,0.0,0.0,0.0
94650079468,HERITAGE BANK LIMITED,28/02/2024,Service Charges-NEFT/RTGS Charges,0.0,0.0,0.0
94650079468,HERITAGE BANK LIMITED,28/02/2024,Service Charges-Account Maintenance,0.0,0.0,0.0
94650079468,HERITAGE BANK LIMITED,29/02/2024,CHQ PAID-Anitha Krishnan-MICR,0.0,0.0,0.0
94650079468,HERITAGE BANK LIMITED,29/02/2024,NEFT-521880647294-PREMIUM PROPERTIES LTD,0.0,0.0,0.0
94650079468,HERITAGE BANK LIMITED,29/02/2024,ATM WDL-55010,0.0,0.0,0.0
94650079468,HERITAGE BANK LIMITED,01/03/2024,CHQ PAID-Kavitha Pillai-MICR,0.0,0.0,0.0
94650079468,HERITAGE BANK LIMITED,01/03/2024,IMPS-210023583037-Lakshmi Reddy,0.0,0.0,0.0
94650079468,HERITAGE BANK LIMITED,02/03/2024,RTGS-ICICR528063517852-Kavitha Iyer,0.0,0.0,0.0
94650079468,HERITAGE BANK LIMITED,04/03/2024,CLG-DAILY NEEDS LIMITED,0.0,0.0,0.0
94650079468,HERITAGE BANK LIMITED,05/03/2024,NEFT Dr-553439492085-CLOUD SUBSCRIPTION,0.0,0.0,0.0
94650079468,HERITAGE BANK LIMITED,06/03/2024,UPI/DR/783140816379/Venkatesh Reddy/9579405399@pay,0.0,0.0,0.0
94650079468,HERITAGE BANK LIMITED,07/03/2024,IMPS-252159506324-CLOUDTECH SERVICES,0.0,0.0,0.0
94650079468,HERITAGE BANK LIMITED,07/03/2024,UPI/CR/423515666829/Kavitha Iyer/7666825079@pay,0.0,0.0,0.0
94650079468,HERITAGE BANK LIMITED,07/03/2024,ATM WDL-89204,0.0,0.0,0.0
94650079468,HERITAGE BANK LIMITED,07/03/2024,CASH DEPOSIT-Venkatesh Pillai,0.0,0.0,0.0
94650079468,HERITAGE BANK LIMITED,07/03/2024,CLG-APEX HEAVY INDUSTRIES,0.0,0.0,0.0
94650079468,HERITAGE BANK LIMITED,09/03/2024,CASH DEPOSIT-Venkatesh Rao,0.0,0.0,0.0
94650079468,HERITAGE BANK LIMITED,11/03/2024,CLG-NETFORGE TECHNOLOGIES,0.0,0.0,0.0
94650079468,HERITAGE BANK LIMITED,12/03/2024,CLG-REALTY VENTURES LTD,0.0,0.0,0.0
94650079468,HERITAGE BANK LIMITED,12/03/2024,CLG-DAILY NEEDS LIMITED,0.0,0.0,0.0
94650079468,HERITAGE BANK LIMITED,13/03/2024,NEFT-914966788149-Subramaniam Reddy,0.0,0.0,0.0
94650079468,HERITAGE BANK LIMITED,14/03/2024,NEFT-518222503611-Lakshmi Menon,0.0,0.0,0.0
94650079468,HERITAGE BANK LIMITED,15/03/2024,CLG-PRECISION ENGINEERING WORKS,0.0,0.0,0.0
94650079468,HERITAGE BANK LIMITED,15/03/2024,NEFT-188101043625-Venkatesh Naidu,0.0,0.0,0.0
94650079468,HERITAGE BANK LIMITED,15/03/2024,IMPS-880021436009-SUPPLY CHAIN CORP,0.0,0.0,0.0
94650079468,HERITAGE BANK LIMITED,18/03/2024,NEFT-126523532352-GST PAYMENT-GSTIN,0.0,0.0,0.0
94650079468,HERITAGE BANK LIMITED,18/03/2024,RTGS-ICICR678340829872-Venkatesh Rao,0.0,0.0,0.0
94650079468,HERITAGE BANK LIMITED,18/03/2024,RTGS-ICICR799204944594-MOTOR INDUSTRIES LTD,0.0,0.0,0.0
94650079468,HERITAGE BANK LIMITED,19/03/2024,SERVICE CHARGES-Foreign Currency Markup,0.0,0.0,0.0
94650079468,HERITAGE BANK LIMITED,19/03/2024,ATM WDL-55362,0.0,0.0,0.0
94650079468,HERITAGE BANK LIMITED,20/03/2024,NEFT-404549296525-APEX HEAVY INDUSTRIES,0.0,0.0,0.0
94650079468,HERITAGE BANK LIMITED,20/03/2024,CLG-MEDCARE LABORATORIES,0.0,0.0,0.0
94650079468,HERITAGE BANK LIMITED,20/03/2024,IMPS-973989051394-FINANCE SOLUTIONS INDIA,0.0,0.0,0.0
94650079468,HERITAGE BANK LIMITED,20/03/2024,CLG-THERMAL SYSTEMS LTD,0.0,0.0,0.0
94650079468,HERITAGE BANK LIMITED,22/03/2024,CASH DEPOSIT-Karthik Murthy,0.0,0.0,0.0
94650079468,HERITAGE BANK LIMITED,22/03/2024,CLG-CONSUMER PRODUCTS INDIA,0.0,0.0,0.0
94650079468,HERITAGE BANK LIMITED,23/03/2024,CLG-INDUSTRIAL COMPONENTS INDIA,0.0,0.0,0.0
94650079468,HERITAGE BANK LIMITED,23/03/2024,IMPS-334225158758-Lakshmi Nair,0.0,0.0,0.0
94650079468,HERITAGE BANK LIMITED,23/03/2024,RTGS-ICICR471671591190-Ganesh Naidu,0.0,0.0,0.0
94650079468,HERITAGE BANK LIMITED,23/03/2024,CASH DEPOSIT-Srinivas Murthy,0.0,0.0,0.0
94650079468,HERITAGE BANK LIMITED,23/03/2024,NEFT-257731230548-TECHVISION SYSTEMS,0.0,0.0,0.0
94650079468,HERITAGE BANK LIMITED,23/03/2024,NEFT-951739985635-GST PAYMENT-GSTIN,0.0,0.0,0.0
94650079468,HERITAGE BANK LIMITED,26/03/2024,UPI/DR/910792471516/Lakshmi Rao/6547243739@pay,0.0,0.0,0.0
94650079468,HERITAGE BANK LIMITED,26/03/2024,CASH DEPOSIT-Lakshmi Nair,0.0,0.0,0.0
94650079468,HERITAGE BANK LIMITED,26/03/2024,UPI/CR/800329758217/Venkatesh Reddy/7986158538@pay,0.0,0.0,0.0
94650079468,HERITAGE BANK LIMITED,26/03/2024,NEFT-238687014500-Venkatesh Iyer,0.0,0.0,0.0
94650079468,HERITAGE BANK LIMITED,26/03/2024,NEFT-813106087263-CAPITAL VENTURES INDIA,0.0,0.0,0.0
94650079468,HERITAGE BANK LIMITED,26/03/2024,NEFT-735416468589-HEALTHCARE PRODUCTS LTD,0.0,0.0,0.0
94650079468,HERITAGE BANK LIMITED,27/03/2024,NEFT Dr-872843275966-UTILITY SUBSCRIPTION,0.0,0.0,0.0
94650079468,HERITAGE BANK LIMITED,27/03/2024,RTGS-ICICR229555537892-Ganesh Reddy,0.0,0.0,0.0
94650079468,HERITAGE BANK LIMITED,27/03/2024,CASH DEPOSIT-Lakshmi Murthy,0.0,0.0,0.0
94650079468,HERITAGE BANK LIMITED,28/03/2024,CHQ PAID-Ganesh Reddy-MICR,0.0,0.0,0.0
94650079468,HERITAGE BANK LIMITED,28/03/2024,NEFT-247083664455-FASHION TEXTILES LTD,0.0,0.0,0.0
94650079468,HERITAGE BANK LIMITED,28/03/2024,CLG-CONSTRUCTION SOLUTIONS LTD,0.0,0.0,0.0
94650079468,HERITAGE BANK LIMITED,28/03/2024,RTGS-ICICR209691815701-Venkatesh Reddy,0.0,0.0,0.0
94650079468,HERITAGE BANK LIMITED,28/03/2024,Service Charges-Foreign Currency Markup,0.0,0.0,0.0
94650079468,HERITAGE BANK LIMITED,28/03/2024,Service Charges-Demat Account AMC,0.0,0.0,0.0
94650079468,HERITAGE BANK LIMITED,30/03/2024,RTGS-ICICR821467002927-THERMAL SYSTEMS LTD,0.0,0.0,0.0
74048203960,UNITY NATIONAL BANK,01/01/2024,IMPS-236944804524-CLOUDTECH SERVICES,0.0,0.0,0.0
74048203960,UNITY NATIONAL BANK,01/01/2024,NEFT-218948232945-WELLNESS BRANDS INDIA,0.0,0.0,0.0
74048203960,UNITY NATIONAL BANK,02/01/2024,UPI/CR/591719019708/Bhavesh Desai/6704802241@pay,0.0,0.0,0.0
74048203960,UNITY NATIONAL BANK,03/01/2024,SERVICE CHARGES-Cheque Book Charges,0.0,0.0,0.0
74048203960,UNITY NATIONAL BANK,03/01/2024,CLG-METROPOLITAN BUILDERS,0.0,0.0,0.0
74048203960,UNITY NATIONAL BANK,04/01/2024,NEFT-973708959236-Paresh Amin,0.0,0.0,0.0
74048203960,UNITY NATIONAL BANK,05/01/2024,NEFT Dr-811644155512-RENT PAYMENT-MONTHLY RENT,0.0,0.0,0.0
74048203960,UNITY NATIONAL BANK,05/01/2024,RTGS-ICICR471314230762-INFOCORE TECHNOLOGIES,0.0,0.0,0.0
74048203960,UNITY NATIONAL BANK,06/01/2024,NEFT-974175001571-Nilesh Trivedi,0.0,0.0,0.0
74048203960,UNITY NATIONAL BANK,06/01/2024,IMPS-459939507794-HEALTHPLUS PHARMA LTD,0.0,0.0,0.0
74048203960,UNITY NATIONAL BANK,08/01/2024,CLG-HOUSING DEVELOPERS CORP,0.0,0.0,0.0
74048203960,UNITY NATIONAL BANK,08/01/2024,CASH DEPOSIT-Nisha Trivedi,0.0,0.0,0.0
74048203960,UNITY NATIONAL BANK,08/01/2024,CLG-MEDCARE LABORATORIES,0.0,0.0,0.0
74048203960,UNITY NATIONAL BANK,09/01/2024,NEFT-860082071633-Jayesh Modi,0.0,0.0,0.0
74048203960,UNITY NATIONAL BANK,09/01/2024,CASH WITHDRAWAL-Nilesh Trivedi,0.0,0.0,0.0
74048203960,UNITY NATIONAL BANK,10/01/2024,NEFT-355529299796-FABRIC INDUSTRIES INDIA,0.0,0.0,0.0
74048203960,UNITY NATIONAL BANK,10/01/2024,SERVICE CHARGES-SMS Alert Charges,0.0,0.0,0.0
74048203960,UNITY NATIONAL BANK,12/01/2024,NEFT-110172854414-DIGITAL SOLUTIONS INDIA,0.0,0.0,0.0
74048203960,UNITY NATIONAL BANK,12/01/2024,CHQ PAID-Bhavesh Trivedi-MICR,0.0,0.0,0.0
74048203960,UNITY NATIONAL BANK,13/01/2024,NEFT-717623461934-Nilesh Trivedi,0.0,0.0,0.0
74048203960,UNITY NATIONAL BANK,13/01/2024,CHQ PAID-Ketan Trivedi-MICR,0.0,0.0,0.0
74048203960,UNITY NATIONAL BANK,15/01/2024,IMPS-640839870936-SUPPLY CHAIN CORP,0.0,0.0,0.0
74048203960,UNITY NATIONAL BANK,15/01/2024,RTGS-ICICR466797494238-FABRIC INDUSTRIES INDIA,0.0,0.0,0.0
74048203960,UNITY NATIONAL BANK,15/01/2024,NEFT-490671819848-FABRIC INDUSTRIES INDIA,0.0,0.0,0.0
74048203960,UNITY NATIONAL BANK,16/01/2024,IMPS-314815811268-FASHION TEXTILES LTD,0.0,0.0,0.0
74048203960,UNITY NATIONAL BANK,16/01/2024,RTGS-ICICR335362644712-PERSONAL CARE LTD,0.0,0.0,0.0
74048203960,UNITY NATIONAL BANK,16/01/2024,CLG-PRECISION ENGINEERING WORKS,0.0,0.0,0.0
74048203960,UNITY NATIONAL BANK,16/01/2024,RTGS-ICICR805689328280-Mehul Shah,0.0,0.0,0.0
74048203960,UNITY NATIONAL BANK,17/01/2024,NEFT-634540457120-Mehul Patel,0.0,0.0,0.0
74048203960,UNITY NATIONAL BANK,19/01/2024,CHQ PAID-Hitesh Parekh-MICR,0.0,0.0,0.0
74048203960,UNITY NATIONAL BANK,19/01/2024,IMPS-135055363811-Ketan Patel,0.0,0.0,0.0
74048203960,UNITY NATIONAL BANK,19/01/2024,ATM WDL-17698,0.0,0.0,0.0
74048203960,UNITY NATIONAL BANK,20/01/2024,CASH DEPOSIT-Bhavesh Trivedi,0.0,0.0,0.0
74048203960,UNITY NATIONAL BANK,20/01/2024,NEFT Dr-988508695959-GST PAYMENT-GSTIN 89C8136,0.0,0.0,0.0
74048203960,UNITY NATIONAL BANK,20/01/2024,IMPS-124207714469-CONSTRUCTION SOLUTIONS LTD,0.0,0.0,0.0
74048203960,UNITY NATIONAL BANK,20/01/2024,SERVICE CHARGES-Online Banking Charges,0.0,0.0,0.0
74048203960,UNITY NATIONAL BANK,20/01/2024,NEFT-894647684475-WEBSTREAM LIMITED,0.0,0.0,0.0
74048203960,UNITY NATIONAL BANK,22/01/2024,NEFT-755752564220-GATEWAY PROJECTS LTD,0.0,0.0,0.0
74048203960,UNITY NATIONAL BANK,22/01/2024,UPI/CR/329900098493/Jayesh Modi/7243583834@pay,0.0,0.0,0.0
74048203960,UNITY NATIONAL BANK,23/01/2024,RTGS-ICICR667821006503-CYBERCRAFT SYSTEMS,0.0,0.0,0.0
74048203960,UNITY NATIONAL BANK,23/01/2024,UPI/CR/905791114240/Ketan Amin/7640502193@pay,0.0,0.0,0.0
74048203960,UNITY NATIONAL BANK,23/01/2024,CASH WITHDRAWAL-Ketan Shah,0.0,0.0,0.0
74048203960,UNITY NATIONAL BANK,23/01/2024,NEFT-314006432070-Jayesh Vora,0.0,0.0,0.0
74048203960,UNITY NATIONAL BANK,24/01/2024,CASH DEPOSIT-Hitesh Trivedi,0.0,0.0,0.0
74048203960,UNITY NATIONAL BANK,24/01/2024,IMPS-581345550984-Hitesh Desai,0.0,0.0,0.0
74048203960,UNITY NATIONAL BANK,24/01/2024,RTGS-ICICR233349682710-Jayesh Amin,0.0,0.0,0.0
74048203960,UNITY NATIONAL BANK,24/01/2024,CHQ PAID-Paresh Patel-MICR,0.0,0.0,0.0
74048203960,UNITY NATIONAL BANK,25/01/2024,RTGS-ICICR142983468511-CONSUMER PRODUCTS INDIA,0.0,0.0,0.0
74048203960,UNITY NATIONAL BANK,25/01/2024,CLG-CYBERCRAFT SYSTEMS,0.0,0.0,0.0
74048203960,UNITY NATIONAL BANK,25/01/2024,CLG-DAILY NEEDS LIMITED,0.0,0.0,0.0
74048203960,UNITY NATIONAL BANK,27/01/2024,REVERSAL-RTGS-ICICR142983468511-CONSUMER PRODUCTS INDIA,0.0,0.0,0.0
74048203960,UNITY NATIONAL BANK,27/01/2024,NEFT-648730046928-Bhavesh Desai,0.0,0.0,0.0
74048203960,UNITY NATIONAL BANK,29/01/2024,RTGS-ICICR849613878018-Nilesh Trivedi,0.0,0.0,0.0
74048203960,UNITY NATIONAL BANK,29/01/2024,CASH DEPOSIT-Bhavesh Shah,0.0,0.0,0.0
74048203960,UNITY NATIONAL BANK,29/01/2024,ATM WDL-84985,0.0,0.0,0.0
74048203960,UNITY NATIONAL BANK,29/01/2024,IMPS-600444241613-MOTOR INDUSTRIES LTD,0.0,0.0,0.0
74048203960,UNITY NATIONAL BANK,31/01/2024,CHQ PAID-Ketan Amin-MICR,0.0,0.0,0.0
74048203960,UNITY NATIONAL BANK,01/02/2024,IMPS-439582991351-INFOCORE TECHNOLOGIES,0.0,0.0,0.0
74048203960,UNITY NATIONAL BANK,02/02/2024,IMPS-108613741834-WEBSTREAM LIMITED,0.0,0.0,0.0
74048203960,UNITY NATIONAL BANK,02/02/2024,IMPS-441899893127-HEALTHPLUS PHARMA LTD,0.0,0.0,0.0
74048203960,UNITY NATIONAL BANK,03/02/2024,IMPS-530711815860-WELLNESS BRANDS INDIA,0.0,0.0,0.0
74048203960,UNITY NATIONAL BANK,05/02/2024,RTGS-ICICR294129743051-CONSTRUCTION SOLUTIONS LTD,0.0,0.0,0.0
74048203960,UNITY NATIONAL BANK,05/02/2024,NEFT Dr-416630437601-RENT PAYMENT-MONTHLY RENT,0.0,0.0,0.0
74048203960,UNITY NATIONAL BANK,05/02/2024,IMPS-643181044671-CLOUDTECH SERVICES,0.0,0.0,0.0
74048203960,UNITY NATIONAL BANK,05/02/2024,UPI/CR/519115893709/Jayesh Patel/6169766240@pay,0.0,0.0,0.0
74048203960,UNITY NATIONAL BANK,05/02/2024,UPI/DR/703081160069/Nilesh Vora/6361947897@pay,0.0,0.0,0.0
74048203960,UNITY NATIONAL BANK,06/02/2024,CLG-COTTON MILLS CORP,0.0,0.0,0.0
74048203960,UNITY NATIONAL BANK,07/02/2024,RTGS-ICICR296435052404-SOFTWAVE TECHNOLOGIES,0.0,0.0,0.0
74048203960,UNITY NATIONAL BANK,07/02/2024,NEFT-263184797784-Jayesh Parekh,0.0,0.0,0.0
74048203960,UNITY NATIONAL BANK,08/02/2024,CHQ PAID-Paresh Parekh-MICR,0.0,0.0,0.0
74048203960,UNITY NATIONAL BANK,08/02/2024,CHQ PAID-Jayesh Vora-MICR,0.0,0.0,0.0
74048203960,UNITY NATIONAL BANK,08/02/2024,NEFT-548765926098-HIGHWAY DEVELOPERS INDIA,0.0,0.0,0.0
74048203960,UNITY NATIONAL BANK,09/02/2024,NEFT-237523159004-PERSONAL CARE LTD,0.0,0.0,0.0
74048203960,UNITY NATIONAL BANK,10/02/2024,NEFT-645646702702-Hitesh Vora,0.0,0.0,0.0
74048203960,UNITY NATIONAL BANK,10/02/2024,CASH DEPOSIT-Mehul Patel,0.0,0.0,0.0
74048203960,UNITY NATIONAL BANK,12/02/2024,NEFT-711275130898-CODEBASE SOLUTIONS,0.0,0.0,0.0
74048203960,UNITY NATIONAL BANK,13/02/2024,CHQ PAID-Mehul Modi-MICR,0.0,0.0,0.0
74048203960,UNITY NATIONAL BANK,15/02/2024,CHQ PAID-Ketan Shah-MICR,0.0,0.0,0.0
74048203960,UNITY NATIONAL BANK,16/02/2024,NEFT-723919481053-MEDCARE LABORATORIES,0.0,0.0,0.0
74048203960,UNITY NATIONAL BANK,16/02/2024,UPI/CR/682838394071/Jayesh Vora/7408017937@pay,0.0,0.0,0.0
74048203960,UNITY NATIONAL BANK,16/02/2024,UPI/CR/682992524436/Paresh Shah/7950979444@pay,0.0,0.0,0.0
74048203960,UNITY NATIONAL BANK,17/02/2024,UPI/CR/670394187293/Mehul Shah/9354518915@pay,0.0,0.0,0.0
74048203960,UNITY NATIONAL BANK,17/02/2024,CLG-INDUSTRIAL COMPONENTS INDIA,0.0,0.0,0.0
74048203960,UNITY NATIONAL BANK,17/02/2024,RTGS-ICICR516498238827-MEDCARE LABORATORIES,0.0,0.0,0.0
74048203960,UNITY NATIONAL BANK,19/02/2024,ATM WDL-48157,0.0,0.0,0.0
74048203960,UNITY NATIONAL BANK,19/02/2024,CHQ PAID-Jayesh Trivedi-MICR,0.0,0.0,0.0
74048203960,UNITY NATIONAL BANK,19/02/2024,IMPS-942996903128-Nilesh Trivedi,0.0,0.0,0.0
74048203960,UNITY NATIONAL BANK,19/02/2024,IMPS-712301565023-Nilesh Amin,0.0,0.0,0.0
74048203960,UNITY NATIONAL BANK,19/02/2024,IMPS-412389851237-Bhavesh Modi,0.0,0.0,0.0
74048203960,UNITY NATIONAL BANK,19/02/2024,UPI/DR/457988554806/Mehul Shah/8557448473@pay,0.0,0.0,0.0
74048203960,UNITY NATIONAL BANK,20/02/2024,NEFT Dr-139534890269-GST PAYMENT-GSTIN 99C1372,0.0,0.0,0.0
74048203960,UNITY NATIONAL BANK,21/02/2024,CASH WITHDRAWAL-Bhavesh Trivedi,0.0,0.0,0.0
74048203960,UNITY NATIONAL BANK,22/02/2024,SERVICE CHARGES-Foreign Currency Markup,0.0,0.0,0.0
74048203960,UNITY NATIONAL BANK,22/02/2024,CHQ PAID-Nisha Amin-MICR,0.0,0.0,0.0
74048203960,UNITY NATIONAL BANK,24/02/2024,CLG-APEX HEAVY INDUSTRIES,0.0,0.0,0.0
74048203960,UNITY NATIONAL BANK,24/02/2024,NEFT-353259806525-Bhavesh Trivedi,0.0,0.0,0.0
74048203960,UNITY NATIONAL BANK,26/02/2024,CHQ PAID-Nilesh Patel-MICR,0.0,0.0,0.0
74048203960,UNITY NATIONAL BANK,26/02/2024,UPI/CR/223880567050/Nilesh Amin/6129639837@pay,0.0,0.0,0.0
74048203960,UNITY NATIONAL BANK,27/02/2024,UPI/DR/139662211203/Hitesh Vora/8049674356@pay,0.0,0.0,0.0
74048203960,UNITY NATIONAL BANK,28/02/2024,CHQ PAID-Ketan Parekh-MICR,0.0,0.0,0.0
74048203960,UNITY NATIONAL BANK,28/02/2024,Service Charges-Account Maintenance,0.0,0.0,0.0
74048203960,UNITY NATIONAL BANK,28/02/2024,Service Charges-Cheque Book Charges,0.0,0.0,0.0
74048203960,UNITY NATIONAL BANK,29/02/2024,UPI/DR/738291321314/Nisha Patel/6877477196@pay,0.0,0.0,0.0
74048203960,UNITY NATIONAL BANK,29/02/2024,NEFT-213585307756-Nilesh Amin,0.0,0.0,0.0
74048203960,UNITY NATIONAL BANK,29/02/2024,ATM WDL-86727,0.0,0.0,0.0
74048203960,UNITY NATIONAL BANK,29/02/2024,CASH DEPOSIT-Ketan Amin,0.0,0.0,0.0
74048203960,UNITY NATIONAL BANK,01/03/2024,REVERSAL-CASH DEPOSIT-Ketan Amin,0.0,0.0,0.0
74048203960,UNITY NATIONAL BANK,02/03/2024,UPI/CR/879292897447/Bhavesh Parekh/9177287510@pay,0.0,0.0,0.0
74048203960,UNITY NATIONAL BANK,02/03/2024,RTGS-ICICR210479757397-FASHION TEXTILES LTD,0.0,0.0,0.0
74048203960,UNITY NATIONAL BANK,02/03/2024,NEFT-221980199952-Ketan Desai,0.0,0.0,0.0
74048203960,UNITY NATIONAL BANK,02/03/2024,CASH DEPOSIT-Ketan Parekh,0.0,0.0,0.0
74048203960,UNITY NATIONAL BANK,04/03/2024,UPI/DR/276639041802/Mehul Parekh/9582494751@pay,0.0,0.0,0.0
74048203960,UNITY NATIONAL BANK,04/03/2024,RTGS-ICICR921764462554-HOUSING DEVELOPERS CORP,0.0,0.0,0.0
74048203960,UNITY NATIONAL BANK,04/03/2024,ATM WDL-69667,0.0,0.0,0.0
74048203960,UNITY NATIONAL BANK,05/03/2024,NEFT Dr-765007517125-RENT PAYMENT-MONTHLY RENT,0.0,0.0,0.0
74048203960,UNITY NATIONAL BANK,05/03/2024,IMPS-850136349242-Bhavesh Patel,0.0,0.0,0.0
74048203960,UNITY NATIONAL BANK,05/03/2024,NEFT-227962070948-Nisha Modi,0.0,0.0,0.0
74048203960,UNITY NATIONAL BANK,06/03/2024,IMPS-716037630039-APEX HEAVY INDUSTRIES,0.0,0.0,0.0
74048203960,UNITY NATIONAL BANK,06/03/2024,CLG-PRECISION ENGINEERING WORKS,0.0,0.0,0.0
74048203960,UNITY NATIONAL BANK,06/03/2024,IMPS-445557469316-SUPPLY CHAIN CORP,0.0,0.0,0.0
74048203960,UNITY NATIONAL BANK,06/03/2024,UPI/DR/532194288433/Nisha Modi/9769685218@pay,0.0,0.0,0.0
74048203960,UNITY NATIONAL BANK,07/03/2024,IMPS-976293080847-NETFORGE TECHNOLOGIES,0.0,0.0,0.0
74048203960,UNITY NATIONAL BANK,07/03/2024,CLG-DATABRIDGE INFOTECH,0.0,0.0,0.0
74048203960,UNITY NATIONAL BANK,07/03/2024,IMPS-396114261332-Hitesh Modi,0.0,0.0,0.0
74048203960,UNITY NATIONAL BANK,09/03/2024,IMPS-216327247715-Bhavesh Modi,0.0,0.0,0.0
74048203960,UNITY NATIONAL BANK,11/03/2024,NEFT-258717306477-PREMIUM PROPERTIES LTD,0.0,0.0,0.0
74048203960,UNITY NATIONAL BANK,13/03/2024,CASH WITHDRAWAL-Hitesh Vora,0.0,0.0,0.0
74048203960,UNITY NATIONAL BANK,13/03/2024,CLG-DIGITAL SOLUTIONS INDIA,0.0,0.0,0.0
74048203960,UNITY NATIONAL BANK,13/03/2024,SERVICE CHARGES-Account Maintenance,0.0,0.0,0.0
74048203960,UNITY NATIONAL BANK,13/03/2024,CASH WITHDRAWAL-Mehul Amin,0.0,0.0,0.0
74048203960,UNITY NATIONAL BANK,14/03/2024,SERVICE CHARGES-Account Maintenance,0.0,0.0,0.0
74048203960,UNITY NATIONAL BANK,15/03/2024,NEFT-506113765112-Nilesh Desai,0.0,0.0,0.0
74048203960,UNITY NATIONAL BANK,15/03/2024,CASH WITHDRAWAL-Nilesh Shah,0.0,0.0,0.0
74048203960,UNITY NATIONAL BANK,15/03/2024,CLG-APEX HEAVY INDUSTRIES,0.0,0.0,0.0
74048203960,UNITY NATIONAL BANK,16/03/2024,CHQ PAID-Bhavesh Vora-MICR,0.0,0.0,0.0
74048203960,UNITY NATIONAL BANK,18/03/2024,CASH DEPOSIT-Nilesh Patel,0.0,0.0,0.0
74048203960,UNITY NATIONAL BANK,18/03/2024,CHQ PAID-Paresh Shah-MICR,0.0,0.0,0.0
74048203960,UNITY NATIONAL BANK,20/03/2024,UPI/CR/204402382011/Jayesh Modi/9872607396@pay,0.0,0.0,0.0
74048203960,UNITY NATIONAL BANK,20/03/2024,NEFT Dr-388988156599-GST PAYMENT-GSTIN 73D9679,0.0,0.0,0.0
74048203960,UNITY NATIONAL BANK,21/03/2024,CHQ PAID-Bhavesh Parekh-MICR,0.0,0.0,0.0
74048203960,UNITY NATIONAL BANK,21/03/2024,RTGS-ICICR935128003282-THERMAL SYSTEMS LTD,0.0,0.0,0.0
74048203960,UNITY NATIONAL BANK,22/03/2024,CHQ PAID-Mehul Amin-MICR,0.0,0.0,0.0
74048203960,UNITY NATIONAL BANK,22/03/2024,IMPS-649604597201-HOUSING DEVELOPERS CORP,0.0,0.0,0.0
74048203960,UNITY NATIONAL BANK,23/03/2024,IMPS-333524612468-CONSTRUCTION SOLUTIONS LTD,0.0,0.0,0.0
74048203960,UNITY NATIONAL BANK,23/03/2024,CASH DEPOSIT-Mehul Vora,0.0,0.0,0.0
74048203960,UNITY NATIONAL BANK,23/03/2024,ATM WDL-40874,0.0,0.0,0.0
74048203960,UNITY NATIONAL BANK,23/03/2024,IMPS-980194766471-MEDCARE LABORATORIES,0.0,0.0,0.0
74048203960,UNITY NATIONAL BANK,26/03/2024,CLG-PREMIUM PROPERTIES LTD,0.0,0.0,0.0
74048203960,UNITY NATIONAL BANK,26/03/2024,CASH DEPOSIT-Ketan Trivedi,0.0,0.0,0.0
74048203960,UNITY NATIONAL BANK,27/03/2024,CASH DEPOSIT-Mehul Modi,0.0,0.0,0.0
74048203960,UNITY NATIONAL BANK,27/03/2024,CASH DEPOSIT-Jayesh Amin,0.0,0.0,0.0
74048203960,UNITY NATIONAL BANK,27/03/2024,NEFT-236388042704-Ketan Amin,0.0,0.0,0.0
74048203960,UNITY NATIONAL BANK,28/03/2024,CHQ PAID-Nisha Modi-MICR,0.0,0.0,0.0
74048203960,UNITY NATIONAL BANK,28/03/2024,CHQ PAID-Mehul Trivedi-MICR,0.0,0.0,0.0
74048203960,UNITY NATIONAL BANK,28/03/2024,Service Charges-NEFT/RTGS Charges,0.0,0.0,0.0
74048203960,UNITY NATIONAL BANK,28/03/2024,Service Charges-Cheque Book Charges,0.0,0.0,0.0
74048203960,UNITY NATIONAL BANK,28/03/2024,Service Charges-Foreign Currency Markup,0.0,0.0,0.0
74048203960,UNITY NATIONAL BANK,30/03/2024,ATM WDL-40453,0.0,0.0,0.0
74048203960,UNITY NATIONAL BANK,30/03/2024,IMPS-437335446431-URBAN CONSTRUCTIONS,0.0,0.0,0.0
74048203960,UNITY NATIONAL BANK,30/03/2024,CLG-THERMAL SYSTEMS LTD,0.0,0.0,0.0
74048203960,UNITY NATIONAL BANK,30/03/2024,RTGS-ICICR258156403125-Bhavesh Amin,0.0,0.0,0.0
74048203960,UNITY NATIONAL BANK,30/03/2024,ATM WDL-94954,0.0,0.0,0.0
74048203960,UNITY NATIONAL BANK,30/03/2024,UPI/CR/491761487486/Paresh Parekh/8767436348@pay,0.0,0.0,0.0
52934702276,MILESTONE BANKING SOLUTIONS,01/01/2024,CLG-FASHION TEXTILES LTD,0.0,0.0,0.0
52934702276,MILESTONE BANKING SOLUTIONS,02/01/2024,IMPS-513969840044-HEALTHCARE PRODUCTS LTD,0.0,0.0,0.0
52934702276,MILESTONE BANKING SOLUTIONS,03/01/2024,CLG-DIGITAL SOLUTIONS INDIA,0.0,0.0,0.0
52934702276,MILESTONE BANKING SOLUTIONS,04/01/2024,NEFT-765201181612-Bhavesh Desai,0.0,0.0,0.0
52934702276,MILESTONE BANKING SOLUTIONS,04/01/2024,NEFT-396114415308-LOAN DISBURSEMENT-NETFORGE TECHNOLOGIES,0.0,0.0,0.0
52934702276,MILESTONE BANKING SOLUTIONS,05/01/2024,NEFT-741122511622-Paresh Shah,0.0,0.0,0.0
52934702276,MILESTONE BANKING SOLUTIONS,05/01/2024,NEFT Dr-688652647390-RENT PAYMENT-MONTHLY RENT,0.0,0.0,0.0
52934702276,MILESTONE BANKING SOLUTIONS,05/01/2024,NEFT-965215640502-CREDIT SERVICES LTD,0.0,0.0,0.0
52934702276,MILESTONE BANKING SOLUTIONS,05/01/2024,NEFT-726779150804-SOFTWAVE TECHNOLOGIES,0.0,0.0,0.0
52934702276,MILESTONE BANKING SOLUTIONS,05/01/2024,ATM WDL-63652,0.0,0.0,0.0
52934702276,MILESTONE BANKING SOLUTIONS,06/01/2024,IMPS-965144509442-Paresh Vora,0.0,0.0,0.0
52934702276,MILESTONE BANKING SOLUTIONS,06/01/2024,CHQ PAID-Ketan Trivedi-MICR,0.0,0.0,0.0
52934702276,MILESTONE BANKING SOLUTIONS,08/01/2024,CHQ PAID-Nisha Shah-MICR,0.0,0.0,0.0
52934702276,MILESTONE BANKING SOLUTIONS,09/01/2024,UPI/DR/779354959033/Jayesh Shah/7238926334@pay,0.0,0.0,0.0
52934702276,MILESTONE BANKING SOLUTIONS,09/01/2024,IMPS-816846505047-FASHION TEXTILES LTD,0.0,0.0,0.0
52934702276,MILESTONE BANKING SOLUTIONS,10/01/2024,IMPS-991982666101-CONSUMER PRODUCTS INDIA,0.0,0.0,0.0
52934702276,MILESTONE BANKING SOLUTIONS,10/01/2024,NEFT Dr-514768994371-LOAN EMI-MONTHLY INSTALLMENT,0.0,0.0,0.0
52934702276,MILESTONE BANKING SOLUTIONS,10/01/2024,IMPS-646989516833-COTTON MILLS CORP,0.0,0.0,0.0
52934702276,MILESTONE BANKING SOLUTIONS,10/01/2024,CASH DEPOSIT-Nilesh Desai,0.0,0.0,0.0
52934702276,MILESTONE BANKING SOLUTIONS,11/01/2024,RTGS-ICICR502397630908-Nilesh Desai,0.0,0.0,0.0
52934702276,MILESTONE BANKING SOLUTIONS,12/01/2024,CLG-MOTOR INDUSTRIES LTD,0.0,0.0,0.0
52934702276,MILESTONE BANKING SOLUTIONS,12/01/2024,CASH DEPOSIT-Nilesh Modi,0.0,0.0,0.0
52934702276,MILESTONE BANKING SOLUTIONS,12/01/2024,CASH DEPOSIT-Ketan Parekh,0.0,0.0,0.0
52934702276,MILESTONE BANKING SOLUTIONS,12/01/2024,CHQ PAID-Hitesh Trivedi-MICR,0.0,0.0,0.0
52934702276,MILESTONE BANKING SOLUTIONS,12/01/2024,CLG-MOTOR INDUSTRIES LTD,0.0,0.0,0.0
52934702276,MILESTONE BANKING SOLUTIONS,13/01/2024,UPI/CR/742373325737/Mehul Trivedi/7111468273@pay,0.0,0.0,0.0
52934702276,MILESTONE BANKING SOLUTIONS,15/01/2024,CASH WITHDRAWAL-Mehul Trivedi,0.0,0.0,0.0
52934702276,MILESTONE BANKING SOLUTIONS,15/01/2024,IMPS-847181568013-EXPRESS LOGISTICS INDIA,0.0,0.0,0.0
52934702276,MILESTONE BANKING SOLUTIONS,15/01/2024,CASH DEPOSIT-Nisha Modi,0.0,0.0,0.0
52934702276,MILESTONE BANKING SOLUTIONS,17/01/2024,IMPS-597876615049-GATEWAY PROJECTS LTD,0.0,0.0,0.0
52934702276,MILESTONE BANKING SOLUTIONS,17/01/2024,RTGS-ICICR154659461783-Bhavesh Amin,0.0,0.0,0.0
52934702276,MILESTONE BANKING SOLUTIONS,20/01/2024,NEFT-762462803106-Nilesh Trivedi,0.0,0.0,0.0
52934702276,MILESTONE BANKING SOLUTIONS,20/01/2024,NEFT Dr-988586599171-GST PAYMENT-GSTIN 36B1348,0.0,0.0,0.0
52934702276,MILESTONE BANKING SOLUTIONS,22/01/2024,IMPS-853982744364-Hitesh Trivedi,0.0,0.0,0.0
52934702276,MILESTONE BANKING SOLUTIONS,22/01/2024,NEFT-480999237225-Nilesh Vora,0.0,0.0,0.0
52934702276,MILESTONE BANKING SOLUTIONS,22/01/2024,IMPS-990528253980-Nisha Modi,0.0,0.0,0.0
52934702276,MILESTONE BANKING SOLUTIONS,23/01/2024,CLG-PRECISION ENGINEERING WORKS,0.0,0.0,0.0
52934702276,MILESTONE BANKING SOLUTIONS,23/01/2024,CASH WITHDRAWAL-Nilesh Modi,0.0,0.0,0.0
52934702276,MILESTONE BANKING SOLUTIONS,25/01/2024,CASH DEPOSIT-Nisha Modi,0.0,0.0,0.0
52934702276,MILESTONE BANKING SOLUTIONS,25/01/2024,NEFT-205012119466-Paresh Amin,0.0,0.0,0.0
52934702276,MILESTONE BANKING SOLUTIONS,25/01/2024,CLG-CODEBASE SOLUTIONS,0.0,0.0,0.0
52934702276,MILESTONE BANKING SOLUTIONS,25/01/2024,IMPS-505881761643-HOUSING DEVELOPERS CORP,0.0,0.0,0.0
52934702276,MILESTONE BANKING SOLUTIONS,25/01/2024,ATM WDL-99901,0.0,0.0,0.0
52934702276,MILESTONE BANKING SOLUTIONS,25/01/2024,RTGS-ICICR790211718375-NETPULSE SYSTEMS,0.0,0.0,0.0
52934702276,MILESTONE BANKING SOLUTIONS,25/01/2024,NEFT-152022632720-RETAIL SOLUTIONS INDIA,0.0,0.0,0.0
52934702276,MILESTONE BANKING SOLUTIONS,25/01/2024,UPI/CR/989975709791/Paresh Amin/9827132239@pay,0.0,0.0,0.0
52934702276,MILESTONE BANKING SOLUTIONS,27/01/2024,IMPS-997325465258-WELLNESS BRANDS INDIA,0.0,0.0,0.0
52934702276,MILESTONE BANKING SOLUTIONS,29/01/2024,NEFT-833216531216-Paresh Vora,0.0,0.0,0.0
52934702276,MILESTONE BANKING SOLUTIONS,29/01/2024,RTGS-ICICR845397270108-MINDWAVE CONSULTING,0.0,0.0,0.0
52934702276,MILESTONE BANKING SOLUTIONS,30/01/2024,IMPS-574258280848-Nisha Shah,0.0,0.0,0.0
52934702276,MILESTONE BANKING SOLUTIONS,31/01/2024,IMPS-688911207301-HEALTHPLUS PHARMA LTD,0.0,0.0,0.0
52934702276,MILESTONE BANKING SOLUTIONS,31/01/2024,CASH WITHDRAWAL-Hitesh Amin,0.0,0.0,0.0
52934702276,MILESTONE BANKING SOLUTIONS,31/01/2024,CASH DEPOSIT-Nilesh Parekh,0.0,0.0,0.0
52934702276,MILESTONE BANKING SOLUTIONS,31/01/2024,CASH WITHDRAWAL-Ketan Patel,0.0,0.0,0.0
52934702276,MILESTONE BANKING SOLUTIONS,31/01/2024,SERVICE CHARGES-Cheque Book Charges,0.0,0.0,0.0
52934702276,MILESTONE BANKING SOLUTIONS,31/01/2024,CASH WITHDRAWAL-Jayesh Shah,0.0,0.0,0.0
52934702276,MILESTONE BANKING SOLUTIONS,02/02/2024,CHQ PAID-Mehul Modi-MICR,0.0,0.0,0.0
52934702276,MILESTONE BANKING SOLUTIONS,02/02/2024,RTGS-ICICR867605041831-Nilesh Vora,0.0,0.0,0.0
52934702276,MILESTONE BANKING SOLUTIONS,02/02/2024,CLG-HEALTHCARE PRODUCTS LTD,0.0,0.0,0.0
52934702276,MILESTONE BANKING SOLUTIONS,02/02/2024,CLG-PERSONAL CARE LTD,0.0,0.0,0.0
52934702276,MILESTONE BANKING SOLUTIONS,02/02/2024,CASH WITHDRAWAL-Hitesh Shah,0.0,0.0,0.0
52934702276,MILESTONE BANKING SOLUTIONS,03/02/2024,NEFT-999331622755-FABRIC INDUSTRIES INDIA,0.0,0.0,0.0
52934702276,MILESTONE BANKING SOLUTIONS,03/02/2024,SERVICE CHARGES-Account Maintenance,0.0,0.0,0.0
52934702276,MILESTONE BANKING SOLUTIONS,05/02/2024,NEFT Dr-965528100677-RENT PAYMENT-MONTHLY RENT,0.0,0.0,0.0
52934702276,MILESTONE BANKING SOLUTIONS,05/02/2024,UPI/CR/213720675950/Bhavesh Modi/6845870085@pay,0.0,0.0,0.0
52934702276,MILESTONE BANKING SOLUTIONS,05/02/2024,IMPS-154077481853-HIGHWAY DEVELOPERS INDIA,0.0,0.0,0.0
52934702276,MILESTONE BANKING SOLUTIONS,05/02/2024,ATM WDL-95249,0.0,0.0,0.0
52934702276,MILESTONE BANKING SOLUTIONS,06/02/2024,FAILED-INSUFFICIENT FUNDS-CHQ PAID-Nisha Desai-MICR,0.0,0.0,0.0
52934702276,MILESTONE BANKING SOLUTIONS,06/02/2024,CASH WITHDRAWAL-Hitesh Amin,0.0,0.0,0.0
52934702276,MILESTONE BANKING SOLUTIONS,06/02/2024,NEFT-613543379384-Nilesh Shah,0.0,0.0,0.0
52934702276,MILESTONE BANKING SOLUTIONS,06/02/2024,CHQ PAID-Bhavesh Parekh-MICR,0.0,0.0,0.0
52934702276,MILESTONE BANKING SOLUTIONS,07/02/2024,RTGS-ICICR972640826356-Ketan Trivedi,0.0,0.0,0.0
52934702276,MILESTONE BANKING SOLUTIONS,07/02/2024,NEFT-653808188254-DAILY NEEDS LIMITED,0.0,0.0,0.0
52934702276,MILESTONE BANKING SOLUTIONS,07/02/2024,Service Charges-Cheque Bounce Charge-769895,0.0,0.0,0.0
52934702276,MILESTONE BANKING SOLUTIONS,08/02/2024,CHQ PAID-Ketan Shah-MICR,0.0,0.0,0.0
52934702276,MILESTONE BANKING SOLUTIONS,08/02/2024,CLG-FOOD INDUSTRIES CORP,0.0,0.0,0.0
52934702276,MILESTONE BANKING SOLUTIONS,08/02/2024,UPI/CR/588623304061/Ketan Shah/8668664187@pay,0.0,0.0,0.0
52934702276,MILESTONE BANKING SOLUTIONS,10/02/2024,NEFT Dr-306185686823-LOAN EMI-MONTHLY INSTALLMENT,0.0,0.0,0.0
52934702276,MILESTONE BANKING SOLUTIONS,12/02/2024,CASH DEPOSIT-Hitesh Trivedi,0.0,0.0,0.0
52934702276,MILESTONE BANKING SOLUTIONS,13/02/2024,CASH DEPOSIT-Ketan Desai,0.0,0.0,0.0
52934702276,MILESTONE BANKING SOLUTIONS,13/02/2024,UPI/DR/294675277608/Nisha Parekh/7858802711@pay,0.0,0.0,0.0
52934702276,MILESTONE BANKING SOLUTIONS,13/02/2024,RTGS-ICICR442176509614-Mehul Amin,0.0,0.0,0.0
52934702276,MILESTONE BANKING SOLUTIONS,14/02/2024,NEFT-887829254761-HEALTHCARE PRODUCTS LTD,0.0,0.0,0.0
52934702276,MILESTONE BANKING SOLUTIONS,15/02/2024,RTGS-ICICR644647469394-CAPITAL VENTURES INDIA,0.0,0.0,0.0
52934702276,MILESTONE BANKING SOLUTIONS,15/02/2024,CLG-EXPRESS LOGISTICS INDIA,0.0,0.0,0.0
52934702276,MILESTONE BANKING SOLUTIONS,15/02/2024,NEFT-248787379705-Ketan Amin,0.0,0.0,0.0
52934702276,MILESTONE BANKING SOLUTIONS,16/02/2024,RTGS-ICICR666571642816-Nilesh Shah,0.0,0.0,0.0
52934702276,MILESTONE BANKING SOLUTIONS,16/02/2024,REVERSAL-NEFT-887829254761-HEALTHCARE PRODUCTS LTD,0.0,0.0,0.0
52934702276,MILESTONE BANKING SOLUTIONS,17/02/2024,CASH DEPOSIT-Jayesh Amin,0.0,0.0,0.0
52934702276,MILESTONE BANKING SOLUTIONS,17/02/2024,NEFT-306192337829-EXPRESS LOGISTICS INDIA,0.0,0.0,0.0
52934702276,MILESTONE BANKING SOLUTIONS,17/02/2024,CASH DEPOSIT-Nisha Modi,0.0,0.0,0.0
52934702276,MILESTONE BANKING SOLUTIONS,17/02/2024,CASH WITHDRAWAL-Hitesh Trivedi,0.0,0.0,0.0
52934702276,MILESTONE BANKING SOLUTIONS,17/02/2024,RTGS-ICICR822481044584-Nilesh Trivedi,0.0,0.0,0.0
52934702276,MILESTONE BANKING SOLUTIONS,19/02/2024,IMPS-943996429127-Jayesh Vora,0.0,0.0,0.0
52934702276,MILESTONE BANKING SOLUTIONS,20/02/2024,UPI/CR/904482225672/Paresh Desai/6047234185@pay,0.0,0.0,0.0
52934702276,MILESTONE BANKING SOLUTIONS,20/02/2024,NEFT Dr-205483626743-GST PAYMENT-GSTIN 37D2786,0.0,0.0,0.0
52934702276,MILESTONE BANKING SOLUTIONS,20/02/2024,UPI/DR/310828364251/Nilesh Amin/8228218398@pay,0.0,0.0,0.0
52934702276,MILESTONE BANKING SOLUTIONS,20/02/2024,RTGS-ICICR714915399664-Ketan Parekh,0.0,0.0,0.0
52934702276,MILESTONE BANKING SOLUTIONS,21/02/2024,RTGS-ICICR670355376624-URBAN ESTATES INDIA,0.0,0.0,0.0
52934702276,MILESTONE BANKING SOLUTIONS,21/02/2024,IMPS-974728297319-Bhavesh Patel,0.0,0.0,0.0
52934702276,MILESTONE BANKING SOLUTIONS,21/02/2024,IMPS-874099584094-NETFORGE TECHNOLOGIES,0.0,0.0,0.0
52934702276,MILESTONE BANKING SOLUTIONS,22/02/2024,NEFT-608961952735-METROPOLITAN BUILDERS,0.0,0.0,0.0
52934702276,MILESTONE BANKING SOLUTIONS,22/02/2024,IMPS-198398393925-Nilesh Patel,0.0,0.0,0.0
52934702276,MILESTONE BANKING SOLUTIONS,22/02/2024,UPI/DR/678456350897/Nisha Patel/6026046907@pay,0.0,0.0,0.0
52934702276,MILESTONE BANKING SOLUTIONS,24/02/2024,CHQ PAID-Bhavesh Modi-MICR,0.0,0.0,0.0
52934702276,MILESTONE BANKING SOLUTIONS,27/02/2024,NEFT-788314533384-PREMIUM PROPERTIES LTD,0.0,0.0,0.0
52934702276,MILESTONE BANKING SOLUTIONS,27/02/2024,CASH DEPOSIT-Jayesh Shah,0.0,0.0,0.0
52934702276,MILESTONE BANKING SOLUTIONS,28/02/2024,CASH WITHDRAWAL-Nilesh Amin,0.0,0.0,0.0
52934702276,MILESTONE BANKING SOLUTIONS,28/02/2024,IMPS-847627211362-NETPULSE SYSTEMS,0.0,0.0,0.0
52934702276,MILESTONE BANKING SOLUTIONS,28/02/2024,Service Charges-Account Maintenance,0.0,0.0,0.0
52934702276,MILESTONE BANKING SOLUTIONS,28/02/2024,Service Charges-Foreign Currency Markup,0.0,0.0,0.0
52934702276,MILESTONE BANKING SOLUTIONS,28/02/2024,Service Charges-Online Banking Charges,0.0,0.0,0.0
52934702276,MILESTONE BANKING SOLUTIONS,29/02/2024,UPI/CR/535939612411/Bhavesh Shah/9979246228@pay,0.0,0.0,0.0
52934702276,MILESTONE BANKING SOLUTIONS,29/02/2024,CASH WITHDRAWAL-Ketan Modi,0.0,0.0,0.0
52934702276,MILESTONE BANKING SOLUTIONS,01/03/2024,IMPS-848132213938-INVESTMENT SERVICES INDIA,0.0,0.0,0.0
52934702276,MILESTONE BANKING SOLUTIONS,01/03/2024,REVERSAL-UPI/CR/535939612411/Bhavesh Shah/9979246228@pay,0.0,0.0,0.0
52934702276,MILESTONE BANKING SOLUTIONS,02/03/2024,CHQ PAID-Jayesh Desai-MICR,0.0,0.0,0.0
52934702276,MILESTONE BANKING SOLUTIONS,04/03/2024,NEFT-603983429848-CONSTRUCTION SOLUTIONS LTD,0.0,0.0,0.0
52934702276,MILESTONE BANKING SOLUTIONS,04/03/2024,CLG-PRECISION ENGINEERING WORKS,0.0,0.0,0.0
52934702276,MILESTONE BANKING SOLUTIONS,05/03/2024,NEFT Dr-202675384498-RENT PAYMENT-MONTHLY RENT,0.0,0.0,0.0
52934702276,MILESTONE BANKING SOLUTIONS,05/03/2024,UPI/CR/913571871437/Paresh Parekh/7839657939@pay,0.0,0.0,0.0
52934702276,MILESTONE BANKING SOLUTIONS,06/03/2024,FAILED-INSUFFICIENT FUNDS-UPI/DR/343563743370/Mehul Parekh/9762977078@pay,0.0,0.0,0.0
52934702276,MILESTONE BANKING SOLUTIONS,06/03/2024,RTGS-ICICR162985185360-SOFTWAVE TECHNOLOGIES,0.0,0.0,0.0
52934702276,MILESTONE BANKING SOLUTIONS,06/03/2024,RTGS-ICICR781595845789-FINANCE SOLUTIONS INDIA,0.0,0.0,0.0
52934702276,MILESTONE BANKING SOLUTIONS,06/03/2024,SERVICE CHARGES-Online Banking Charges,0.0,0.0,0.0
52934702276,MILESTONE BANKING SOLUTIONS,09/03/2024,CLG-APEX HEAVY INDUSTRIES,0.0,0.0,0.0
52934702276,MILESTONE BANKING SOLUTIONS,09/03/2024,CHQ PAID-Jayesh Modi-MICR,0.0,0.0,0.0
52934702276,MILESTONE BANKING SOLUTIONS,11/03/2024,UPI/DR/220236627287/Hitesh Shah/9301800192@pay,0.0,0.0,0.0
52934702276,MILESTONE BANKING SOLUTIONS,11/03/2024,NEFT-501900843376-Hitesh Shah,0.0,0.0,0.0
52934702276,MILESTONE BANKING SOLUTIONS,12/03/2024,RTGS-ICICR637263069085-PREMIUM PROPERTIES LTD,0.0,0.0,0.0
52934702276,MILESTONE BANKING SOLUTIONS,12/03/2024,SERVICE CHARGES-Account Maintenance,0.0,0.0,0.0
52934702276,MILESTONE BANKING SOLUTIONS,12/03/2024,NEFT-939562758111-SUPPLY CHAIN CORP,0.0,0.0,0.0
52934702276,MILESTONE BANKING SOLUTIONS,12/03/2024,NEFT-631133854135-Ketan Vora,0.0,0.0,0.0
52934702276,MILESTONE BANKING SOLUTIONS,12/03/2024,IMPS-242628554913-CODEBASE SOLUTIONS,0.0,0.0,0.0
52934702276,MILESTONE BANKING SOLUTIONS,13/03/2024,ATM WDL-32952,0.0,0.0,0.0
52934702276,MILESTONE BANKING SOLUTIONS,13/03/2024,NEFT-935783058773-Mehul Parekh,0.0,0.0,0.0
52934702276,MILESTONE BANKING SOLUTIONS,13/03/2024,NEFT-652821620643-URBAN CONSTRUCTIONS,0.0,0.0,0.0
52934702276,MILESTONE BANKING SOLUTIONS,14/03/2024,IMPS-761799430722-HOUSING DEVELOPERS CORP,0.0,0.0,0.0
52934702276,MILESTONE BANKING SOLUTIONS,15/03/2024,NEFT-748818374129-Bhavesh Modi,0.0,0.0,0.0
52934702276,MILESTONE BANKING SOLUTIONS,15/03/2024,Dividend Cr-SUPPLY CHAIN CORP-EQUITY SHARES,0.0,0.0,0.0
52934702276,MILESTONE BANKING SOLUTIONS,15/03/2024,NEFT-890081661450-Hitesh Shah,0.0,0.0,0.0
52934702276,MILESTONE BANKING SOLUTIONS,16/03/2024,RTGS-ICICR797455713773-URBAN CONSTRUCTIONS,0.0,0.0,0.0
52934702276,MILESTONE BANKING SOLUTIONS,16/03/2024,CLG-SOFTWAVE TECHNOLOGIES,0.0,0.0,0.0
52934702276,MILESTONE BANKING SOLUTIONS,16/03/2024,IMPS-491279959577-Bhavesh Patel,0.0,0.0,0.0
52934702276,MILESTONE BANKING SOLUTIONS,16/03/2024,FAILED-INSUFFICIENT FUNDS-CHQ PAID-Mehul Modi-MICR,0.0,0.0,0.0
52934702276,MILESTONE BANKING SOLUTIONS,18/03/2024,CHQ PAID-Ketan Modi-MICR,0.0,0.0,0.0
52934702276,MILESTONE BANKING SOLUTIONS,18/03/2024,CLG-GATEWAY PROJECTS LTD,0.0,0.0,0.0
52934702276,MILESTONE BANKING SOLUTIONS,18/03/2024,IMPS-814584046647-NETPULSE SYSTEMS,0.0,0.0,0.0
52934702276,MILESTONE BANKING SOLUTIONS,18/03/2024,Service Charges-Cheque Bounce Charge-262418,0.0,0.0,0.0
52934702276,MILESTONE BANKING SOLUTIONS,19/03/2024,NEFT-510013037682-URBAN ESTATES INDIA,0.0,0.0,0.0
52934702276,MILESTONE BANKING SOLUTIONS,19/03/2024,UPI/DR/253733045654/Paresh Modi/8412431399@pay,0.0,0.0,0.0
52934702276,MILESTONE BANKING SOLUTIONS,19/03/2024,CLG-HIGHWAY DEVELOPERS INDIA,0.0,0.0,0.0
52934702276,MILESTONE BANKING SOLUTIONS,20/03/2024,RTGS-ICICR870610983839-Ketan Parekh,0.0,0.0,0.0
52934702276,MILESTONE BANKING SOLUTIONS,20/03/2024,NEFT-221177153711-Nisha Modi,0.0,0.0,0.0
52934702276,MILESTONE BANKING SOLUTIONS,20/03/2024,NEFT Dr-639516792116-GST PAYMENT-GSTIN 81D7862,0.0,0.0,0.0
52934702276,MILESTONE BANKING SOLUTIONS,20/03/2024,CLG-FOOD INDUSTRIES CORP,0.0,0.0,0.0
52934702276,MILESTONE BANKING SOLUTIONS,23/03/2024,UPI/CR/338281624336/Nisha Parekh/7117232441@pay,0.0,0.0,0.0
52934702276,MILESTONE BANKING SOLUTIONS,23/03/2024,NEFT-310608338852-LOAN DISBURSEMENT-MINDWAVE CONSULTING,0.0,0.0,0.0
52934702276,MILESTONE BANKING SOLUTIONS,26/03/2024,CASH WITHDRAWAL-Mehul Vora,0.0,0.0,0.0
52934702276,MILESTONE BANKING SOLUTIONS,26/03/2024,IMPS-188525769991-Hitesh Amin,0.0,0.0,0.0
52934702276,MILESTONE BANKING SOLUTIONS,26/03/2024,CHQ PAID-Bhavesh Parekh-MICR,0.0,0.0,0.0
52934702276,MILESTONE BANKING SOLUTIONS,27/03/2024,CLG-INDUSTRIAL COMPONENTS INDIA,0.0,0.0,0.0
52934702276,MILESTONE BANKING SOLUTIONS,28/03/2024,UPI/CR/510302845895/Nisha Patel/7448928159@pay,0.0,0.0,0.0
52934702276,MILESTONE BANKING SOLUTIONS,28/03/2024,Service Charges-Statement Charges,0.0,0.0,0.0
52934702276,MILESTONE BANKING SOLUTIONS,30/03/2024,NEFT-676312158651-Paresh Parekh,0.0,0.0,0.0
52934702276,MILESTONE BANKING SOLUTIONS,30/03/2024,NEFT-135493300858-Bhavesh Amin,0.0,0.0,0.0
52934702276,MILESTONE BANKING SOLUTIONS,30/03/2024,NEFT-187793319330-Ketan Parekh,0.0,0.0,0.0
23908718914,UNITY NATIONAL BANK,01/01/2024,RTGS-ICICR510742914335-Lakshmi Naidu,0.0,0.0,0.0
23908718914,UNITY NATIONAL BANK,02/01/2024,IMPS-212190484533-HEALTHCARE PRODUCTS LTD,0.0,0.0,0.0
23908718914,UNITY NATIONAL BANK,02/01/2024,IMPS-597987779248-DATABRIDGE INFOTECH,0.0,0.0,0.0
23908718914,UNITY NATIONAL BANK,02/01/2024,UPI/CR/586134526249/Priya Krishnan/6788808567@pay,0.0,0.0,0.0
23908718914,UNITY NATIONAL BANK,02/01/2024,UPI/DR/700203118416/Ramesh Reddy/7124029087@pay,0.0,0.0,0.0
23908718914,UNITY NATIONAL BANK,04/01/2024,SERVICE CHARGES-Foreign Currency Markup,0.0,0.0,0.0
23908718914,UNITY NATIONAL BANK,04/01/2024,NEFT-403681166106-Ganesh Pillai,0.0,0.0,0.0
23908718914,UNITY NATIONAL BANK,05/01/2024,IMPS-414202795937-DAILY NEEDS LIMITED,0.0,0.0,0.0
23908718914,UNITY NATIONAL BANK,05/01/2024,NEFT-524813805872-GST PAYMENT-GSTIN,0.0,0.0,0.0
23908718914,UNITY NATIONAL BANK,06/01/2024,NEFT-644951640158-DIGITAL SOLUTIONS INDIA,0.0,0.0,0.0
23908718914,UNITY NATIONAL BANK,06/01/2024,NEFT-727523724896-HEALTHPLUS PHARMA LTD,0.0,0.0,0.0
23908718914,UNITY NATIONAL BANK,06/01/2024,ATM WDL-84393,0.0,0.0,0.0
23908718914,UNITY NATIONAL BANK,06/01/2024,IMPS-290319105487-HEALTHCARE PRODUCTS LTD,0.0,0.0,0.0
23908718914,UNITY NATIONAL BANK,08/01/2024,RTGS-ICICR419518253429-Venkatesh Rao,0.0,0.0,0.0
23908718914,UNITY NATIONAL BANK,08/01/2024,CHQ PAID-Subramaniam Rao-MICR,0.0,0.0,0.0
23908718914,UNITY NATIONAL BANK,09/01/2024,NEFT-287837415387-PRECISION ENGINEERING WORKS,0.0,0.0,0.0
23908718914,UNITY NATIONAL BANK,10/01/2024,UPI/CR/725664555690/Srinivas Reddy/8497226062@pay,0.0,0.0,0.0
23908718914,UNITY NATIONAL BANK,10/01/2024,NEFT-618421866089-PERSONAL CARE LTD,0.0,0.0,0.0
23908718914,UNITY NATIONAL BANK,10/01/2024,CASH DEPOSIT-Srinivas Nair,0.0,0.0,0.0
23908718914,UNITY NATIONAL BANK,11/01/2024,SERVICE CHARGES-Cheque Book Charges,0.0,0.0,0.0
23908718914,UNITY NATIONAL BANK,11/01/2024,RTGS-ICICR297944257075-APEX HEAVY INDUSTRIES,0.0,0.0,0.0
23908718914,UNITY NATIONAL BANK,11/01/2024,IMPS-815957436362-DAILY NEEDS LIMITED,0.0,0.0,0.0
23908718914,UNITY NATIONAL BANK,12/01/2024,REVERSAL-RTGS-ICICR297944257075-APEX HEAVY INDUSTRIES,0.0,0.0,0.0
23908718914,UNITY NATIONAL BANK,13/01/2024,IMPS-569297862727-URBAN ESTATES INDIA,0.0,0.0,0.0
23908718914,UNITY NATIONAL BANK,13/01/2024,UPI/DR/338919637684/Anitha Nair/9635953174@pay,0.0,0.0,0.0
23908718914,UNITY NATIONAL BANK,13/01/2024,IMPS-697830964902-Karthik Iyer,0.0,0.0,0.0
23908718914,UNITY NATIONAL BANK,13/01/2024,IMPS-992983448493-Venkatesh Rao,0.0,0.0,0.0
23908718914,UNITY NATIONAL BANK,15/01/2024,CHQ PAID-Srinivas Menon-MICR,0.0,0.0,0.0
23908718914,UNITY NATIONAL BANK,16/01/2024,UPI/CR/612430383276/Subramaniam Krishnan/7232360624@pay,0.0,0.0,0.0
23908718914,UNITY NATIONAL BANK,16/01/2024,NEFT-889583341413-PRECISION ENGINEERING WORKS,0.0,0.0,0.0
23908718914,UNITY NATIONAL BANK,18/01/2024,NEFT-519719438810-Priya Menon,0.0,0.0,0.0
23908718914,UNITY NATIONAL BANK,19/01/2024,UPI/DR/857223273927/Ganesh Pillai/7683434104@pay,0.0,0.0,0.0
23908718914,UNITY NATIONAL BANK,19/01/2024,CHQ PAID-Venkatesh Pillai-MICR,0.0,0.0,0.0
23908718914,UNITY NATIONAL BANK,19/01/2024,RTGS-ICICR182066605377-NETFORGE TECHNOLOGIES,0.0,0.0,0.0
23908718914,UNITY NATIONAL BANK,19/01/2024,UPI/DR/279751944022/Srinivas Murthy/7758605812@pay,0.0,0.0,0.0
23908718914,UNITY NATIONAL BANK,19/01/2024,CASH DEPOSIT-Lakshmi Naidu,0.0,0.0,0.0
23908718914,UNITY NATIONAL BANK,20/01/2024,CHQ PAID-Subramaniam Nair-MICR,0.0,0.0,0.0
23908718914,UNITY NATIONAL BANK,20/01/2024,NEFT Dr-894100359246-GST PAYMENT-GSTIN 28C8742,0.0,0.0,0.0
23908718914,UNITY NATIONAL BANK,22/01/2024,CHQ PAID-Anitha Naidu-MICR,0.0,0.0,0.0
23908718914,UNITY NATIONAL BANK,22/01/2024,CLG-FINANCE SOLUTIONS INDIA,0.0,0.0,0.0
23908718914,UNITY NATIONAL BANK,22/01/2024,IMPS-198513905699-THERMAL SYSTEMS LTD,0.0,0.0,0.0
23908718914,UNITY NATIONAL BANK,22/01/2024,IMPS-376925559056-Priya Naidu,0.0,0.0,0.0
23908718914,UNITY NATIONAL BANK,23/01/2024,ATM WDL-78867,0.0,0.0,0.0
23908718914,UNITY NATIONAL BANK,23/01/2024,UPI/CR/671379523877/Subramaniam Menon/7451082689@pay,0.0,0.0,0.0
23908718914,UNITY NATIONAL BANK,24/01/2024,ATM WDL-69028,0.0,0.0,0.0
23908718914,UNITY NATIONAL BANK,25/01/2024,NEFT-856429560970-MEDCARE LABORATORIES,0.0,0.0,0.0
23908718914,UNITY NATIONAL BANK,29/01/2024,CASH DEPOSIT-Venkatesh Murthy,0.0,0.0,0.0
23908718914,UNITY NATIONAL BANK,29/01/2024,NEFT-384430462240-Subramaniam Rao,0.0,0.0,0.0
23908718914,UNITY NATIONAL BANK,29/01/2024,UPI/CR/323017461830/Ramesh Reddy/8241426919@pay,0.0,0.0,0.0
23908718914,UNITY NATIONAL BANK,29/01/2024,ATM WDL-88835,0.0,0.0,0.0
23908718914,UNITY NATIONAL BANK,30/01/2024,NEFT-378435985055-CARGO SOLUTIONS LTD,0.0,0.0,0.0
23908718914,UNITY NATIONAL BANK,30/01/2024,NEFT-704756068064-GATEWAY PROJECTS LTD,0.0,0.0,0.0
23908718914,UNITY NATIONAL BANK,31/01/2024,NEFT-514556788419-DAILY NEEDS LIMITED,0.0,0.0,0.0
23908718914,UNITY NATIONAL BANK,31/01/2024,CLG-LIFELINE PHARMACEUTICAL,0.0,0.0,0.0
23908718914,UNITY NATIONAL BANK,01/02/2024,NEFT-442611102554-CYBERCRAFT SYSTEMS,0.0,0.0,0.0
23908718914,UNITY NATIONAL BANK,02/02/2024,RTGS-ICICR923815251247-CONSTRUCTION SOLUTIONS LTD,0.0,0.0,0.0
23908718914,UNITY NATIONAL BANK,05/02/2024,CLG-GATEWAY PROJECTS LTD,0.0,0.0,0.0
23908718914,UNITY NATIONAL BANK,05/02/2024,UPI/CR/319177823601/Subramaniam Murthy/8974815900@pay,0.0,0.0,0.0
23908718914,UNITY NATIONAL BANK,06/02/2024,ATM WDL-33865,0.0,0.0,0.0
23908718914,UNITY NATIONAL BANK,07/02/2024,NEFT-644348138246-Lakshmi Reddy,0.0,0.0,0.0
23908718914,UNITY NATIONAL BANK,07/02/2024,NEFT-686611365349-Karthik Naidu,0.0,0.0,0.0
23908718914,UNITY NATIONAL BANK,08/02/2024,IMPS-915898137500-Ramesh Iyer,0.0,0.0,0.0
23908718914,UNITY NATIONAL BANK,08/02/2024,IMPS-483565397419-CAPITAL VENTURES INDIA,0.0,0.0,0.0
23908718914,UNITY NATIONAL BANK,08/02/2024,FAILED-INSUFFICIENT FUNDS-CASH WITHDRAWAL-Karthik Menon,0.0,0.0,0.0
23908718914,UNITY NATIONAL BANK,08/02/2024,NEFT-269717509281-Subramaniam Naidu,0.0,0.0,0.0
23908718914,UNITY NATIONAL BANK,09/02/2024,CLG-NETPULSE SYSTEMS,0.0,0.0,0.0
23908718914,UNITY NATIONAL BANK,10/02/2024,ATM WDL-24242,0.0,0.0,0.0
23908718914,UNITY NATIONAL BANK,10/02/2024,IMPS-573077013494-HEALTHCARE PRODUCTS LTD,0.0,0.0,0.0
23908718914,UNITY NATIONAL BANK,10/02/2024,CLG-CONSUMER PRODUCTS INDIA,0.0,0.0,0.0
23908718914,UNITY NATIONAL BANK,12/02/2024,CASH WITHDRAWAL-Ramesh Menon,0.0,0.0,0.0
23908718914,UNITY NATIONAL BANK,12/02/2024,NEFT-122697498898-Srinivas Nair,0.0,0.0,0.0
23908718914,UNITY NATIONAL BANK,12/02/2024,SERVICE CHARGES-Foreign Currency Markup,0.0,0.0,0.0
23908718914,UNITY NATIONAL BANK,13/02/2024,UPI/CR/614495410263/Venkatesh Reddy/7054374447@pay,0.0,0.0,0.0
23908718914,UNITY NATIONAL BANK,13/02/2024,CLG-PRECISION ENGINEERING WORKS,0.0,0.0,0.0
23908718914,UNITY NATIONAL BANK,14/02/2024,UPI/CR/486813495244/Venkatesh Reddy/8072645452@pay,0.0,0.0,0.0
23908718914,UNITY NATIONAL BANK,14/02/2024,CHQ PAID-Ganesh Murthy-MICR,0.0,0.0,0.0
23908718914,UNITY NATIONAL BANK,15/02/2024,CHQ PAID-Subramaniam Reddy-MICR,0.0,0.0,0.0
23908718914,UNITY NATIONAL BANK,15/02/2024,IMPS-358436224492-CYBERCRAFT SYSTEMS,0.0,0.0,0.0
23908718914,UNITY NATIONAL BANK,16/02/2024,CLG-URBAN CONSTRUCTIONS,0.0,0.0,0.0
23908718914,UNITY NATIONAL BANK,16/02/2024,UPI/DR/357054274902/Venkatesh Reddy/9510290650@pay,0.0,0.0,0.0
23908718914,UNITY NATIONAL BANK,16/02/2024,NEFT-103474729499-Subramaniam Menon,0.0,0.0,0.0
23908718914,UNITY NATIONAL BANK,17/02/2024,UPI/CR/753016976960/Ganesh Pillai/6800851015@pay,0.0,0.0,0.0
23908718914,UNITY NATIONAL BANK,19/02/2024,CASH DEPOSIT-Ramesh Rao,0.0,0.0,0.0
23908718914,UNITY NATIONAL BANK,19/02/2024,IMPS-660367155471-CODEBASE SOLUTIONS,0.0,0.0,0.0
23908718914,UNITY NATIONAL BANK,20/02/2024,NEFT-666763858122-DIGITAL SOLUTIONS INDIA,0.0,0.0,0.0
23908718914,UNITY NATIONAL BANK,20/02/2024,CASH WITHDRAWAL-Karthik Nair,0.0,0.0,0.0
23908718914,UNITY NATIONAL BANK,20/02/2024,NEFT Dr-771669702522-GST PAYMENT-GSTIN 76A7387,0.0,0.0,0.0
23908718914,UNITY NATIONAL BANK,21/02/2024,ATM WDL-27889,0.0,0.0,0.0
23908718914,UNITY NATIONAL BANK,21/02/2024,RTGS-ICICR315191603794-CONSTRUCTION SOLUTIONS LTD,0.0,0.0,0.0
23908718914,UNITY NATIONAL BANK,22/02/2024,IMPS-920714945814-CARGO SOLUTIONS LTD,0.0,0.0,0.0
23908718914,UNITY NATIONAL BANK,24/02/2024,NEFT-782537817783-LIFELINE PHARMACEUTICAL,0.0,0.0,0.0
23908718914,UNITY NATIONAL BANK,24/02/2024,CLG-DIGITAL SOLUTIONS INDIA,0.0,0.0,0.0
23908718914,UNITY NATIONAL BANK,24/02/2024,ATM WDL-29978,0.0,0.0,0.0
23908718914,UNITY NATIONAL BANK,26/02/2024,IMPS-941817641209-FOOD INDUSTRIES CORP,0.0,0.0,0.0
23908718914,UNITY NATIONAL BANK,26/02/2024,RTGS-ICICR488557855256-Karthik Menon,0.0,0.0,0.0
23908718914,UNITY NATIONAL BANK,26/02/2024,NEFT-143632038001-Ganesh Pillai,0.0,0.0,0.0
23908718914,UNITY NATIONAL BANK,27/02/2024,NEFT-873415776261-PREMIUM INFRASTRUCTURE,0.0,0.0,0.0
23908718914,UNITY NATIONAL BANK,28/02/2024,UPI/CR/867703494263/Srinivas Iyer/7352098555@pay,0.0,0.0,0.0
23908718914,UNITY NATIONAL BANK,28/02/2024,NEFT-559266103550-Kavitha Rao,0.0,0.0,0.0
23908718914,UNITY NATIONAL BANK,28/02/2024,NEFT-541542497892-GST PAYMENT-GSTIN,0.0,0.0,0.0
23908718914,UNITY NATIONAL BANK,28/02/2024,Service Charges-Online Banking Charges,0.0,0.0,0.0
23908718914,UNITY NATIONAL BANK,28/02/2024,Service Charges-SMS Alert Charges,0.0,0.0,0.0
23908718914,UNITY NATIONAL BANK,28/02/2024,Service Charges-Demat Account AMC,0.0,0.0,0.0
23908718914,UNITY NATIONAL BANK,29/02/2024,IMPS-169315319731-CREDIT SERVICES LTD,0.0,0.0,0.0
23908718914,UNITY NATIONAL BANK,29/02/2024,IMPS-662944833911-CONSTRUCTION SOLUTIONS LTD,0.0,0.0,0.0
23908718914,UNITY NATIONAL BANK,29/02/2024,CLG-CAPITAL VENTURES INDIA,0.0,0.0,0.0
23908718914,UNITY NATIONAL BANK,01/03/2024,ATM WDL-35072,0.0,0.0,0.0
23908718914,UNITY NATIONAL BANK,02/03/2024,NEFT-622296553551-FASHION TEXTILES LTD,0.0,0.0,0.0
23908718914,UNITY NATIONAL BANK,02/03/2024,CASH WITHDRAWAL-Ramesh Pillai,0.0,0.0,0.0
23908718914,UNITY NATIONAL BANK,02/03/2024,NEFT-744561237829-GST PAYMENT-GSTIN,0.0,0.0,0.0
23908718914,UNITY NATIONAL BANK,02/03/2024,ATM WDL-73339,0.0,0.0,0.0
23908718914,UNITY NATIONAL BANK,04/03/2024,REVERSAL-IMPS-169315319731-CREDIT SERVICES LTD,0.0,0.0,0.0
23908718914,UNITY NATIONAL BANK,04/03/2024,ATM WDL-46274,0.0,0.0,0.0
23908718914,UNITY NATIONAL BANK,04/03/2024,IMPS-329944215729-HOUSING DEVELOPERS CORP,0.0,0.0,0.0
23908718914,UNITY NATIONAL BANK,05/03/2024,NEFT-622432549701-Subramaniam Naidu,0.0,0.0,0.0
23908718914,UNITY NATIONAL BANK,05/03/2024,IMPS-634649383399-WELLNESS BRANDS INDIA,0.0,0.0,0.0
23908718914,UNITY NATIONAL BANK,05/03/2024,ATM WDL-28536,0.0,0.0,0.0
23908718914,UNITY NATIONAL BANK,05/03/2024,NEFT-524687515636-Lakshmi Naidu,0.0,0.0,0.0
23908718914,UNITY NATIONAL BANK,05/03/2024,CHQ PAID-Venkatesh Menon-MICR,0.0,0.0,0.0
23908718914,UNITY NATIONAL BANK,06/03/2024,NEFT-817429369883-FASHION TEXTILES LTD,0.0,0.0,0.0
23908718914,UNITY NATIONAL BANK,06/03/2024,NEFT-959233854874-URBAN CONSTRUCTIONS,0.0,0.0,0.0
23908718914,UNITY NATIONAL BANK,06/03/2024,NEFT-568955747384-Venkatesh Nair,0.0,0.0,0.0
23908718914,UNITY NATIONAL BANK,07/03/2024,NEFT-140033896962-Ganesh Rao,0.0,0.0,0.0
23908718914,UNITY NATIONAL BANK,09/03/2024,NEFT-719460649751-APEX HEAVY INDUSTRIES,0.0,0.0,0.0
23908718914,UNITY NATIONAL BANK,11/03/2024,NEFT-900078848401-Subramaniam Menon,0.0,0.0,0.0
23908718914,UNITY NATIONAL BANK,11/03/2024,IMPS-517854169377-APEX HEAVY INDUSTRIES,0.0,0.0,0.0
23908718914,UNITY NATIONAL BANK,12/03/2024,RTGS-ICICR908705654981-FASHION TEXTILES LTD,0.0,0.0,0.0
23908718914,UNITY NATIONAL BANK,12/03/2024,RTGS-ICICR803745188189-Venkatesh Naidu,0.0,0.0,0.0
23908718914,UNITY NATIONAL BANK,13/03/2024,ATM WDL-83870,0.0,0.0,0.0
23908718914,UNITY NATIONAL BANK,13/03/2024,SERVICE CHARGES-SMS Alert Charges,0.0,0.0,0.0
23908718914,UNITY NATIONAL BANK,13/03/2024,RTGS-ICICR539516527079-EXPRESS LOGISTICS INDIA,0.0,0.0,0.0
23908718914,UNITY NATIONAL BANK,13/03/2024,CLG-REALTY VENTURES LTD,0.0,0.0,0.0
23908718914,UNITY NATIONAL BANK,14/03/2024,NEFT-628242640309-Anitha Reddy,0.0,0.0,0.0
23908718914,UNITY NATIONAL BANK,14/03/2024,NEFT-321947659087-FABRIC INDUSTRIES INDIA,0.0,0.0,0.0
23908718914,UNITY NATIONAL BANK,15/03/2024,NEFT-829567684854-DATABRIDGE INFOTECH,0.0,0.0,0.0
23908718914,UNITY NATIONAL BANK,15/03/2024,CASH WITHDRAWAL-Ganesh Pillai,0.0,0.0,0.0
23908718914,UNITY NATIONAL BANK,16/03/2024,ATM WDL-20035,0.0,0.0,0.0
23908718914,UNITY NATIONAL BANK,16/03/2024,CASH WITHDRAWAL-Karthik Rao,0.0,0.0,0.0
23908718914,UNITY NATIONAL BANK,18/03/2024,CHQ PAID-Venkatesh Krishnan-MICR,0.0,0.0,0.0
23908718914,UNITY NATIONAL BANK,20/03/2024,RTGS-ICICR644959518406-Srinivas Krishnan,0.0,0.0,0.0
23908718914,UNITY NATIONAL BANK,20/03/2024,CHQ PAID-Karthik Reddy-MICR,0.0,0.0,0.0
23908718914,UNITY NATIONAL BANK,20/03/2024,NEFT Dr-424861610036-GST PAYMENT-GSTIN 54B9990,0.0,0.0,0.0
23908718914,UNITY NATIONAL BANK,20/03/2024,CHQ PAID-Anitha Menon-MICR,0.0,0.0,0.0
23908718914,UNITY NATIONAL BANK,21/03/2024,CASH WITHDRAWAL-Kavitha Rao,0.0,0.0,0.0
23908718914,UNITY NATIONAL BANK,22/03/2024,IMPS-575296122794-Ramesh Nair,0.0,0.0,0.0
23908718914,UNITY NATIONAL BANK,23/03/2024,CLG-URBAN CONSTRUCTIONS,0.0,0.0,0.0
23908718914,UNITY NATIONAL BANK,23/03/2024,RTGS-ICICR740133104054-Karthik Murthy,0.0,0.0,0.0
23908718914,UNITY NATIONAL BANK,26/03/2024,NEFT-457658204692-REALTY VENTURES LTD,0.0,0.0,0.0
23908718914,UNITY NATIONAL BANK,26/03/2024,NEFT-638268505310-CODEBASE SOLUTIONS,0.0,0.0,0.0
23908718914,UNITY NATIONAL BANK,26/03/2024,ATM WDL-19152,0.0,0.0,0.0
23908718914,UNITY NATIONAL BANK,27/03/2024,SERVICE CHARGES-Demat Account AMC,0.0,0.0,0.0
23908718914,UNITY NATIONAL BANK,27/03/2024,RTGS-ICICR450592146984-Subramaniam Murthy,0.0,0.0,0.0
23908718914,UNITY NATIONAL BANK,27/03/2024,IMPS-435521586165-CREDIT SERVICES LTD,0.0,0.0,0.0
23908718914,UNITY NATIONAL BANK,28/03/2024,ATM WDL-54345,0.0,0.0,0.0
23908718914,UNITY NATIONAL BANK,28/03/2024,Dividend Cr-INVESTMENT SERVICES INDIA-EQUITY SHARES,0.0,0.0,0.0
23908718914,UNITY NATIONAL BANK,28/03/2024,SERVICE CHARGES-SMS Alert Charges,0.0,0.0,0.0
23908718914,UNITY NATIONAL BANK,28/03/2024,CLG-MOTOR INDUSTRIES LTD,0.0,0.0,0.0
23908718914,UNITY NATIONAL BANK,28/03/2024,CHQ PAID-Anitha Krishnan-MICR,0.0,0.0,0.0
23908718914,UNITY NATIONAL BANK,28/03/2024,Service Charges-Demat Account AMC,0.0,0.0,0.0
23908718914,UNITY NATIONAL BANK,28/03/2024,Service Charges-Online Banking Charges,0.0,0.0,0.0
23908718914,UNITY NATIONAL BANK,28/03/2024,Service Charges-Statement Charges,0.0,0.0,0.0
32902987530,CORNERSTONE BANK OF INDIA,01/01/2024,NEFT-763501687040-Jayesh Amin,0.0,0.0,0.0
32902987530,CORNERSTONE BANK OF INDIA,01/01/2024,SERVICE CHARGES-Cheque Book Charges,0.0,0.0,0.0
32902987530,CORNERSTONE BANK OF INDIA,01/01/2024,CLG-INFOCORE TECHNOLOGIES,0.0,0.0,0.0
32902987530,CORNERSTONE BANK OF INDIA,02/01/2024,CASH DEPOSIT-Nisha Trivedi,0.0,0.0,0.0
32902987530,CORNERSTONE BANK OF INDIA,02/01/2024,UPI/CR/599665055351/Jayesh Patel/6214044410@pay,0.0,0.0,0.0
32902987530,CORNERSTONE BANK OF INDIA,02/01/2024,CASH DEPOSIT-Nilesh Shah,0.0,0.0,0.0
32902987530,CORNERSTONE BANK OF INDIA,02/01/2024,IMPS-557065097444-NETPULSE SYSTEMS,0.0,0.0,0.0
32902987530,CORNERSTONE BANK OF INDIA,03/01/2024,UPI/DR/815558329840/Mehul Amin/9483485732@pay,0.0,0.0,0.0
32902987530,CORNERSTONE BANK OF INDIA,04/01/2024,NEFT-649725234264-AUTOMOTIVE PARTS CORP,0.0,0.0,0.0
32902987530,CORNERSTONE BANK OF INDIA,04/01/2024,NEFT-991439894164-Bhavesh Vora,0.0,0.0,0.0
32902987530,CORNERSTONE BANK OF INDIA,05/01/2024,NEFT Dr-121429627560-RENT PAYMENT-MONTHLY RENT,0.0,0.0,0.0
32902987530,CORNERSTONE BANK OF INDIA,05/01/2024,NEFT-535244545112-HEALTHPLUS PHARMA LTD,0.0,0.0,0.0
32902987530,CORNERSTONE BANK OF INDIA,05/01/2024,CLG-PERSONAL CARE LTD,0.0,0.0,0.0
32902987530,CORNERSTONE BANK OF INDIA,05/01/2024,NEFT-273444125483-INVESTMENT SERVICES INDIA,0.0,0.0,0.0
32902987530,CORNERSTONE BANK OF INDIA,05/01/2024,CHQ PAID-Paresh Parekh-MICR,0.0,0.0,0.0
32902987530,CORNERSTONE BANK OF INDIA,06/01/2024,UPI/CR/914169066709/Nisha Patel/9453042303@pay,0.0,0.0,0.0
32902987530,CORNERSTONE BANK OF INDIA,06/01/2024,IMPS-137723036834-EXPRESS LOGISTICS INDIA,0.0,0.0,0.0
32902987530,CORNERSTONE BANK OF INDIA,08/01/2024,NEFT-753273827754-URBAN CONSTRUCTIONS,0.0,0.0,0.0
32902987530,CORNERSTONE BANK OF INDIA,09/01/2024,CHQ PAID-Jayesh Patel-MICR,0.0,0.0,0.0
32902987530,CORNERSTONE BANK OF INDIA,09/01/2024,UPI/CR/124524789809/Ketan Trivedi/6688965424@pay,0.0,0.0,0.0
32902987530,CORNERSTONE BANK OF INDIA,09/01/2024,NEFT-490464335001-GATEWAY PROJECTS LTD,0.0,0.0,0.0
32902987530,CORNERSTONE BANK OF INDIA,10/01/2024,NEFT-979736275273-Bhavesh Desai,0.0,0.0,0.0
32902987530,CORNERSTONE BANK OF INDIA,10/01/2024,CASH WITHDRAWAL-Nisha Trivedi,0.0,0.0,0.0
32902987530,CORNERSTONE BANK OF INDIA,10/01/2024,NEFT Dr-671222275736-LOAN EMI-MONTHLY INSTALLMENT,0.0,0.0,0.0
32902987530,CORNERSTONE BANK OF INDIA,10/01/2024,UPI/CR/487216200309/Nilesh Modi/9068448838@pay,0.0,0.0,0.0
32902987530,CORNERSTONE BANK OF INDIA,11/01/2024,NEFT-246509700822-NETFORGE TECHNOLOGIES,0.0,0.0,0.0
32902987530,CORNERSTONE BANK OF INDIA,11/01/2024,CHQ PAID-Nisha Trivedi-MICR,0.0,0.0,0.0
32902987530,CORNERSTONE BANK OF INDIA,11/01/2024,CHQ PAID-Hitesh Parekh-MICR,0.0,0.0,0.0
32902987530,CORNERSTONE BANK OF INDIA,11/01/2024,NEFT-165485496243-NETFORGE TECHNOLOGIES,0.0,0.0,0.0
32902987530,CORNERSTONE BANK OF INDIA,12/01/2024,UPI/CR/413430940127/Ketan Desai/7382256108@pay,0.0,0.0,0.0
32902987530,CORNERSTONE BANK OF INDIA,12/01/2024,IMPS-491359036318-FINANCE SOLUTIONS INDIA,0.0,0.0,0.0
32902987530,CORNERSTONE BANK OF INDIA,13/01/2024,RTGS-ICICR407807212932-THERMAL SYSTEMS LTD,0.0,0.0,0.0
32902987530,CORNERSTONE BANK OF INDIA,13/01/2024,REVERSAL-NEFT-246509700822-NETFORGE TECHNOLOGIES,0.0,0.0,0.0
32902987530,CORNERSTONE BANK OF INDIA,13/01/2024,CASH WITHDRAWAL-Paresh Trivedi,0.0,0.0,0.0
32902987530,CORNERSTONE BANK OF INDIA,13/01/2024,RTGS-ICICR698657154178-LIFELINE PHARMACEUTICAL,0.0,0.0,0.0
32902987530,CORNERSTONE BANK OF INDIA,15/01/2024,CHQ PAID-Nilesh Parekh-MICR,0.0,0.0,0.0
32902987530,CORNERSTONE BANK OF INDIA,16/01/2024,IMPS-367870810588-SOFTWAVE TECHNOLOGIES,0.0,0.0,0.0
32902987530,CORNERSTONE BANK OF INDIA,17/01/2024,IMPS-274379327049-Jayesh Parekh,0.0,0.0,0.0
32902987530,CORNERSTONE BANK OF INDIA,17/01/2024,CASH DEPOSIT-Nisha Parekh,0.0,0.0,0.0
32902987530,CORNERSTONE BANK OF INDIA,17/01/2024,CHQ PAID-Bhavesh Patel-MICR,0.0,0.0,0.0
32902987530,CORNERSTONE BANK OF INDIA,17/01/2024,NEFT-506569979562-Hitesh Modi,0.0,0.0,0.0
32902987530,CORNERSTONE BANK OF INDIA,18/01/2024,UPI/CR/480488897063/Ketan Modi/9051906330@pay,0.0,0.0,0.0
32902987530,CORNERSTONE BANK OF INDIA,19/01/2024,IMPS-903233064703-FOOD INDUSTRIES CORP,0.0,0.0,0.0
32902987530,CORNERSTONE BANK OF INDIA,19/01/2024,NEFT-702825832592-MOTOR INDUSTRIES LTD,0.0,0.0,0.0
32902987530,CORNERSTONE BANK OF INDIA,19/01/2024,NEFT-616655982841-EXPRESS LOGISTICS INDIA,0.0,0.0,0.0
32902987530,CORNERSTONE BANK OF INDIA,20/01/2024,NEFT Dr-871187726839-GST PAYMENT-GSTIN 71C6459,0.0,0.0,0.0
32902987530,CORNERSTONE BANK OF INDIA,20/01/2024,CASH WITHDRAWAL-Hitesh Shah,0.0,0.0,0.0
32902987530,CORNERSTONE BANK OF INDIA,20/01/2024,CHQ PAID-Ketan Modi-MICR,0.0,0.0,0.0
32902987530,CORNERSTONE BANK OF INDIA,20/01/2024,IMPS-505477734121-Hitesh Patel,0.0,0.0,0.0
32902987530,CORNERSTONE BANK OF INDIA,20/01/2024,NEFT-628222884751-MINDWAVE CONSULTING,0.0,0.0,0.0
32902987530,CORNERSTONE BANK OF INDIA,22/01/2024,RTGS-ICICR845971439501-Mehul Vora,0.0,0.0,0.0
32902987530,CORNERSTONE BANK OF INDIA,22/01/2024,UPI/DR/107077725828/Nilesh Trivedi/7925944515@pay,0.0,0.0,0.0
32902987530,CORNERSTONE BANK OF INDIA,23/01/2024,UPI/CR/789465314811/Bhavesh Vora/9297393754@pay,0.0,0.0,0.0
32902987530,CORNERSTONE BANK OF INDIA,23/01/2024,UPI/DR/266520352826/Mehul Desai/7151823320@pay,0.0,0.0,0.0
32902987530,CORNERSTONE BANK OF INDIA,24/01/2024,UPI/CR/361920241094/Jayesh Vora/7285579803@pay,0.0,0.0,0.0
32902987530,CORNERSTONE BANK OF INDIA,24/01/2024,CHQ PAID-Mehul Trivedi-MICR,0.0,0.0,0.0
32902987530,CORNERSTONE BANK OF INDIA,24/01/2024,NEFT-692481138340-THERMAL SYSTEMS LTD,0.0,0.0,0.0
32902987530,CORNERSTONE BANK OF INDIA,25/01/2024,CASH WITHDRAWAL-Nisha Patel,0.0,0.0,0.0
32902987530,CORNERSTONE BANK OF INDIA,25/01/2024,Dividend Cr-URBAN ESTATES INDIA-EQUITY SHARES,0.0,0.0,0.0
32902987530,CORNERSTONE BANK OF INDIA,25/01/2024,CASH DEPOSIT-Nilesh Modi,0.0,0.0,0.0
32902987530,CORNERSTONE BANK OF INDIA,27/01/2024,RTGS-ICICR220588140924-Hitesh Desai,0.0,0.0,0.0
32902987530,CORNERSTONE BANK OF INDIA,27/01/2024,UPI/DR/211062738563/Ketan Desai/9471909327@pay,0.0,0.0,0.0
32902987530,CORNERSTONE BANK OF INDIA,27/01/2024,UPI/DR/494655210432/Paresh Trivedi/9131796999@pay,0.0,0.0,0.0
32902987530,CORNERSTONE BANK OF INDIA,27/01/2024,CLG-HEALTHCARE PRODUCTS LTD,0.0,0.0,0.0
32902987530,CORNERSTONE BANK OF INDIA,29/01/2024,CASH DEPOSIT-Ketan Modi,0.0,0.0,0.0
32902987530,CORNERSTONE BANK OF INDIA,29/01/2024,ATM WDL-81992,0.0,0.0,0.0
32902987530,CORNERSTONE BANK OF INDIA,30/01/2024,CHQ PAID-Mehul Vora-MICR,0.0,0.0,0.0
32902987530,CORNERSTONE BANK OF INDIA,31/01/2024,IMPS-433604574203-HEALTHPLUS PHARMA LTD,0.0,0.0,0.0
32902987530,CORNERSTONE BANK OF INDIA,02/02/2024,RTGS-ICICR692966654359-CODEBASE SOLUTIONS,0.0,0.0,0.0
32902987530,CORNERSTONE BANK OF INDIA,03/02/2024,CLG-HIGHWAY DEVELOPERS INDIA,0.0,0.0,0.0
32902987530,CORNERSTONE BANK OF INDIA,05/02/2024,CHQ PAID-Paresh Shah-MICR,0.0,0.0,0.0
32902987530,CORNERSTONE BANK OF INDIA,05/02/2024,NEFT Dr-138421729114-RENT PAYMENT-MONTHLY RENT,0.0,0.0,0.0
32902987530,CORNERSTONE BANK OF INDIA,05/02/2024,UPI/DR/362438527939/Ketan Parekh/9955334093@pay,0.0,0.0,0.0
32902987530,CORNERSTONE BANK OF INDIA,05/02/2024,REVERSAL-CLG-HIGHWAY DEVELOPERS INDIA,0.0,0.0,0.0
32902987530,CORNERSTONE BANK OF INDIA,05/02/2024,CASH WITHDRAWAL-Nisha Modi,0.0,0.0,0.0
32902987530,CORNERSTONE BANK OF INDIA,06/02/2024,RTGS-ICICR566186058369-SUPPLY CHAIN CORP,0.0,0.0,0.0
32902987530,CORNERSTONE BANK OF INDIA,06/02/2024,NEFT-309844590164-MINDWAVE CONSULTING,0.0,0.0,0.0
32902987530,CORNERSTONE BANK OF INDIA,06/02/2024,CASH WITHDRAWAL-Nilesh Vora,0.0,0.0,0.0
32902987530,CORNERSTONE BANK OF INDIA,07/02/2024,ATM WDL-23152,0.0,0.0,0.0
32902987530,CORNERSTONE BANK OF INDIA,07/02/2024,RTGS-ICICR258331835096-Ketan Desai,0.0,0.0,0.0
32902987530,CORNERSTONE BANK OF INDIA,07/02/2024,IMPS-334049038888-Mehul Desai,0.0,0.0,0.0
32902987530,CORNERSTONE BANK OF INDIA,08/02/2024,CLG-NETFORGE TECHNOLOGIES,0.0,0.0,0.0
32902987530,CORNERSTONE BANK OF INDIA,08/02/2024,IMPS-717827739595-CLOUDTECH SERVICES,0.0,0.0,0.0
32902987530,CORNERSTONE BANK OF INDIA,08/02/2024,RTGS-ICICR341266136905-Paresh Modi,0.0,0.0,0.0
32902987530,CORNERSTONE BANK OF INDIA,09/02/2024,RTGS-ICICR686460804648-CONSUMER PRODUCTS INDIA,0.0,0.0,0.0
32902987530,CORNERSTONE BANK OF INDIA,10/02/2024,CHQ PAID-Nisha Parekh-MICR,0.0,0.0,0.0
32902987530,CORNERSTONE BANK OF INDIA,10/02/2024,NEFT Dr-822456511376-LOAN EMI-MONTHLY INSTALLMENT,0.0,0.0,0.0
32902987530,CORNERSTONE BANK OF INDIA,10/02/2024,CHQ PAID-Hitesh Vora-MICR,0.0,0.0,0.0
32902987530,CORNERSTONE BANK OF INDIA,12/02/2024,CLG-HIGHWAY DEVELOPERS INDIA,0.0,0.0,0.0
32902987530,CORNERSTONE BANK OF INDIA,13/02/2024,IMPS-339615088313-DAILY NEEDS LIMITED,0.0,0.0,0.0
32902987530,CORNERSTONE BANK OF INDIA,13/02/2024,IMPS-447077860966-TECHVISION SYSTEMS,0.0,0.0,0.0
32902987530,CORNERSTONE BANK OF INDIA,14/02/2024,IMPS-137788025079-CYBERCRAFT SYSTEMS,0.0,0.0,0.0
32902987530,CORNERSTONE BANK OF INDIA,14/02/2024,UPI/DR/268394709696/Mehul Vora/9512537090@pay,0.0,0.0,0.0
32902987530,CORNERSTONE BANK OF INDIA,15/02/2024,ATM WDL-66520,0.0,0.0,0.0
32902987530,CORNERSTONE BANK OF INDIA,16/02/2024,IMPS-786465177622-HEALTHPLUS PHARMA LTD,0.0,0.0,0.0
32902987530,CORNERSTONE BANK OF INDIA,16/02/2024,NEFT-770189035447-Paresh Trivedi,0.0,0.0,0.0
32902987530,CORNERSTONE BANK OF INDIA,17/02/2024,NEFT-454860861119-PRECISION ENGINEERING WORKS,0.0,0.0,0.0
32902987530,CORNERSTONE BANK OF INDIA,19/02/2024,UPI/CR/134745903181/Hitesh Parekh/9392253130@pay,0.0,0.0,0.0
32902987530,CORNERSTONE BANK OF INDIA,19/02/2024,UPI/DR/700930994535/Nisha Desai/7892241655@pay,0.0,0.0,0.0
32902987530,CORNERSTONE BANK OF INDIA,20/02/2024,CASH DEPOSIT-Mehul Desai,0.0,0.0,0.0
32902987530,CORNERSTONE BANK OF INDIA,20/02/2024,UPI/CR/652146920070/Jayesh Modi/9696666562@pay,0.0,0.0,0.0
32902987530,CORNERSTONE BANK OF INDIA,20/02/2024,CLG-HIGHWAY DEVELOPERS INDIA,0.0,0.0,0.0
32902987530,CORNERSTONE BANK OF INDIA,20/02/2024,NEFT Dr-260259854315-GST PAYMENT-GSTIN 40A6523,0.0,0.0,0.0
32902987530,CORNERSTONE BANK OF INDIA,22/02/2024,ATM WDL-18555,0.0,0.0,0.0
32902987530,CORNERSTONE BANK OF INDIA,22/02/2024,NEFT-136869963458-HIGHWAY DEVELOPERS INDIA,0.0,0.0,0.0
32902987530,CORNERSTONE BANK OF INDIA,22/02/2024,NEFT-273347125097-Jayesh Trivedi,0.0,0.0,0.0
32902987530,CORNERSTONE BANK OF INDIA,23/02/2024,CLG-DIGITAL SOLUTIONS INDIA,0.0,0.0,0.0
32902987530,CORNERSTONE BANK OF INDIA,23/02/2024,NEFT-136241415548-Ketan Shah,0.0,0.0,0.0
32902987530,CORNERSTONE BANK OF INDIA,24/02/2024,RTGS-ICICR832299826047-FASHION TEXTILES LTD,0.0,0.0,0.0
32902987530,CORNERSTONE BANK OF INDIA,26/02/2024,CASH WITHDRAWAL-Jayesh Modi,0.0,0.0,0.0
32902987530,CORNERSTONE BANK OF INDIA,26/02/2024,NEFT-210227954708-CARGO SOLUTIONS LTD,0.0,0.0,0.0
32902987530,CORNERSTONE BANK OF INDIA,27/02/2024,UPI/DR/522130245954/Hitesh Trivedi/8514210642@pay,0.0,0.0,0.0
32902987530,CORNERSTONE BANK OF INDIA,27/02/2024,SERVICE CHARGES-NEFT/RTGS Charges,0.0,0.0,0.0
32902987530,CORNERSTONE BANK OF INDIA,28/02/2024,CHQ PAID-Jayesh Shah-MICR,0.0,0.0,0.0
32902987530,CORNERSTONE BANK OF INDIA,28/02/2024,NEFT-998699463903-TECHVISION SYSTEMS,0.0,0.0,0.0
32902987530,CORNERSTONE BANK OF INDIA,28/02/2024,Service Charges-Online Banking Charges,0.0,0.0,0.0
32902987530,CORNERSTONE BANK OF INDIA,28/02/2024,Service Charges-SMS Alert Charges,0.0,0.0,0.0
32902987530,CORNERSTONE BANK OF INDIA,29/02/2024,SERVICE CHARGES-Online Banking Charges,0.0,0.0,0.0
32902987530,CORNERSTONE BANK OF INDIA,29/02/2024,SERVICE CHARGES-Account Maintenance,0.0,0.0,0.0
32902987530,CORNERSTONE BANK OF INDIA,01/03/2024,IMPS-115522882288-WEBSTREAM LIMITED,0.0,0.0,0.0
32902987530,CORNERSTONE BANK OF INDIA,02/03/2024,CHQ PAID-Jayesh Parekh-MICR,0.0,0.0,0.0
32902987530,CORNERSTONE BANK OF INDIA,02/03/2024,CASH WITHDRAWAL-Ketan Patel,0.0,0.0,0.0
32902987530,CORNERSTONE BANK OF INDIA,04/03/2024,CHQ PAID-Nisha Trivedi-MICR,0.0,0.0,0.0
32902987530,CORNERSTONE BANK OF INDIA,04/03/2024,RTGS-ICICR586213552443-CREDIT SERVICES LTD,0.0,0.0,0.0
32902987530,CORNERSTONE BANK OF INDIA,04/03/2024,IMPS-519172241228-GATEWAY PROJECTS LTD,0.0,0.0,0.0
32902987530,CORNERSTONE BANK OF INDIA,05/03/2024,NEFT Dr-847974034407-RENT PAYMENT-MONTHLY RENT,0.0,0.0,0.0
32902987530,CORNERSTONE BANK OF INDIA,05/03/2024,NEFT-853320517030-Mehul Amin,0.0,0.0,0.0
32902987530,CORNERSTONE BANK OF INDIA,05/03/2024,CASH WITHDRAWAL-Jayesh Trivedi,0.0,0.0,0.0
32902987530,CORNERSTONE BANK OF INDIA,07/03/2024,CHQ PAID-Nilesh Shah-MICR,0.0,0.0,0.0
32902987530,CORNERSTONE BANK OF INDIA,07/03/2024,RTGS-ICICR748560198045-Hitesh Amin,0.0,0.0,0.0
32902987530,CORNERSTONE BANK OF INDIA,07/03/2024,CASH DEPOSIT-Nilesh Desai,0.0,0.0,0.0
32902987530,CORNERSTONE BANK OF INDIA,09/03/2024,UPI/CR/704776679168/Mehul Amin/6435602948@pay,0.0,0.0,0.0
32902987530,CORNERSTONE BANK OF INDIA,12/03/2024,UPI/DR/736274364390/Bhavesh Vora/7052495364@pay,0.0,0.0,0.0
32902987530,CORNERSTONE BANK OF INDIA,12/03/2024,CASH DEPOSIT-Paresh Amin,0.0,0.0,0.0
32902987530,CORNERSTONE BANK OF INDIA,13/03/2024,RTGS-ICICR550346521162-Nilesh Patel,0.0,0.0,0.0
32902987530,CORNERSTONE BANK OF INDIA,13/03/2024,NEFT-798147792055-HEALTHCARE PRODUCTS LTD,0.0,0.0,0.0
32902987530,CORNERSTONE BANK OF INDIA,14/03/2024,CASH WITHDRAWAL-Ketan Amin,0.0,0.0,0.0
32902987530,CORNERSTONE BANK OF INDIA,15/03/2024,IMPS-908598134104-WELLNESS BRANDS INDIA,0.0,0.0,0.0
32902987530,CORNERSTONE BANK OF INDIA,15/03/2024,Dividend Cr-THERMAL SYSTEMS LTD-EQUITY SHARES,0.0,0.0,0.0
32902987530,CORNERSTONE BANK OF INDIA,15/03/2024,UPI/CR/728495588842/Ketan Trivedi/9201230322@pay,0.0,0.0,0.0
32902987530,CORNERSTONE BANK OF INDIA,15/03/2024,CHQ PAID-Bhavesh Trivedi-MICR,0.0,0.0,0.0
32902987530,CORNERSTONE BANK OF INDIA,16/03/2024,CLG-CODEBASE SOLUTIONS,0.0,0.0,0.0
32902987530,CORNERSTONE BANK OF INDIA,19/03/2024,RTGS-ICICR254278518836-HEALTHCARE PRODUCTS LTD,0.0,0.0,0.0
32902987530,CORNERSTONE BANK OF INDIA,19/03/2024,CASH WITHDRAWAL-Nisha Parekh,0.0,0.0,0.0
32902987530,CORNERSTONE BANK OF INDIA,20/03/2024,UPI/CR/925719348294/Jayesh Trivedi/7658172779@pay,0.0,0.0,0.0
32902987530,CORNERSTONE BANK OF INDIA,20/03/2024,UPI/DR/463285395015/Nilesh Vora/7359947439@pay,0.0,0.0,0.0
32902987530,CORNERSTONE BANK OF INDIA,20/03/2024,NEFT Dr-251651085376-GST PAYMENT-GSTIN 91B3647,0.0,0.0,0.0
32902987530,CORNERSTONE BANK OF INDIA,22/03/2024,IMPS-459343220522-Paresh Parekh,0.0,0.0,0.0
32902987530,CORNERSTONE BANK OF INDIA,22/03/2024,CHQ PAID-Ketan Modi-MICR,0.0,0.0,0.0
32902987530,CORNERSTONE BANK OF INDIA,22/03/2024,UPI/DR/771771456585/Nilesh Trivedi/8735128906@pay,0.0,0.0,0.0
32902987530,CORNERSTONE BANK OF INDIA,22/03/2024,IMPS-193004845647-Hitesh Shah,0.0,0.0,0.0
32902987530,CORNERSTONE BANK OF INDIA,23/03/2024,CHQ PAID-Bhavesh Trivedi-MICR,0.0,0.0,0.0
32902987530,CORNERSTONE BANK OF INDIA,23/03/2024,NEFT-286396803500-MOTOR INDUSTRIES LTD,0.0,0.0,0.0
32902987530,CORNERSTONE BANK OF INDIA,26/03/2024,ATM WDL-24986,0.0,0.0,0.0
32902987530,CORNERSTONE BANK OF INDIA,27/03/2024,NEFT-345354817518-MOTOR INDUSTRIES LTD,0.0,0.0,0.0
32902987530,CORNERSTONE BANK OF INDIA,27/03/2024,RTGS-ICICR128997621198-Mehul Desai,0.0,0.0,0.0
32902987530,CORNERSTONE BANK OF INDIA,27/03/2024,NEFT-423988394551-Nisha Trivedi,0.0,0.0,0.0
32902987530,CORNERSTONE BANK OF INDIA,28/03/2024,UPI/CR/989029268689/Hitesh Parekh/6616072209@pay,0.0,0.0,0.0
32902987530,CORNERSTONE BANK OF INDIA,28/03/2024,NEFT-423926710832-WELLNESS BRANDS INDIA,0.0,0.0,0.0
32902987530,CORNERSTONE BANK OF INDIA,28/03/2024,ATM WDL-70440,0.0,0.0,0.0
32902987530,CORNERSTONE BANK OF INDIA,28/03/2024,NEFT-606893639556-Nilesh Vora,0.0,0.0,0.0
32902987530,CORNERSTONE BANK OF INDIA,28/03/2024,Service Charges-Cheque Book Charges,0.0,0.0,0.0
32902987530,CORNERSTONE BANK OF INDIA,28/03/2024,Service Charges-Foreign Currency Markup,0.0,0.0,0.0
32902987530,CORNERSTONE BANK OF INDIA,28/03/2024,Service Charges-Demat Account AMC,0.0,0.0,0.0
32902987530,CORNERSTONE BANK OF INDIA,30/03/2024,CLG-PERSONAL CARE LTD,0.0,0.0,0.0
32902987530,CORNERSTONE BANK OF INDIA,30/03/2024,NEFT-834088985968-FOOD INDUSTRIES CORP,0.0,0.0,0.0
96940418624,METROPOLITAN BANK,01/01/2024,CHQ PAID-Paresh Vora-MICR,0.0,0.0,0.0
96940418624,METROPOLITAN BANK,01/01/2024,RTGS-ICICR130363390670-INFOCORE TECHNOLOGIES,0.0,0.0,0.0
96940418624,METROPOLITAN BANK,02/01/2024,NEFT-978311608945-DIGITAL SOLUTIONS INDIA,0.0,0.0,0.0
96940418624,METROPOLITAN BANK,02/01/2024,IMPS-252697693886-APEX HEAVY INDUSTRIES,0.0,0.0,0.0
96940418624,METROPOLITAN BANK,02/01/2024,CHQ PAID-Paresh Trivedi-MICR,0.0,0.0,0.0
96940418624,METROPOLITAN BANK,02/01/2024,RTGS-ICICR627705907886-COTTON MILLS CORP,0.0,0.0,0.0
96940418624,METROPOLITAN BANK,02/01/2024,IMPS-326075371163-FOOD INDUSTRIES CORP,0.0,0.0,0.0
96940418624,METROPOLITAN BANK,02/01/2024,NEFT-381533131781-Nisha Parekh,0.0,0.0,0.0
96940418624,METROPOLITAN BANK,03/01/2024,IMPS-722017005557-CLOUDTECH SERVICES,0.0,0.0,0.0
96940418624,METROPOLITAN BANK,03/01/2024,IMPS-615862209548-Mehul Trivedi,0.0,0.0,0.0
96940418624,METROPOLITAN BANK,04/01/2024,CLG-WEBSTREAM LIMITED,0.0,0.0,0.0
96940418624,METROPOLITAN BANK,04/01/2024,REVERSAL-IMPS-722017005557-CLOUDTECH SERVICES,0.0,0.0,0.0
96940418624,METROPOLITAN BANK,04/01/2024,RTGS-ICICR246088190010-INDUSTRIAL COMPONENTS INDIA,0.0,0.0,0.0
96940418624,METROPOLITAN BANK,04/01/2024,CASH WITHDRAWAL-Ketan Modi,0.0,0.0,0.0
96940418624,METROPOLITAN BANK,05/01/2024,RTGS-ICICR407038316885-CONSTRUCTION SOLUTIONS LTD,0.0,0.0,0.0
96940418624,METROPOLITAN BANK,05/01/2024,ATM WDL-41985,0.0,0.0,0.0
96940418624,METROPOLITAN BANK,05/01/2024,NEFT-423006690609-Nilesh Patel,0.0,0.0,0.0
96940418624,METROPOLITAN BANK,06/01/2024,CASH DEPOSIT-Bhavesh Parekh,0.0,0.0,0.0
96940418624,METROPOLITAN BANK,06/01/2024,RTGS-ICICR502266211250-REALTY VENTURES LTD,0.0,0.0,0.0
96940418624,METROPOLITAN BANK,06/01/2024,NEFT-464614813676-Jayesh Trivedi,0.0,0.0,0.0
96940418624,METROPOLITAN BANK,06/01/2024,CHQ PAID-Jayesh Shah-MICR,0.0,0.0,0.0
96940418624,METROPOLITAN BANK,08/01/2024,CASH WITHDRAWAL-Mehul Desai,0.0,0.0,0.0
96940418624,METROPOLITAN BANK,08/01/2024,IMPS-358879321599-Paresh Patel,0.0,0.0,0.0
96940418624,METROPOLITAN BANK,09/01/2024,RTGS-ICICR313420872957-MINDWAVE CONSULTING,0.0,0.0,0.0
96940418624,METROPOLITAN BANK,09/01/2024,CHQ PAID-Bhavesh Patel-MICR,0.0,0.0,0.0
96940418624,METROPOLITAN BANK,09/01/2024,NEFT-648629364339-MINDWAVE CONSULTING,0.0,0.0,0.0
96940418624,METROPOLITAN BANK,09/01/2024,NEFT-830416801588-SUPPLY CHAIN CORP,0.0,0.0,0.0
96940418624,METROPOLITAN BANK,10/01/2024,CLG-AUTOMOTIVE PARTS CORP,0.0,0.0,0.0
96940418624,METROPOLITAN BANK,10/01/2024,NEFT-600141717463-Ketan Patel,0.0,0.0,0.0
96940418624,METROPOLITAN BANK,10/01/2024,CLG-DATABRIDGE INFOTECH,0.0,0.0,0.0
96940418624,METROPOLITAN BANK,10/01/2024,NEFT-894438804874-WELLNESS BRANDS INDIA,0.0,0.0,0.0
96940418624,METROPOLITAN BANK,10/01/2024,ATM WDL-38321,0.0,0.0,0.0
96940418624,METROPOLITAN BANK,10/01/2024,ATM WDL-43161,0.0,0.0,0.0
96940418624,METROPOLITAN BANK,11/01/2024,UPI/DR/585726231800/Nilesh Desai/8040831560@pay,0.0,0.0,0.0
96940418624,METROPOLITAN BANK,12/01/2024,NEFT-345347743631-FASHION TEXTILES LTD,0.0,0.0,0.0
96940418624,METROPOLITAN BANK,15/01/2024,SERVICE CHARGES-Demat Account AMC,0.0,0.0,0.0
96940418624,METROPOLITAN BANK,16/01/2024,RTGS-ICICR266701489772-Nisha Desai,0.0,0.0,0.0
96940418624,METROPOLITAN BANK,17/01/2024,UPI/CR/720574190834/Hitesh Patel/7192377651@pay,0.0,0.0,0.0
96940418624,METROPOLITAN BANK,18/01/2024,CHQ PAID-Jayesh Trivedi-MICR,0.0,0.0,0.0
96940418624,METROPOLITAN BANK,18/01/2024,IMPS-313597797973-AUTOMOTIVE PARTS CORP,0.0,0.0,0.0
96940418624,METROPOLITAN BANK,18/01/2024,IMPS-238810100543-NETFORGE TECHNOLOGIES,0.0,0.0,0.0
96940418624,METROPOLITAN BANK,20/01/2024,NEFT Dr-324077010665-GST PAYMENT-GSTIN 16D3904,0.0,0.0,0.0
96940418624,METROPOLITAN BANK,22/01/2024,NEFT-583146653944-CYBERCRAFT SYSTEMS,0.0,0.0,0.0
96940418624,METROPOLITAN BANK,22/01/2024,CLG-COTTON MILLS CORP,0.0,0.0,0.0
96940418624,METROPOLITAN BANK,22/01/2024,RTGS-ICICR952932504038-CARGO SOLUTIONS LTD,0.0,0.0,0.0
96940418624,METROPOLITAN BANK,22/01/2024,CASH WITHDRAWAL-Mehul Trivedi,0.0,0.0,0.0
96940418624,METROPOLITAN BANK,23/01/2024,CLG-METROPOLITAN BUILDERS,0.0,0.0,0.0
96940418624,METROPOLITAN BANK,24/01/2024,NEFT-307085866045-Nisha Desai,0.0,0.0,0.0
96940418624,METROPOLITAN BANK,24/01/2024,NEFT-105464424896-Hitesh Trivedi,0.0,0.0,0.0
96940418624,METROPOLITAN BANK,24/01/2024,CLG-INDUSTRIAL COMPONENTS INDIA,0.0,0.0,0.0
96940418624,METROPOLITAN BANK,24/01/2024,CHQ PAID-Nisha Patel-MICR,0.0,0.0,0.0
96940418624,METROPOLITAN BANK,24/01/2024,UPI/DR/547412682578/Nisha Vora/9516501237@pay,0.0,0.0,0.0
96940418624,METROPOLITAN BANK,25/01/2024,NEFT Dr-504961789479-UTILITY SUBSCRIPTION,0.0,0.0,0.0
96940418624,METROPOLITAN BANK,27/01/2024,CLG-PREMIUM INFRASTRUCTURE,0.0,0.0,0.0
96940418624,METROPOLITAN BANK,30/01/2024,RTGS-ICICR351736339785-Mehul Desai,0.0,0.0,0.0
96940418624,METROPOLITAN BANK,30/01/2024,CLG-THERMAL SYSTEMS LTD,0.0,0.0,0.0
96940418624,METROPOLITAN BANK,31/01/2024,ATM WDL-23466,0.0,0.0,0.0
96940418624,METROPOLITAN BANK,31/01/2024,ATM WDL-47159,0.0,0.0,0.0
96940418624,METROPOLITAN BANK,31/01/2024,NEFT-393653165262-LOAN DISBURSEMENT-APEX HEAVY INDUSTRIES,0.0,0.0,0.0
96940418624,METROPOLITAN BANK,01/02/2024,CLG-THERMAL SYSTEMS LTD,0.0,0.0,0.0
96940418624,METROPOLITAN BANK,01/02/2024,CLG-LIFELINE PHARMACEUTICAL,0.0,0.0,0.0
96940418624,METROPOLITAN BANK,02/02/2024,Dividend Cr-MOTOR INDUSTRIES LTD-EQUITY SHARES,0.0,0.0,0.0
96940418624,METROPOLITAN BANK,02/02/2024,CHQ PAID-Ketan Vora-MICR,0.0,0.0,0.0
96940418624,METROPOLITAN BANK,02/02/2024,IMPS-165192642211-CARGO SOLUTIONS LTD,0.0,0.0,0.0
96940418624,METROPOLITAN BANK,02/02/2024,CHQ PAID-Jayesh Patel-MICR,0.0,0.0,0.0
96940418624,METROPOLITAN BANK,02/02/2024,UPI/DR/140889429968/Nisha Shah/6532814177@pay,0.0,0.0,0.0
96940418624,METROPOLITAN BANK,03/02/2024,RTGS-ICICR494847063650-Paresh Desai,0.0,0.0,0.0
96940418624,METROPOLITAN BANK,03/02/2024,SERVICE CHARGES-Account Maintenance,0.0,0.0,0.0
96940418624,METROPOLITAN BANK,06/02/2024,UPI/CR/577084445972/Nilesh Vora/8310796388@pay,0.0,0.0,0.0
96940418624,METROPOLITAN BANK,07/02/2024,IMPS-554406390919-Bhavesh Shah,0.0,0.0,0.0
96940418624,METROPOLITAN BANK,07/02/2024,CLG-CARGO SOLUTIONS LTD,0.0,0.0,0.0
96940418624,METROPOLITAN BANK,07/02/2024,RTGS-ICICR485875362360-Nilesh Vora,0.0,0.0,0.0
96940418624,METROPOLITAN BANK,08/02/2024,NEFT-375388586045-NETPULSE SYSTEMS,0.0,0.0,0.0
96940418624,METROPOLITAN BANK,08/02/2024,CLG-CREDIT SERVICES LTD,0.0,0.0,0.0
96940418624,METROPOLITAN BANK,10/02/2024,IMPS-679459695711-Jayesh Modi,0.0,0.0,0.0
96940418624,METROPOLITAN BANK,10/02/2024,CASH DEPOSIT-Bhavesh Parekh,0.0,0.0,0.0
96940418624,METROPOLITAN BANK,12/02/2024,CASH DEPOSIT-Mehul Vora,0.0,0.0,0.0
96940418624,METROPOLITAN BANK,13/02/2024,CLG-SOFTWAVE TECHNOLOGIES,0.0,0.0,0.0
96940418624,METROPOLITAN BANK,16/02/2024,CHQ PAID-Bhavesh Shah-MICR,0.0,0.0,0.0
96940418624,METROPOLITAN BANK,16/02/2024,CLG-PERSONAL CARE LTD,0.0,0.0,0.0
96940418624,METROPOLITAN BANK,17/02/2024,NEFT-605764208858-FINANCE SOLUTIONS INDIA,0.0,0.0,0.0
96940418624,METROPOLITAN BANK,19/02/2024,UPI/CR/924025526499/Bhavesh Modi/9479760173@pay,0.0,0.0,0.0
96940418624,METROPOLITAN BANK,19/02/2024,IMPS-351990626003-Nisha Modi,0.0,0.0,0.0
96940418624,METROPOLITAN BANK,20/02/2024,NEFT Dr-121503886357-GST PAYMENT-GSTIN 62A7970,0.0,0.0,0.0
96940418624,METROPOLITAN BANK,20/02/2024,Dividend Cr-REALTY VENTURES LTD-EQUITY SHARES,0.0,0.0,0.0
96940418624,METROPOLITAN BANK,20/02/2024,NEFT-423324986046-AUTOMOTIVE PARTS CORP,0.0,0.0,0.0
96940418624,METROPOLITAN BANK,20/02/2024,CASH DEPOSIT-Bhavesh Trivedi,0.0,0.0,0.0
96940418624,METROPOLITAN BANK,21/02/2024,NEFT-454222268373-Mehul Modi,0.0,0.0,0.0
96940418624,METROPOLITAN BANK,21/02/2024,CLG-CARGO SOLUTIONS LTD,0.0,0.0,0.0
96940418624,METROPOLITAN BANK,22/02/2024,CASH DEPOSIT-Hitesh Shah,0.0,0.0,0.0
96940418624,METROPOLITAN BANK,23/02/2024,NEFT-746882517074-WEBSTREAM LIMITED,0.0,0.0,0.0
96940418624,METROPOLITAN BANK,23/02/2024,CASH WITHDRAWAL-Hitesh Desai,0.0,0.0,0.0
96940418624,METROPOLITAN BANK,23/02/2024,NEFT-207513921994-Mehul Parekh,0.0,0.0,0.0
96940418624,METROPOLITAN BANK,23/02/2024,CHQ PAID-Nilesh Modi-MICR,0.0,0.0,0.0
96940418624,METROPOLITAN BANK,24/02/2024,NEFT-988918375640-FABRIC INDUSTRIES INDIA,0.0,0.0,0.0
96940418624,METROPOLITAN BANK,24/02/2024,NEFT-392009462485-CAPITAL VENTURES INDIA,0.0,0.0,0.0
96940418624,METROPOLITAN BANK,24/02/2024,IMPS-165232053194-Paresh Parekh,0.0,0.0,0.0
96940418624,METROPOLITAN BANK,24/02/2024,CASH WITHDRAWAL-Nilesh Desai,0.0,0.0,0.0
96940418624,METROPOLITAN BANK,26/02/2024,NEFT-114337445973-PREMIUM PROPERTIES LTD,0.0,0.0,0.0
96940418624,METROPOLITAN BANK,26/02/2024,IMPS-163412251267-Bhavesh Amin,0.0,0.0,0.0
96940418624,METROPOLITAN BANK,27/02/2024,CHQ PAID-Ketan Parekh-MICR,0.0,0.0,0.0
96940418624,METROPOLITAN BANK,27/02/2024,CHQ PAID-Jayesh Shah-MICR,0.0,0.0,0.0
96940418624,METROPOLITAN BANK,27/02/2024,NEFT-820303802621-NETPULSE SYSTEMS,0.0,0.0,0.0
96940418624,METROPOLITAN BANK,28/02/2024,Service Charges-Cheque Book Charges,0.0,0.0,0.0
96940418624,METROPOLITAN BANK,28/02/2024,Service Charges-NEFT/RTGS Charges,0.0,0.0,0.0
96940418624,METROPOLITAN BANK,28/02/2024,Service Charges-Account Maintenance,0.0,0.0,0.0
96940418624,METROPOLITAN BANK,29/02/2024,RTGS-ICICR913613413791-PREMIUM INFRASTRUCTURE,0.0,0.0,0.0
96940418624,METROPOLITAN BANK,29/02/2024,NEFT-281516015283-CODEBASE SOLUTIONS,0.0,0.0,0.0
96940418624,METROPOLITAN BANK,29/02/2024,IMPS-970836421835-Hitesh Trivedi,0.0,0.0,0.0
96940418624,METROPOLITAN BANK,01/03/2024,NEFT-177984061464-Paresh Patel,0.0,0.0,0.0
96940418624,METROPOLITAN BANK,01/03/2024,NEFT-453258732027-DAILY NEEDS LIMITED,0.0,0.0,0.0
96940418624,METROPOLITAN BANK,01/03/2024,CLG-URBAN CONSTRUCTIONS,0.0,0.0,0.0
96940418624,METROPOLITAN BANK,01/03/2024,CASH WITHDRAWAL-Nilesh Vora,0.0,0.0,0.0
96940418624,METROPOLITAN BANK,02/03/2024,NEFT-840307908270-Nisha Vora,0.0,0.0,0.0
96940418624,METROPOLITAN BANK,02/03/2024,CLG-CARGO SOLUTIONS LTD,0.0,0.0,0.0
96940418624,METROPOLITAN BANK,02/03/2024,ATM WDL-66340,0.0,0.0,0.0
96940418624,METROPOLITAN BANK,04/03/2024,CLG-MOTOR INDUSTRIES LTD,0.0,0.0,0.0
96940418624,METROPOLITAN BANK,05/03/2024,NEFT-694014328041-Jayesh Shah,0.0,0.0,0.0
96940418624,METROPOLITAN BANK,05/03/2024,IMPS-947378864724-PERSONAL CARE LTD,0.0,0.0,0.0
96940418624,METROPOLITAN BANK,05/03/2024,CASH WITHDRAWAL-Nisha Modi,0.0,0.0,0.0
96940418624,METROPOLITAN BANK,06/03/2024,NEFT-464146719619-METROPOLITAN BUILDERS,0.0,0.0,0.0
96940418624,METROPOLITAN BANK,07/03/2024,CHQ PAID-Mehul Vora-MICR,0.0,0.0,0.0
96940418624,METROPOLITAN BANK,07/03/2024,UPI/CR/922402481728/Ketan Modi/8315884902@pay,0.0,0.0,0.0
96940418624,METROPOLITAN BANK,09/03/2024,UPI/CR/593824284185/Nilesh Trivedi/8605967641@pay,0.0,0.0,0.0
96940418624,METROPOLITAN BANK,09/03/2024,ATM WDL-25240,0.0,0.0,0.0
96940418624,METROPOLITAN BANK,09/03/2024,RTGS-ICICR732945967994-Jayesh Amin,0.0,0.0,0.0
96940418624,METROPOLITAN BANK,11/03/2024,CHQ PAID-Nisha Modi-MICR,0.0,0.0,0.0
96940418624,METROPOLITAN BANK,11/03/2024,CHQ PAID-Bhavesh Parekh-MICR,0.0,0.0,0.0
96940418624,METROPOLITAN BANK,12/03/2024,CASH DEPOSIT-Nilesh Parekh,0.0,0.0,0.0
96940418624,METROPOLITAN BANK,13/03/2024,RTGS-ICICR681551309961-RETAIL SOLUTIONS INDIA,0.0,0.0,0.0
96940418624,METROPOLITAN BANK,14/03/2024,CASH WITHDRAWAL-Ketan Desai,0.0,0.0,0.0
96940418624,METROPOLITAN BANK,14/03/2024,CLG-APEX HEAVY INDUSTRIES,0.0,0.0,0.0
96940418624,METROPOLITAN BANK,15/03/2024,NEFT-771865113860-Mehul Trivedi,0.0,0.0,0.0
96940418624,METROPOLITAN BANK,15/03/2024,CASH DEPOSIT-Bhavesh Trivedi,0.0,0.0,0.0
96940418624,METROPOLITAN BANK,15/03/2024,RTGS-ICICR249477677604-Hitesh Shah,0.0,0.0,0.0
96940418624,METROPOLITAN BANK,16/03/2024,NEFT-400423517106-Jayesh Modi,0.0,0.0,0.0
96940418624,METROPOLITAN BANK,16/03/2024,NEFT-831418051469-APEX HEAVY INDUSTRIES,0.0,0.0,0.0
96940418624,METROPOLITAN BANK,16/03/2024,RTGS-ICICR137567924675-REALTY VENTURES LTD,0.0,0.0,0.0
96940418624,METROPOLITAN BANK,16/03/2024,CASH DEPOSIT-Hitesh Patel,0.0,0.0,0.0
96940418624,METROPOLITAN BANK,18/03/2024,IMPS-831030804724-METROPOLITAN BUILDERS,0.0,0.0,0.0
96940418624,METROPOLITAN BANK,18/03/2024,UPI/CR/813372797432/Paresh Parekh/6356055392@pay,0.0,0.0,0.0
96940418624,METROPOLITAN BANK,20/03/2024,NEFT Dr-901363986197-GST PAYMENT-GSTIN 81C6938,0.0,0.0,0.0
96940418624,METROPOLITAN BANK,20/03/2024,IMPS-661554145971-NETFORGE TECHNOLOGIES,0.0,0.0,0.0
96940418624,METROPOLITAN BANK,20/03/2024,IMPS-966236363321-THERMAL SYSTEMS LTD,0.0,0.0,0.0
96940418624,METROPOLITAN BANK,21/03/2024,NEFT-924761214515-EXPRESS LOGISTICS INDIA,0.0,0.0,0.0
96940418624,METROPOLITAN BANK,21/03/2024,CLG-EXPRESS LOGISTICS INDIA,0.0,0.0,0.0
96940418624,METROPOLITAN BANK,22/03/2024,IMPS-935187951765-URBAN ESTATES INDIA,0.0,0.0,0.0
96940418624,METROPOLITAN BANK,22/03/2024,ATM WDL-93415,0.0,0.0,0.0
96940418624,METROPOLITAN BANK,23/03/2024,NEFT-955618642645-NETFORGE TECHNOLOGIES,0.0,0.0,0.0
96940418624,METROPOLITAN BANK,23/03/2024,CLG-PREMIUM INFRASTRUCTURE,0.0,0.0,0.0
96940418624,METROPOLITAN BANK,27/03/2024,CLG-RETAIL SOLUTIONS INDIA,0.0,0.0,0.0
96940418624,METROPOLITAN BANK,27/03/2024,CHQ PAID-Paresh Desai-MICR,0.0,0.0,0.0
96940418624,METROPOLITAN BANK,28/03/2024,NEFT-425837453737-Nilesh Patel,0.0,0.0,0.0
96940418624,METROPOLITAN BANK,28/03/2024,Service Charges-Demat Account AMC,0.0,0.0,0.0
96940418624,METROPOLITAN BANK,28/03/2024,Service Charges-SMS Alert Charges,0.0,0.0,0.0
96940418624,METROPOLITAN BANK,30/03/2024,NEFT-209210796861-URBAN CONSTRUCTIONS,0.0,0.0,0.0
96940418624,METROPOLITAN BANK,30/03/2024,IMPS-708181061642-INDUSTRIAL COMPONENTS INDIA,0.0,0.0,0.0
96940418624,METROPOLITAN BANK,30/03/2024,NEFT-400443227240-APEX HEAVY INDUSTRIES,0.0,0.0,0.0
96940418624,METROPOLITAN BANK,30/03/2024,NEFT-186546263896-FASHION TEXTILES LTD,0.0,0.0,0.0
96940418624,METROPOLITAN BANK,30/03/2024,CLG-APEX HEAVY INDUSTRIES,0.0,0.0,0.0
19571944444,ZENITH BANK OF INDIA,01/01/2024,IMPS-196374015390-Venkatesh Nair,0.0,0.0,0.0
19571944444,ZENITH BANK OF INDIA,02/01/2024,FAILED-INSUFFICIENT FUNDS-NEFT-324138977288-Venkatesh Naidu,0.0,0.0,0.0
19571944444,ZENITH BANK OF INDIA,03/01/2024,RTGS-ICICR767412225445-Venkatesh Murthy,0.0,0.0,0.0
19571944444,ZENITH BANK OF INDIA,03/01/2024,NEFT-939669952148-SOFTWAVE TECHNOLOGIES,0.0,0.0,0.0
19571944444,ZENITH BANK OF INDIA,03/01/2024,CHQ PAID-Anitha Reddy-MICR,0.0,0.0,0.0
19571944444,ZENITH BANK OF INDIA,04/01/2024,CLG-WELLNESS BRANDS INDIA,0.0,0.0,0.0
19571944444,ZENITH BANK OF INDIA,04/01/2024,NEFT-520807991814-TECHVISION SYSTEMS,0.0,0.0,0.0
19571944444,ZENITH BANK OF INDIA,04/01/2024,NEFT-954372537182-COTTON MILLS CORP,0.0,0.0,0.0
19571944444,ZENITH BANK OF INDIA,05/01/2024,NEFT Dr-103091959497-RENT PAYMENT-MONTHLY RENT,0.0,0.0,0.0
19571944444,ZENITH BANK OF INDIA,06/01/2024,CLG-RETAIL SOLUTIONS INDIA,0.0,0.0,0.0
19571944444,ZENITH BANK OF INDIA,06/01/2024,RTGS-ICICR532936822007-Ganesh Iyer,0.0,0.0,0.0
19571944444,ZENITH BANK OF INDIA,06/01/2024,CHQ PAID-Kavitha Iyer-MICR,0.0,0.0,0.0
19571944444,ZENITH BANK OF INDIA,06/01/2024,NEFT-326090205304-Subramaniam Krishnan,0.0,0.0,0.0
19571944444,ZENITH BANK OF INDIA,08/01/2024,IMPS-537207327250-MEDCARE LABORATORIES,0.0,0.0,0.0
19571944444,ZENITH BANK OF INDIA,08/01/2024,NEFT-127612970143-SOFTWAVE TECHNOLOGIES,0.0,0.0,0.0
19571944444,ZENITH BANK OF INDIA,08/01/2024,REVERSAL-CLG-RETAIL SOLUTIONS INDIA,0.0,0.0,0.0
19571944444,ZENITH BANK OF INDIA,09/01/2024,CASH DEPOSIT-Ganesh Murthy,0.0,0.0,0.0
19571944444,ZENITH BANK OF INDIA,09/01/2024,NEFT-239435059276-Venkatesh Rao,0.0,0.0,0.0
19571944444,ZENITH BANK OF INDIA,10/01/2024,RTGS-ICICR198241584454-URBAN CONSTRUCTIONS,0.0,0.0,0.0
19571944444,ZENITH BANK OF INDIA,10/01/2024,NEFT-591035860870-CLOUDTECH SERVICES,0.0,0.0,0.0
19571944444,ZENITH BANK OF INDIA,10/01/2024,NEFT-767161287513-MOTOR INDUSTRIES LTD,0.0,0.0,0.0
19571944444,ZENITH BANK OF INDIA,11/01/2024,SERVICE CHARGES-Online Banking Charges,0.0,0.0,0.0
19571944444,ZENITH BANK OF INDIA,13/01/2024,RTGS-ICICR229835029867-CREDIT SERVICES LTD,0.0,0.0,0.0
19571944444,ZENITH BANK OF INDIA,15/01/2024,RTGS-ICICR962443124599-PREMIUM PROPERTIES LTD,0.0,0.0,0.0
19571944444,ZENITH BANK OF INDIA,15/01/2024,NEFT-512246688455-Karthik Menon,0.0,0.0,0.0
19571944444,ZENITH BANK OF INDIA,15/01/2024,NEFT-555398436841-Karthik Nair,0.0,0.0,0.0
19571944444,ZENITH BANK OF INDIA,15/01/2024,NEFT-162841937950-MOTOR INDUSTRIES LTD,0.0,0.0,0.0
19571944444,ZENITH BANK OF INDIA,15/01/2024,IMPS-847934103668-MEDCARE LABORATORIES,0.0,0.0,0.0
19571944444,ZENITH BANK OF INDIA,15/01/2024,CASH DEPOSIT-Lakshmi Murthy,0.0,0.0,0.0
19571944444,ZENITH BANK OF INDIA,17/01/2024,CASH WITHDRAWAL-Ramesh Nair,0.0,0.0,0.0
19571944444,ZENITH BANK OF INDIA,18/01/2024,CLG-INVESTMENT SERVICES INDIA,0.0,0.0,0.0
19571944444,ZENITH BANK OF INDIA,18/01/2024,NEFT-544627064737-URBAN CONSTRUCTIONS,0.0,0.0,0.0
19571944444,ZENITH BANK OF INDIA,18/01/2024,ATM WDL-75072,0.0,0.0,0.0
19571944444,ZENITH BANK OF INDIA,18/01/2024,RTGS-ICICR488706385448-Lakshmi Reddy,0.0,0.0,0.0
19571944444,ZENITH BANK OF INDIA,19/01/2024,RTGS-ICICR231215738517-Kavitha Reddy,0.0,0.0,0.0
19571944444,ZENITH BANK OF INDIA,20/01/2024,NEFT Dr-134186287529-GST PAYMENT-GSTIN 47A4722,0.0,0.0,0.0
19571944444,ZENITH BANK OF INDIA,22/01/2024,UPI/DR/890734671816/Anitha Menon/8099359492@pay,0.0,0.0,0.0
19571944444,ZENITH BANK OF INDIA,23/01/2024,UPI/CR/982124137397/Subramaniam Krishnan/7424129162@pay,0.0,0.0,0.0
19571944444,ZENITH BANK OF INDIA,23/01/2024,CASH DEPOSIT-Kavitha Pillai,0.0,0.0,0.0
19571944444,ZENITH BANK OF INDIA,24/01/2024,UPI/CR/116884722419/Subramaniam Pillai/9638200179@pay,0.0,0.0,0.0
19571944444,ZENITH BANK OF INDIA,25/01/2024,CHQ PAID-Subramaniam Pillai-MICR,0.0,0.0,0.0
19571944444,ZENITH BANK OF INDIA,27/01/2024,NEFT-576486286895-Karthik Naidu,0.0,0.0,0.0
19571944444,ZENITH BANK OF INDIA,29/01/2024,RTGS-ICICR433872882941-DATABRIDGE INFOTECH,0.0,0.0,0.0
19571944444,ZENITH BANK OF INDIA,29/01/2024,IMPS-962799025515-PREMIUM PROPERTIES LTD,0.0,0.0,0.0
19571944444,ZENITH BANK OF INDIA,30/01/2024,RTGS-ICICR176956173457-DIGITAL SOLUTIONS INDIA,0.0,0.0,0.0
19571944444,ZENITH BANK OF INDIA,31/01/2024,CASH WITHDRAWAL-Ganesh Rao,0.0,0.0,0.0
19571944444,ZENITH BANK OF INDIA,31/01/2024,NEFT-672204591890-Ganesh Pillai,0.0,0.0,0.0
19571944444,ZENITH BANK OF INDIA,31/01/2024,NEFT-352933283018-SUPPLY CHAIN CORP,0.0,0.0,0.0
19571944444,ZENITH BANK OF INDIA,01/02/2024,NEFT-536860401113-COTTON MILLS CORP,0.0,0.0,0.0
19571944444,ZENITH BANK OF INDIA,01/02/2024,CHQ PAID-Venkatesh Krishnan-MICR,0.0,0.0,0.0
19571944444,ZENITH BANK OF INDIA,02/02/2024,NEFT-105234412738-Ramesh Menon,0.0,0.0,0.0
19571944444,ZENITH BANK OF INDIA,02/02/2024,CHQ PAID-Lakshmi Rao-MICR,0.0,0.0,0.0
19571944444,ZENITH BANK OF INDIA,02/02/2024,NEFT-468727487075-URBAN ESTATES INDIA,0.0,0.0,0.0
19571944444,ZENITH BANK OF INDIA,03/02/2024,UPI/DR/989962258402/Karthik Nair/6315286598@pay,0.0,0.0,0.0
19571944444,ZENITH BANK OF INDIA,03/02/2024,NEFT-677852826487-CONSUMER PRODUCTS INDIA,0.0,0.0,0.0
19571944444,ZENITH BANK OF INDIA,03/02/2024,CLG-DIGITAL SOLUTIONS INDIA,0.0,0.0,0.0
19571944444,ZENITH BANK OF INDIA,05/02/2024,NEFT Dr-481017584571-RENT PAYMENT-MONTHLY RENT,0.0,0.0,0.0
19571944444,ZENITH BANK OF INDIA,05/02/2024,NEFT-617681193970-Ramesh Murthy,0.0,0.0,0.0
19571944444,ZENITH BANK OF INDIA,05/02/2024,IMPS-297941450464-MOTOR INDUSTRIES LTD,0.0,0.0,0.0
19571944444,ZENITH BANK OF INDIA,05/02/2024,NEFT-823601793128-Kavitha Iyer,0.0,0.0,0.0
19571944444,ZENITH BANK OF INDIA,05/02/2024,NEFT-827823214081-INFOCORE TECHNOLOGIES,0.0,0.0,0.0
19571944444,ZENITH BANK OF INDIA,06/02/2024,IMPS-430156986711-Srinivas Naidu,0.0,0.0,0.0
19571944444,ZENITH BANK OF INDIA,07/02/2024,CASH DEPOSIT-Lakshmi Menon,0.0,0.0,0.0
19571944444,ZENITH BANK OF INDIA,07/02/2024,RTGS-ICICR177025710502-DAILY NEEDS LIMITED,0.0,0.0,0.0
19571944444,ZENITH BANK OF INDIA,07/02/2024,IMPS-287836353051-Karthik Rao,0.0,0.0,0.0
19571944444,ZENITH BANK OF INDIA,07/02/2024,UPI/CR/825442924634/Kavitha Naidu/9823653677@pay,0.0,0.0,0.0
19571944444,ZENITH BANK OF INDIA,08/02/2024,IMPS-348732477219-RETAIL SOLUTIONS INDIA,0.0,0.0,0.0
19571944444,ZENITH BANK OF INDIA,08/02/2024,IMPS-853734343630-Kavitha Menon,0.0,0.0,0.0
19571944444,ZENITH BANK OF INDIA,08/02/2024,IMPS-788261840757-LIFELINE PHARMACEUTICAL,0.0,0.0,0.0
19571944444,ZENITH BANK OF INDIA,08/02/2024,SERVICE CHARGES-SMS Alert Charges,0.0,0.0,0.0
19571944444,ZENITH BANK OF INDIA,09/02/2024,CHQ PAID-Priya Krishnan-MICR,0.0,0.0,0.0
19571944444,ZENITH BANK OF INDIA,10/02/2024,RTGS-ICICR817564501501-URBAN CONSTRUCTIONS,0.0,0.0,0.0
19571944444,ZENITH BANK OF INDIA,10/02/2024,UPI/DR/174406596074/Srinivas Iyer/6268696605@pay,0.0,0.0,0.0
19571944444,ZENITH BANK OF INDIA,10/02/2024,SERVICE CHARGES-Cheque Book Charges,0.0,0.0,0.0
19571944444,ZENITH BANK OF INDIA,12/02/2024,CHQ PAID-Ganesh Nair-MICR,0.0,0.0,0.0
19571944444,ZENITH BANK OF INDIA,12/02/2024,NEFT-352332673092-FASHION TEXTILES LTD,0.0,0.0,0.0
19571944444,ZENITH BANK OF INDIA,13/02/2024,SERVICE CHARGES-Account Maintenance,0.0,0.0,0.0
19571944444,ZENITH BANK OF INDIA,13/02/2024,UPI/DR/202500151957/Anitha Naidu/6025384233@pay,0.0,0.0,0.0
19571944444,ZENITH BANK OF INDIA,13/02/2024,CHQ PAID-Ramesh Naidu-MICR,0.0,0.0,0.0
19571944444,ZENITH BANK OF INDIA,13/02/2024,IMPS-387877771303-Kavitha Murthy,0.0,0.0,0.0
19571944444,ZENITH BANK OF INDIA,14/02/2024,IMPS-861298374361-Subramaniam Nair,0.0,0.0,0.0
19571944444,ZENITH BANK OF INDIA,15/02/2024,CHQ PAID-Kavitha Iyer-MICR,0.0,0.0,0.0
19571944444,ZENITH BANK OF INDIA,16/02/2024,CHQ PAID-Ganesh Naidu-MICR,0.0,0.0,0.0
19571944444,ZENITH BANK OF INDIA,16/02/2024,UPI/CR/521567271443/Ganesh Rao/8597601007@pay,0.0,0.0,0.0
19571944444,ZENITH BANK OF INDIA,19/02/2024,CHQ PAID-Kavitha Rao-MICR,0.0,0.0,0.0
19571944444,ZENITH BANK OF INDIA,19/02/2024,NEFT-196812668139-NETPULSE SYSTEMS,0.0,0.0,0.0
19571944444,ZENITH BANK OF INDIA,19/02/2024,UPI/CR/650700097702/Priya Menon/9412860628@pay,0.0,0.0,0.0
19571944444,ZENITH BANK OF INDIA,20/02/2024,NEFT Dr-549801663834-GST PAYMENT-GSTIN 94A9902,0.0,0.0,0.0
19571944444,ZENITH BANK OF INDIA,21/02/2024,CLG-FOOD INDUSTRIES CORP,0.0,0.0,0.0
19571944444,ZENITH BANK OF INDIA,21/02/2024,ATM WDL-82199,0.0,0.0,0.0
19571944444,ZENITH BANK OF INDIA,22/02/2024,SERVICE CHARGES-Cheque Book Charges,0.0,0.0,0.0
19571944444,ZENITH BANK OF INDIA,22/02/2024,NEFT-663602518733-Lakshmi Krishnan,0.0,0.0,0.0
19571944444,ZENITH BANK OF INDIA,23/02/2024,IMPS-802478311857-Subramaniam Menon,0.0,0.0,0.0
19571944444,ZENITH BANK OF INDIA,23/02/2024,RTGS-ICICR972195937976-DATABRIDGE INFOTECH,0.0,0.0,0.0
19571944444,ZENITH BANK OF INDIA,23/02/2024,NEFT-723476888192-AUTOMOTIVE PARTS CORP,0.0,0.0,0.0
19571944444,ZENITH BANK OF INDIA,24/02/2024,NEFT-162097359435-Kavitha Murthy,0.0,0.0,0.0
19571944444,ZENITH BANK OF INDIA,24/02/2024,UPI/DR/804837938965/Lakshmi Murthy/9888435199@pay,0.0,0.0,0.0
19571944444,ZENITH BANK OF INDIA,26/02/2024,CHQ PAID-Karthik Pillai-MICR,0.0,0.0,0.0
19571944444,ZENITH BANK OF INDIA,27/02/2024,IMPS-446994820083-DAILY NEEDS LIMITED,0.0,0.0,0.0
19571944444,ZENITH BANK OF INDIA,27/02/2024,RTGS-ICICR371041036990-URBAN ESTATES INDIA,0.0,0.0,0.0
19571944444,ZENITH BANK OF INDIA,27/02/2024,NEFT-155006968454-LOAN DISBURSEMENT-PREMIUM INFRASTRUCTURE,0.0,0.0,0.0
19571944444,ZENITH BANK OF INDIA,28/02/2024,IMPS-444424228080-Anitha Murthy,0.0,0.0,0.0
19571944444,ZENITH BANK OF INDIA,28/02/2024,Service Charges-Online Banking Charges,0.0,0.0,0.0
19571944444,ZENITH BANK OF INDIA,28/02/2024,Service Charges-Foreign Currency Markup,0.0,0.0,0.0
19571944444,ZENITH BANK OF INDIA,28/02/2024,Service Charges-Cheque Book Charges,0.0,0.0,0.0
19571944444,ZENITH BANK OF INDIA,29/02/2024,RTGS-ICICR576108252052-Lakshmi Naidu,0.0,0.0,0.0
19571944444,ZENITH BANK OF INDIA,29/02/2024,CLG-HOUSING DEVELOPERS CORP,0.0,0.0,0.0
19571944444,ZENITH BANK OF INDIA,01/03/2024,IMPS-112602519831-Subramaniam Menon,0.0,0.0,0.0
19571944444,ZENITH BANK OF INDIA,01/03/2024,CHQ PAID-Venkatesh Nair-MICR,0.0,0.0,0.0
19571944444,ZENITH BANK OF INDIA,02/03/2024,FAILED-INSUFFICIENT FUNDS-CASH WITHDRAWAL-Subramaniam Krishnan,0.0,0.0,0.0
19571944444,ZENITH BANK OF INDIA,02/03/2024,IMPS-242268780872-Ramesh Iyer,0.0,0.0,0.0
19571944444,ZENITH BANK OF INDIA,02/03/2024,IMPS-649447618472-HIGHWAY DEVELOPERS INDIA,0.0,0.0,0.0
19571944444,ZENITH BANK OF INDIA,02/03/2024,NEFT-123057364311-HEALTHCARE PRODUCTS LTD,0.0,0.0,0.0
19571944444,ZENITH BANK OF INDIA,04/03/2024,IMPS-348985411922-Karthik Naidu,0.0,0.0,0.0
19571944444,ZENITH BANK OF INDIA,04/03/2024,NEFT-632335522506-MINDWAVE CONSULTING,0.0,0.0,0.0
19571944444,ZENITH BANK OF INDIA,04/03/2024,CASH WITHDRAWAL-Subramaniam Nair,0.0,0.0,0.0
19571944444,ZENITH BANK OF INDIA,04/03/2024,IMPS-266663692451-DATABRIDGE INFOTECH,0.0,0.0,0.0
19571944444,ZENITH BANK OF INDIA,04/03/2024,UPI/DR/193082554439/Srinivas Murthy/7843725670@pay,0.0,0.0,0.0
19571944444,ZENITH BANK OF INDIA,04/03/2024,IMPS-307905027980-Kavitha Rao,0.0,0.0,0.0
19571944444,ZENITH BANK OF INDIA,05/03/2024,NEFT Dr-983095014518-RENT PAYMENT-MONTHLY RENT,0.0,0.0,0.0
19571944444,ZENITH BANK OF INDIA,05/03/2024,RTGS-ICICR427838328153-SUPPLY CHAIN CORP,0.0,0.0,0.0
19571944444,ZENITH BANK OF INDIA,05/03/2024,RTGS-ICICR950107335239-MINDWAVE CONSULTING,0.0,0.0,0.0
19571944444,ZENITH BANK OF INDIA,06/03/2024,CHQ PAID-Priya Menon-MICR,0.0,0.0,0.0
19571944444,ZENITH BANK OF INDIA,06/03/2024,CHQ PAID-Karthik Pillai-MICR,0.0,0.0,0.0
19571944444,ZENITH BANK OF INDIA,11/03/2024,NEFT-134285132938-FINANCE SOLUTIONS INDIA,0.0,0.0,0.0
19571944444,ZENITH BANK OF INDIA,12/03/2024,NEFT-178112367702-PREMIUM INFRASTRUCTURE,0.0,0.0,0.0
19571944444,ZENITH BANK OF INDIA,13/03/2024,CASH WITHDRAWAL-Ramesh Naidu,0.0,0.0,0.0
19571944444,ZENITH BANK OF INDIA,13/03/2024,NEFT-338754086090-Subramaniam Reddy,0.0,0.0,0.0
19571944444,ZENITH BANK OF INDIA,14/03/2024,IMPS-681715512814-Subramaniam Murthy,0.0,0.0,0.0
19571944444,ZENITH BANK OF INDIA,14/03/2024,NEFT-619785408915-Subramaniam Rao,0.0,0.0,0.0
19571944444,ZENITH BANK OF INDIA,14/03/2024,UPI/DR/302298505437/Ramesh Krishnan/9705914387@pay,0.0,0.0,0.0
19571944444,ZENITH BANK OF INDIA,14/03/2024,CHQ PAID-Kavitha Krishnan-MICR,0.0,0.0,0.0
19571944444,ZENITH BANK OF INDIA,15/03/2024,NEFT-808886766782-PRECISION ENGINEERING WORKS,0.0,0.0,0.0
19571944444,ZENITH BANK OF INDIA,15/03/2024,CASH DEPOSIT-Ramesh Rao,0.0,0.0,0.0
19571944444,ZENITH BANK OF INDIA,15/03/2024,CHQ PAID-Venkatesh Menon-MICR,0.0,0.0,0.0
19571944444,ZENITH BANK OF INDIA,15/03/2024,IMPS-728241214999-Ganesh Menon,0.0,0.0,0.0
19571944444,ZENITH BANK OF INDIA,15/03/2024,UPI/DR/233335682169/Subramaniam Krishnan/7897070492@pay,0.0,0.0,0.0
19571944444,ZENITH BANK OF INDIA,15/03/2024,NEFT-581730927036-Ramesh Nair,0.0,0.0,0.0
19571944444,ZENITH BANK OF INDIA,16/03/2024,NEFT-571869788789-Priya Naidu,0.0,0.0,0.0
19571944444,ZENITH BANK OF INDIA,16/03/2024,IMPS-526849659450-CYBERCRAFT SYSTEMS,0.0,0.0,0.0
19571944444,ZENITH BANK OF INDIA,18/03/2024,ATM WDL-37315,0.0,0.0,0.0
19571944444,ZENITH BANK OF INDIA,19/03/2024,CASH WITHDRAWAL-Karthik Reddy,0.0,0.0,0.0
19571944444,ZENITH BANK OF INDIA,19/03/2024,IMPS-656551457269-Lakshmi Murthy,0.0,0.0,0.0
19571944444,ZENITH BANK OF INDIA,20/03/2024,NEFT Dr-712058625450-GST PAYMENT-GSTIN 21A5226,0.0,0.0,0.0
19571944444,ZENITH BANK OF INDIA,20/03/2024,NEFT-631067848822-SOFTWAVE TECHNOLOGIES,0.0,0.0,0.0
19571944444,ZENITH BANK OF INDIA,21/03/2024,RTGS-ICICR454474324733-Lakshmi Krishnan,0.0,0.0,0.0
19571944444,ZENITH BANK OF INDIA,22/03/2024,NEFT-900723496653-Ganesh Pillai,0.0,0.0,0.0
19571944444,ZENITH BANK OF INDIA,23/03/2024,RTGS-ICICR590230671548-Ramesh Pillai,0.0,0.0,0.0
19571944444,ZENITH BANK OF INDIA,23/03/2024,CLG-CODEBASE SOLUTIONS,0.0,0.0,0.0
19571944444,ZENITH BANK OF INDIA,23/03/2024,NEFT-370538866857-INDUSTRIAL COMPONENTS INDIA,0.0,0.0,0.0
19571944444,ZENITH BANK OF INDIA,26/03/2024,NEFT-772587480512-WELLNESS BRANDS INDIA,0.0,0.0,0.0
19571944444,ZENITH BANK OF INDIA,26/03/2024,CASH DEPOSIT-Srinivas Murthy,0.0,0.0,0.0
19571944444,ZENITH BANK OF INDIA,26/03/2024,UPI/DR/489952826825/Ganesh Naidu/7174502489@pay,0.0,0.0,0.0
19571944444,ZENITH BANK OF INDIA,26/03/2024,ATM WDL-44603,0.0,0.0,0.0
19571944444,ZENITH BANK OF INDIA,27/03/2024,RTGS-ICICR183780933276-Ganesh Krishnan,0.0,0.0,0.0
19571944444,ZENITH BANK OF INDIA,28/03/2024,NEFT-771241091250-CLOUDTECH SERVICES,0.0,0.0,0.0
19571944444,ZENITH BANK OF INDIA,28/03/2024,CHQ PAID-Priya Iyer-MICR,0.0,0.0,0.0
19571944444,ZENITH BANK OF INDIA,28/03/2024,Service Charges-Cheque Book Charges,0.0,0.0,0.0
19571944444,ZENITH BANK OF INDIA,28/03/2024,Service Charges-Online Banking Charges,0.0,0.0,0.0
19571944444,ZENITH BANK OF INDIA,28/03/2024,Service Charges-SMS Alert Charges,0.0,0.0,0.0
19571944444,ZENITH BANK OF INDIA,30/03/2024,ATM WDL-57868,0.0,0.0,0.0
19571944444,ZENITH BANK OF INDIA,30/03/2024,ATM WDL-29977,0.0,0.0,0.0
19571944444,ZENITH BANK OF INDIA,30/03/2024,CLG-APEX HEAVY INDUSTRIES,0.0,0.0,0.0
95246614414,CITADEL BANK OF INDIA,03/01/2024,NEFT-942683954328-Mehul Patel,0.0,0.0,0.0
95246614414,CITADEL BANK OF INDIA,03/01/2024,RTGS-ICICR538928250097-Mehul Shah,0.0,0.0,0.0
95246614414,CITADEL BANK OF INDIA,04/01/2024,IMPS-874638784509-AUTOMOTIVE PARTS CORP,0.0,0.0,0.0
95246614414,CITADEL BANK OF INDIA,04/01/2024,NEFT-413364854900-REALTY VENTURES LTD,0.0,0.0,0.0
95246614414,CITADEL BANK OF INDIA,04/01/2024,CLG-WELLNESS BRANDS INDIA,0.0,0.0,0.0
95246614414,CITADEL BANK OF INDIA,05/01/2024,UPI/DR/666876850307/Nisha Parekh/9701188460@pay,0.0,0.0,0.0
95246614414,CITADEL BANK OF INDIA,05/01/2024,IMPS-807733805593-INVESTMENT SERVICES INDIA,0.0,0.0,0.0
95246614414,CITADEL BANK OF INDIA,05/01/2024,CHQ PAID-Paresh Patel-MICR,0.0,0.0,0.0
95246614414,CITADEL BANK OF INDIA,05/01/2024,CASH WITHDRAWAL-Nilesh Desai,0.0,0.0,0.0
95246614414,CITADEL BANK OF INDIA,05/01/2024,IMPS-601196691788-CLOUDTECH SERVICES,0.0,0.0,0.0
95246614414,CITADEL BANK OF INDIA,05/01/2024,NEFT-920968938586-Nisha Patel,0.0,0.0,0.0
95246614414,CITADEL BANK OF INDIA,05/01/2024,NEFT-607727205787-FOOD INDUSTRIES CORP,0.0,0.0,0.0
95246614414,CITADEL BANK OF INDIA,06/01/2024,RTGS-ICICR826824457503-Jayesh Amin,0.0,0.0,0.0
95246614414,CITADEL BANK OF INDIA,06/01/2024,CASH WITHDRAWAL-Jayesh Desai,0.0,0.0,0.0
95246614414,CITADEL BANK OF INDIA,06/01/2024,CASH WITHDRAWAL-Bhavesh Desai,0.0,0.0,0.0
95246614414,CITADEL BANK OF INDIA,08/01/2024,IMPS-201538074078-Bhavesh Amin,0.0,0.0,0.0
95246614414,CITADEL BANK OF INDIA,08/01/2024,IMPS-329982926862-CLOUDTECH SERVICES,0.0,0.0,0.0
95246614414,CITADEL BANK OF INDIA,09/01/2024,NEFT-982720213977-THERMAL SYSTEMS LTD,0.0,0.0,0.0
95246614414,CITADEL BANK OF INDIA,09/01/2024,UPI/CR/217894157982/Nisha Amin/6929267399@pay,0.0,0.0,0.0
95246614414,CITADEL BANK OF INDIA,09/01/2024,IMPS-989284498637-INDUSTRIAL COMPONENTS INDIA,0.0,0.0,0.0
95246614414,CITADEL BANK OF INDIA,10/01/2024,UPI/CR/861391640595/Nilesh Amin/8710295573@pay,0.0,0.0,0.0
95246614414,CITADEL BANK OF INDIA,10/01/2024,NEFT Dr-808776885328-LOAN EMI-MONTHLY INSTALLMENT,0.0,0.0,0.0
95246614414,CITADEL BANK OF INDIA,10/01/2024,CHQ PAID-Hitesh Trivedi-MICR,0.0,0.0,0.0
95246614414,CITADEL BANK OF INDIA,12/01/2024,ATM WDL-22126,0.0,0.0,0.0
95246614414,CITADEL BANK OF INDIA,13/01/2024,NEFT-279494208918-Mehul Patel,0.0,0.0,0.0
95246614414,CITADEL BANK OF INDIA,13/01/2024,IMPS-909410133920-WEBSTREAM LIMITED,0.0,0.0,0.0
95246614414,CITADEL BANK OF INDIA,13/01/2024,NEFT-716173753110-Jayesh Desai,0.0,0.0,0.0
95246614414,CITADEL BANK OF INDIA,15/01/2024,UPI/CR/260035433497/Jayesh Modi/6854608125@pay,0.0,0.0,0.0
95246614414,CITADEL BANK OF INDIA,15/01/2024,IMPS-982424315747-DATABRIDGE INFOTECH,0.0,0.0,0.0
95246614414,CITADEL BANK OF INDIA,16/01/2024,IMPS-612800651701-MOTOR INDUSTRIES LTD,0.0,0.0,0.0
95246614414,CITADEL BANK OF INDIA,16/01/2024,CLG-DAILY NEEDS LIMITED,0.0,0.0,0.0
95246614414,CITADEL BANK OF INDIA,17/01/2024,UPI/DR/271885786595/Bhavesh Desai/7277050233@pay,0.0,0.0,0.0
95246614414,CITADEL BANK OF INDIA,17/01/2024,IMPS-122532828086-GATEWAY PROJECTS LTD,0.0,0.0,0.0
95246614414,CITADEL BANK OF INDIA,17/01/2024,UPI/DR/360913302165/Nisha Amin/9768147261@pay,0.0,0.0,0.0
95246614414,CITADEL BANK OF INDIA,17/01/2024,CLG-DIGITAL SOLUTIONS INDIA,0.0,0.0,0.0
95246614414,CITADEL BANK OF INDIA,18/01/2024,CLG-CYBERCRAFT SYSTEMS,0.0,0.0,0.0
95246614414,CITADEL BANK OF INDIA,18/01/2024,CASH DEPOSIT-Paresh Modi,0.0,0.0,0.0
95246614414,CITADEL BANK OF INDIA,18/01/2024,CHQ PAID-Jayesh Vora-MICR,0.0,0.0,0.0
95246614414,CITADEL BANK OF INDIA,19/01/2024,ATM WDL-49813,0.0,0.0,0.0
95246614414,CITADEL BANK OF INDIA,20/01/2024,IMPS-556349997288-AUTOMOTIVE PARTS CORP,0.0,0.0,0.0
95246614414,CITADEL BANK OF INDIA,22/01/2024,NEFT-141794734603-SUPPLY CHAIN CORP,0.0,0.0,0.0
95246614414,CITADEL BANK OF INDIA,22/01/2024,CLG-MINDWAVE CONSULTING,0.0,0.0,0.0
95246614414,CITADEL BANK OF INDIA,23/01/2024,CLG-EXPRESS LOGISTICS INDIA,0.0,0.0,0.0
95246614414,CITADEL BANK OF INDIA,23/01/2024,NEFT-280955220774-URBAN ESTATES INDIA,0.0,0.0,0.0
95246614414,CITADEL BANK OF INDIA,24/01/2024,IMPS-543789373695-GATEWAY PROJECTS LTD,0.0,0.0,0.0
95246614414,CITADEL BANK OF INDIA,24/01/2024,CASH DEPOSIT-Hitesh Amin,0.0,0.0,0.0
95246614414,CITADEL BANK OF INDIA,24/01/2024,CLG-CONSUMER PRODUCTS INDIA,0.0,0.0,0.0
95246614414,CITADEL BANK OF INDIA,25/01/2024,IMPS-179513647834-THERMAL SYSTEMS LTD,0.0,0.0,0.0
95246614414,CITADEL BANK OF INDIA,27/01/2024,CLG-DAILY NEEDS LIMITED,0.0,0.0,0.0
95246614414,CITADEL BANK OF INDIA,29/01/2024,UPI/CR/329473570542/Jayesh Patel/7853933518@pay,0.0,0.0,0.0
95246614414,CITADEL BANK OF INDIA,29/01/2024,CLG-SOFTWAVE TECHNOLOGIES,0.0,0.0,0.0
95246614414,CITADEL BANK OF INDIA,29/01/2024,CLG-DAILY NEEDS LIMITED,0.0,0.0,0.0
95246614414,CITADEL BANK OF INDIA,29/01/2024,NEFT-751236703298-METROPOLITAN BUILDERS,0.0,0.0,0.0
95246614414,CITADEL BANK OF INDIA,30/01/2024,NEFT-693917771982-WEBSTREAM LIMITED,0.0,0.0,0.0
95246614414,CITADEL BANK OF INDIA,31/01/2024,CLG-RETAIL SOLUTIONS INDIA,0.0,0.0,0.0
95246614414,CITADEL BANK OF INDIA,01/02/2024,CLG-FABRIC INDUSTRIES INDIA,0.0,0.0,0.0
95246614414,CITADEL BANK OF INDIA,02/02/2024,RTGS-ICICR226359708961-METROPOLITAN BUILDERS,0.0,0.0,0.0
95246614414,CITADEL BANK OF INDIA,03/02/2024,REVERSAL-CLG-FABRIC INDUSTRIES INDIA,0.0,0.0,0.0
95246614414,CITADEL BANK OF INDIA,03/02/2024,NEFT-615568536724-REALTY VENTURES LTD,0.0,0.0,0.0
95246614414,CITADEL BANK OF INDIA,03/02/2024,NEFT-483473319448-INVESTMENT SERVICES INDIA,0.0,0.0,0.0
95246614414,CITADEL BANK OF INDIA,05/02/2024,RTGS-ICICR924113226976-MOTOR INDUSTRIES LTD,0.0,0.0,0.0
95246614414,CITADEL BANK OF INDIA,05/02/2024,UPI/CR/387224112012/Nisha Modi/9237472825@pay,0.0,0.0,0.0
95246614414,CITADEL BANK OF INDIA,05/02/2024,CLG-SOFTWAVE TECHNOLOGIES,0.0,0.0,0.0
95246614414,CITADEL BANK OF INDIA,05/02/2024,NEFT-308920643900-WEBSTREAM LIMITED,0.0,0.0,0.0
95246614414,CITADEL BANK OF INDIA,05/02/2024,RTGS-ICICR836556145488-GATEWAY PROJECTS LTD,0.0,0.0,0.0
95246614414,CITADEL BANK OF INDIA,05/02/2024,Dividend Cr-CONSTRUCTION SOLUTIONS LTD-EQUITY SHARES,0.0,0.0,0.0
95246614414,CITADEL BANK OF INDIA,06/02/2024,CLG-CYBERCRAFT SYSTEMS,0.0,0.0,0.0
95246614414,CITADEL BANK OF INDIA,06/02/2024,UPI/CR/984236305357/Nilesh Patel/8709705343@pay,0.0,0.0,0.0
95246614414,CITADEL BANK OF INDIA,06/02/2024,UPI/CR/478463577749/Bhavesh Shah/8378399224@pay,0.0,0.0,0.0
95246614414,CITADEL BANK OF INDIA,06/02/2024,IMPS-939492979392-URBAN ESTATES INDIA,0.0,0.0,0.0
95246614414,CITADEL BANK OF INDIA,06/02/2024,CASH DEPOSIT-Ketan Patel,0.0,0.0,0.0
95246614414,CITADEL BANK OF INDIA,08/02/2024,UPI/CR/606308955369/Nisha Amin/7470909325@pay,0.0,0.0,0.0
95246614414,CITADEL BANK OF INDIA,09/02/2024,CLG-WELLNESS BRANDS INDIA,0.0,0.0,0.0
95246614414,CITADEL BANK OF INDIA,10/02/2024,CASH DEPOSIT-Jayesh Parekh,0.0,0.0,0.0
95246614414,CITADEL BANK OF INDIA,10/02/2024,IMPS-817252390350-CAPITAL VENTURES INDIA,0.0,0.0,0.0
95246614414,CITADEL BANK OF INDIA,12/02/2024,NEFT-310899006563-DAILY NEEDS LIMITED,0.0,0.0,0.0
95246614414,CITADEL BANK OF INDIA,12/02/2024,IMPS-569288927768-PERSONAL CARE LTD,0.0,0.0,0.0
95246614414,CITADEL BANK OF INDIA,13/02/2024,CLG-FOOD INDUSTRIES CORP,0.0,0.0,0.0
95246614414,CITADEL BANK OF INDIA,13/02/2024,NEFT-845303255496-DATABRIDGE INFOTECH,0.0,0.0,0.0
95246614414,CITADEL BANK OF INDIA,13/02/2024,UPI/CR/539060513304/Bhavesh Modi/6919533141@pay,0.0,0.0,0.0
95246614414,CITADEL BANK OF INDIA,13/02/2024,NEFT-173323262074-METROPOLITAN BUILDERS,0.0,0.0,0.0
95246614414,CITADEL BANK OF INDIA,14/02/2024,NEFT-808214290538-TECHVISION SYSTEMS,0.0,0.0,0.0
95246614414,CITADEL BANK OF INDIA,14/02/2024,IMPS-561127742071-FINANCE SOLUTIONS INDIA,0.0,0.0,0.0
95246614414,CITADEL BANK OF INDIA,14/02/2024,CASH DEPOSIT-Hitesh Amin,0.0,0.0,0.0
95246614414,CITADEL BANK OF INDIA,15/02/2024,IMPS-340499565202-PREMIUM INFRASTRUCTURE,0.0,0.0,0.0
95246614414,CITADEL BANK OF INDIA,16/02/2024,UPI/CR/652344247635/Mehul Modi/9831942148@pay,0.0,0.0,0.0
95246614414,CITADEL BANK OF INDIA,16/02/2024,RTGS-ICICR760109537312-CYBERCRAFT SYSTEMS,0.0,0.0,0.0
95246614414,CITADEL BANK OF INDIA,17/02/2024,NEFT-621437094163-LOAN DISBURSEMENT-CARGO SOLUTIONS LTD,0.0,0.0,0.0
95246614414,CITADEL BANK OF INDIA,17/02/2024,ATM WDL-25326,0.0,0.0,0.0
95246614414,CITADEL BANK OF INDIA,19/02/2024,IMPS-241066079276-WELLNESS BRANDS INDIA,0.0,0.0,0.0
95246614414,CITADEL BANK OF INDIA,19/02/2024,CASH DEPOSIT-Paresh Vora,0.0,0.0,0.0
95246614414,CITADEL BANK OF INDIA,20/02/2024,CLG-WELLNESS BRANDS INDIA,0.0,0.0,0.0
95246614414,CITADEL BANK OF INDIA,20/02/2024,CLG-CONSTRUCTION SOLUTIONS LTD,0.0,0.0,0.0
95246614414,CITADEL BANK OF INDIA,21/02/2024,IMPS-817898578542-REALTY VENTURES LTD,0.0,0.0,0.0
95246614414,CITADEL BANK OF INDIA,23/02/2024,RTGS-ICICR889947549907-INVESTMENT SERVICES INDIA,0.0,0.0,0.0
95246614414,CITADEL BANK OF INDIA,23/02/2024,RTGS-ICICR124762572577-CYBERCRAFT SYSTEMS,0.0,0.0,0.0
95246614414,CITADEL BANK OF INDIA,23/02/2024,NEFT-233632519451-LOAN DISBURSEMENT-FINANCE SOLUTIONS INDIA,0.0,0.0,0.0
95246614414,CITADEL BANK OF INDIA,23/02/2024,CLG-CONSTRUCTION SOLUTIONS LTD,0.0,0.0,0.0
95246614414,CITADEL BANK OF INDIA,26/02/2024,UPI/CR/579290068048/Paresh Trivedi/8979944009@pay,0.0,0.0,0.0
95246614414,CITADEL BANK OF INDIA,26/02/2024,RTGS-ICICR489472345091-NETFORGE TECHNOLOGIES,0.0,0.0,0.0
95246614414,CITADEL BANK OF INDIA,27/02/2024,RTGS-ICICR228558658020-DATABRIDGE INFOTECH,0.0,0.0,0.0
95246614414,CITADEL BANK OF INDIA,27/02/2024,UPI/CR/249534793542/Ketan Parekh/9972650546@pay,0.0,0.0,0.0
95246614414,CITADEL BANK OF INDIA,27/02/2024,UPI/CR/583694830784/Hitesh Amin/8208140317@pay,0.0,0.0,0.0
95246614414,CITADEL BANK OF INDIA,28/02/2024,RTGS-ICICR266461208652-PRECISION ENGINEERING WORKS,0.0,0.0,0.0
95246614414,CITADEL BANK OF INDIA,28/02/2024,CLG-CONSUMER PRODUCTS INDIA,0.0,0.0,0.0
95246614414,CITADEL BANK OF INDIA,28/02/2024,Service Charges-Cheque Book Charges,0.0,0.0,0.0
95246614414,CITADEL BANK OF INDIA,28/02/2024,Service Charges-NEFT/RTGS Charges,0.0,0.0,0.0
95246614414,CITADEL BANK OF INDIA,29/02/2024,NEFT-438804172433-DATABRIDGE INFOTECH,0.0,0.0,0.0
95246614414,CITADEL BANK OF INDIA,29/02/2024,CASH DEPOSIT-Paresh Shah,0.0,0.0,0.0
95246614414,CITADEL BANK OF INDIA,29/02/2024,CLG-SUPPLY CHAIN CORP,0.0,0.0,0.0
95246614414,CITADEL BANK OF INDIA,01/03/2024,NEFT-564230896126-REALTY VENTURES LTD,0.0,0.0,0.0
95246614414,CITADEL BANK OF INDIA,01/03/2024,RTGS-ICICR635234455811-NETPULSE SYSTEMS,0.0,0.0,0.0
95246614414,CITADEL BANK OF INDIA,02/03/2024,REVERSAL-RTGS-ICICR266461208652-PRECISION ENGINEERING WORKS,0.0,0.0,0.0
95246614414,CITADEL BANK OF INDIA,02/03/2024,IMPS-912335188890-WELLNESS BRANDS INDIA,0.0,0.0,0.0
95246614414,CITADEL BANK OF INDIA,04/03/2024,NEFT-140941051877-PRECISION ENGINEERING WORKS,0.0,0.0,0.0
95246614414,CITADEL BANK OF INDIA,04/03/2024,CLG-CREDIT SERVICES LTD,0.0,0.0,0.0
95246614414,CITADEL BANK OF INDIA,04/03/2024,CLG-EXPRESS LOGISTICS INDIA,0.0,0.0,0.0
95246614414,CITADEL BANK OF INDIA,05/03/2024,NEFT-850429627515-MEDCARE LABORATORIES,0.0,0.0,0.0
95246614414,CITADEL BANK OF INDIA,05/03/2024,NEFT-668356284678-FOOD INDUSTRIES CORP,0.0,0.0,0.0
95246614414,CITADEL BANK OF INDIA,05/03/2024,CLG-CONSUMER PRODUCTS INDIA,0.0,0.0,0.0
95246614414,CITADEL BANK OF INDIA,05/03/2024,IMPS-340291150894-FASHION TEXTILES LTD,0.0,0.0,0.0
95246614414,CITADEL BANK OF INDIA,05/03/2024,CLG-AUTOMOTIVE PARTS CORP,0.0,0.0,0.0
95246614414,CITADEL BANK OF INDIA,06/03/2024,IMPS-110942161726-MEDCARE LABORATORIES,0.0,0.0,0.0
95246614414,CITADEL BANK OF INDIA,06/03/2024,IMPS-206755985211-INDUSTRIAL COMPONENTS INDIA,0.0,0.0,0.0
95246614414,CITADEL BANK OF INDIA,06/03/2024,NEFT-303341246279-URBAN ESTATES INDIA,0.0,0.0,0.0
95246614414,CITADEL BANK OF INDIA,06/03/2024,UPI/CR/406654786329/Nilesh Patel/8692932346@pay,0.0,0.0,0.0
95246614414,CITADEL BANK OF INDIA,07/03/2024,IMPS-758800205678-CODEBASE SOLUTIONS,0.0,0.0,0.0
95246614414,CITADEL BANK OF INDIA,07/03/2024,NEFT-594157739474-PREMIUM PROPERTIES LTD,0.0,0.0,0.0
95246614414,CITADEL BANK OF INDIA,09/03/2024,NEFT-740233321840-CLOUDTECH SERVICES,0.0,0.0,0.0
95246614414,CITADEL BANK OF INDIA,11/03/2024,CASH DEPOSIT-Hitesh Patel,0.0,0.0,0.0
95246614414,CITADEL BANK OF INDIA,11/03/2024,IMPS-728034204141-MINDWAVE CONSULTING,0.0,0.0,0.0
95246614414,CITADEL BANK OF INDIA,11/03/2024,UPI/CR/402259276531/Ketan Vora/8043227895@pay,0.0,0.0,0.0
95246614414,CITADEL BANK OF INDIA,11/03/2024,IMPS-396991180781-INFOCORE TECHNOLOGIES,0.0,0.0,0.0
95246614414,CITADEL BANK OF INDIA,12/03/2024,IMPS-766851320422-FINANCE SOLUTIONS INDIA,0.0,0.0,0.0
95246614414,CITADEL BANK OF INDIA,13/03/2024,IMPS-711720340270-NETFORGE TECHNOLOGIES,0.0,0.0,0.0
95246614414,CITADEL BANK OF INDIA,13/03/2024,CASH DEPOSIT-Hitesh Modi,0.0,0.0,0.0
95246614414,CITADEL BANK OF INDIA,14/03/2024,CASH DEPOSIT-Nilesh Amin,0.0,0.0,0.0
95246614414,CITADEL BANK OF INDIA,15/03/2024,NEFT-943524927180-CODEBASE SOLUTIONS,0.0,0.0,0.0
95246614414,CITADEL BANK OF INDIA,15/03/2024,Dividend Cr-CODEBASE SOLUTIONS-EQUITY SHARES,0.0,0.0,0.0
95246614414,CITADEL BANK OF INDIA,18/03/2024,UPI/CR/309308645644/Nilesh Shah/6242617462@pay,0.0,0.0,0.0
95246614414,CITADEL BANK OF INDIA,18/03/2024,NEFT-491276854186-FABRIC INDUSTRIES INDIA,0.0,0.0,0.0
95246614414,CITADEL BANK OF INDIA,18/03/2024,NEFT-575814584408-EXPRESS LOGISTICS INDIA,0.0,0.0,0.0
95246614414,CITADEL BANK OF INDIA,18/03/2024,CLG-CONSTRUCTION SOLUTIONS LTD,0.0,0.0,0.0
95246614414,CITADEL BANK OF INDIA,19/03/2024,CLG-HEALTHPLUS PHARMA LTD,0.0,0.0,0.0
95246614414,CITADEL BANK OF INDIA,21/03/2024,CLG-INFOCORE TECHNOLOGIES,0.0,0.0,0.0
95246614414,CITADEL BANK OF INDIA,21/03/2024,REVERSAL-CLG-CONSTRUCTION SOLUTIONS LTD,0.0,0.0,0.0
95246614414,CITADEL BANK OF INDIA,22/03/2024,CASH DEPOSIT-Jayesh Vora,0.0,0.0,0.0
95246614414,CITADEL BANK OF INDIA,22/03/2024,NEFT-901963163676-DATABRIDGE INFOTECH,0.0,0.0,0.0
95246614414,CITADEL BANK OF INDIA,23/03/2024,NEFT-281330478326-CONSUMER PRODUCTS INDIA,0.0,0.0,0.0
95246614414,CITADEL BANK OF INDIA,26/03/2024,NEFT-838344041381-INVESTMENT SERVICES INDIA,0.0,0.0,0.0
95246614414,CITADEL BANK OF INDIA,26/03/2024,CLG-PREMIUM PROPERTIES LTD,0.0,0.0,0.0
95246614414,CITADEL BANK OF INDIA,26/03/2024,NEFT-653949937795-AUTOMOTIVE PARTS CORP,0.0,0.0,0.0
95246614414,CITADEL BANK OF INDIA,26/03/2024,NEFT-529528817487-MOTOR INDUSTRIES LTD,0.0,0.0,0.0
95246614414,CITADEL BANK OF INDIA,26/03/2024,CLG-INDUSTRIAL COMPONENTS INDIA,0.0,0.0,0.0
95246614414,CITADEL BANK OF INDIA,27/03/2024,IMPS-342798713199-CAPITAL VENTURES INDIA,0.0,0.0,0.0
95246614414,CITADEL BANK OF INDIA,28/03/2024,RTGS-ICICR916575879899-DATABRIDGE INFOTECH,0.0,0.0,0.0
95246614414,CITADEL BANK OF INDIA,28/03/2024,Service Charges-Cheque Book Charges,0.0,0.0,0.0
95246614414,CITADEL BANK OF INDIA,30/03/2024,CASH DEPOSIT-Hitesh Vora,0.0,0.0,0.0
48630549472,SYNERGY BANK LIMITED,01/01/2024,CLG-MEDCARE LABORATORIES,0.0,0.0,0.0
48630549472,SYNERGY BANK LIMITED,01/01/2024,IMPS-658272635742-HOUSING DEVELOPERS CORP,0.0,0.0,0.0
48630549472,SYNERGY BANK LIMITED,02/01/2024,NEFT Dr-220268309057-UTILITY SUBSCRIPTION,0.0,0.0,0.0
48630549472,SYNERGY BANK LIMITED,02/01/2024,CASH WITHDRAWAL-Mehul Vora,0.0,0.0,0.0
48630549472,SYNERGY BANK LIMITED,02/01/2024,CASH WITHDRAWAL-Hitesh Trivedi,0.0,0.0,0.0
48630549472,SYNERGY BANK LIMITED,04/01/2024,UPI/CR/297113313341/Nisha Modi/8842357319@pay,0.0,0.0,0.0
48630549472,SYNERGY BANK LIMITED,04/01/2024,NEFT-103449960510-Nisha Parekh,0.0,0.0,0.0
48630549472,SYNERGY BANK LIMITED,04/01/2024,UPI/DR/339115966774/Hitesh Modi/6742482715@pay,0.0,0.0,0.0
48630549472,SYNERGY BANK LIMITED,05/01/2024,NEFT Dr-442466614029-RENT PAYMENT-MONTHLY RENT,0.0,0.0,0.0
48630549472,SYNERGY BANK LIMITED,05/01/2024,CHQ PAID-Jayesh Shah-MICR,0.0,0.0,0.0
48630549472,SYNERGY BANK LIMITED,05/01/2024,CASH DEPOSIT-Hitesh Patel,0.0,0.0,0.0
48630549472,SYNERGY BANK LIMITED,05/01/2024,UPI/CR/255586264268/Bhavesh Desai/9645637563@pay,0.0,0.0,0.0
48630549472,SYNERGY BANK LIMITED,05/01/2024,NEFT-430135080900-FOOD INDUSTRIES CORP,0.0,0.0,0.0
48630549472,SYNERGY BANK LIMITED,05/01/2024,IMPS-376014941470-INVESTMENT SERVICES INDIA,0.0,0.0,0.0
48630549472,SYNERGY BANK LIMITED,06/01/2024,UPI/DR/339840323362/Nilesh Shah/6908283857@pay,0.0,0.0,0.0
48630549472,SYNERGY BANK LIMITED,08/01/2024,IMPS-936266529559-MEDCARE LABORATORIES,0.0,0.0,0.0
48630549472,SYNERGY BANK LIMITED,08/01/2024,IMPS-872987746447-Hitesh Parekh,0.0,0.0,0.0
48630549472,SYNERGY BANK LIMITED,08/01/2024,CLG-PERSONAL CARE LTD,0.0,0.0,0.0
48630549472,SYNERGY BANK LIMITED,09/01/2024,NEFT-824558341140-NETFORGE TECHNOLOGIES,0.0,0.0,0.0
48630549472,SYNERGY BANK LIMITED,09/01/2024,RTGS-ICICR994663261783-Nisha Modi,0.0,0.0,0.0
48630549472,SYNERGY BANK LIMITED,09/01/2024,CHQ PAID-Bhavesh Trivedi-MICR,0.0,0.0,0.0
48630549472,SYNERGY BANK LIMITED,11/01/2024,IMPS-496218834695-TECHVISION SYSTEMS,0.0,0.0,0.0
48630549472,SYNERGY BANK LIMITED,11/01/2024,RTGS-ICICR175707448419-Bhavesh Modi,0.0,0.0,0.0
48630549472,SYNERGY BANK LIMITED,12/01/2024,CASH DEPOSIT-Mehul Desai,0.0,0.0,0.0
48630549472,SYNERGY BANK LIMITED,12/01/2024,CASH WITHDRAWAL-Jayesh Vora,0.0,0.0,0.0
48630549472,SYNERGY BANK LIMITED,12/01/2024,UPI/CR/544123741320/Nisha Modi/6130674287@pay,0.0,0.0,0.0
48630549472,SYNERGY BANK LIMITED,13/01/2024,IMPS-544399180620-Nilesh Shah,0.0,0.0,0.0
48630549472,SYNERGY BANK LIMITED,17/01/2024,NEFT-571264169790-NETPULSE SYSTEMS,0.0,0.0,0.0
48630549472,SYNERGY BANK LIMITED,17/01/2024,RTGS-ICICR719592267184-Bhavesh Amin,0.0,0.0,0.0
48630549472,SYNERGY BANK LIMITED,18/01/2024,NEFT Dr-826229415905-UTILITY SUBSCRIPTION,0.0,0.0,0.0
48630549472,SYNERGY BANK LIMITED,18/01/2024,UPI/DR/364820706419/Paresh Vora/6290369142@pay,0.0,0.0,0.0
48630549472,SYNERGY BANK LIMITED,19/01/2024,NEFT-356259318022-Paresh Desai,0.0,0.0,0.0
48630549472,SYNERGY BANK LIMITED,19/01/2024,CLG-CAPITAL VENTURES INDIA,0.0,0.0,0.0
48630549472,SYNERGY BANK LIMITED,19/01/2024,SERVICE CHARGES-NEFT/RTGS Charges,0.0,0.0,0.0
48630549472,SYNERGY BANK LIMITED,19/01/2024,NEFT-385183314005-CONSUMER PRODUCTS INDIA,0.0,0.0,0.0
48630549472,SYNERGY BANK LIMITED,20/01/2024,NEFT-443075986249-HEALTHPLUS PHARMA LTD,0.0,0.0,0.0
48630549472,SYNERGY BANK LIMITED,20/01/2024,IMPS-642214133799-CARGO SOLUTIONS LTD,0.0,0.0,0.0
48630549472,SYNERGY BANK LIMITED,22/01/2024,UPI/DR/492986121543/Hitesh Shah/8596748050@pay,0.0,0.0,0.0
48630549472,SYNERGY BANK LIMITED,22/01/2024,NEFT-228765869070-HOUSING DEVELOPERS CORP,0.0,0.0,0.0
48630549472,SYNERGY BANK LIMITED,22/01/2024,CHQ PAID-Paresh Vora-MICR,0.0,0.0,0.0
48630549472,SYNERGY BANK LIMITED,23/01/2024,CLG-CONSUMER PRODUCTS INDIA,0.0,0.0,0.0
48630549472,SYNERGY BANK LIMITED,23/01/2024,NEFT-830872144870-CAPITAL VENTURES INDIA,0.0,0.0,0.0
48630549472,SYNERGY BANK LIMITED,24/01/2024,UPI/DR/462842924379/Ketan Trivedi/8930817822@pay,0.0,0.0,0.0
48630549472,SYNERGY BANK LIMITED,24/01/2024,CASH WITHDRAWAL-Nisha Shah,0.0,0.0,0.0
48630549472,SYNERGY BANK LIMITED,24/01/2024,CLG-DAILY NEEDS LIMITED,0.0,0.0,0.0
48630549472,SYNERGY BANK LIMITED,25/01/2024,CLG-PREMIUM INFRASTRUCTURE,0.0,0.0,0.0
48630549472,SYNERGY BANK LIMITED,25/01/2024,ATM WDL-93636,0.0,0.0,0.0
48630549472,SYNERGY BANK LIMITED,25/01/2024,CLG-CAPITAL VENTURES INDIA,0.0,0.0,0.0
48630549472,SYNERGY BANK LIMITED,27/01/2024,CLG-CAPITAL VENTURES INDIA,0.0,0.0,0.0
48630549472,SYNERGY BANK LIMITED,29/01/2024,RTGS-ICICR757201828404-TECHVISION SYSTEMS,0.0,0.0,0.0
48630549472,SYNERGY BANK LIMITED,29/01/2024,IMPS-653493204944-Hitesh Trivedi,0.0,0.0,0.0
48630549472,SYNERGY BANK LIMITED,29/01/2024,CHQ PAID-Bhavesh Modi-MICR,0.0,0.0,0.0
48630549472,SYNERGY BANK LIMITED,01/02/2024,CASH WITHDRAWAL-Nisha Vora,0.0,0.0,0.0
48630549472,SYNERGY BANK LIMITED,01/02/2024,CASH DEPOSIT-Jayesh Patel,0.0,0.0,0.0
48630549472,SYNERGY BANK LIMITED,02/02/2024,NEFT Dr-567939802941-INSURANCE SUBSCRIPTION,0.0,0.0,0.0
48630549472,SYNERGY BANK LIMITED,02/02/2024,CLG-CARGO SOLUTIONS LTD,0.0,0.0,0.0
48630549472,SYNERGY BANK LIMITED,05/02/2024,NEFT-256181034926-SOFTWAVE TECHNOLOGIES,0.0,0.0,0.0
48630549472,SYNERGY BANK LIMITED,05/02/2024,NEFT Dr-190023694045-RENT PAYMENT-MONTHLY RENT,0.0,0.0,0.0
48630549472,SYNERGY BANK LIMITED,06/02/2024,CLG-CARGO SOLUTIONS LTD,0.0,0.0,0.0
48630549472,SYNERGY BANK LIMITED,07/02/2024,CHQ PAID-Nisha Desai-MICR,0.0,0.0,0.0
48630549472,SYNERGY BANK LIMITED,07/02/2024,NEFT-530904614912-Ketan Desai,0.0,0.0,0.0
48630549472,SYNERGY BANK LIMITED,07/02/2024,CLG-INVESTMENT SERVICES INDIA,0.0,0.0,0.0
48630549472,SYNERGY BANK LIMITED,08/02/2024,NEFT-757604591497-MINDWAVE CONSULTING,0.0,0.0,0.0
48630549472,SYNERGY BANK LIMITED,08/02/2024,CASH DEPOSIT-Mehul Desai,0.0,0.0,0.0
48630549472,SYNERGY BANK LIMITED,09/02/2024,RTGS-ICICR678544149356-Mehul Parekh,0.0,0.0,0.0
48630549472,SYNERGY BANK LIMITED,10/02/2024,IMPS-368715431222-THERMAL SYSTEMS LTD,0.0,0.0,0.0
48630549472,SYNERGY BANK LIMITED,10/02/2024,CASH DEPOSIT-Paresh Modi,0.0,0.0,0.0
48630549472,SYNERGY BANK LIMITED,12/02/2024,NEFT-290881385250-URBAN CONSTRUCTIONS,0.0,0.0,0.0
48630549472,SYNERGY BANK LIMITED,12/02/2024,CASH DEPOSIT-Mehul Desai,0.0,0.0,0.0
48630549472,SYNERGY BANK LIMITED,12/02/2024,IMPS-544941536890-AUTOMOTIVE PARTS CORP,0.0,0.0,0.0
48630549472,SYNERGY BANK LIMITED,12/02/2024,CHQ PAID-Paresh Amin-MICR,0.0,0.0,0.0
48630549472,SYNERGY BANK LIMITED,12/02/2024,UPI/CR/876567983204/Hitesh Patel/7962487422@pay,0.0,0.0,0.0
48630549472,SYNERGY BANK LIMITED,13/02/2024,CLG-DAILY NEEDS LIMITED,0.0,0.0,0.0
48630549472,SYNERGY BANK LIMITED,13/02/2024,IMPS-730317870481-CARGO SOLUTIONS LTD,0.0,0.0,0.0
48630549472,SYNERGY BANK LIMITED,14/02/2024,CASH WITHDRAWAL-Mehul Parekh,0.0,0.0,0.0
48630549472,SYNERGY BANK LIMITED,14/02/2024,RTGS-ICICR178596167712-MEDCARE LABORATORIES,0.0,0.0,0.0
48630549472,SYNERGY BANK LIMITED,14/02/2024,UPI/CR/251262110475/Hitesh Amin/9469818383@pay,0.0,0.0,0.0
48630549472,SYNERGY BANK LIMITED,14/02/2024,UPI/DR/617328419421/Paresh Patel/9168232990@pay,0.0,0.0,0.0
48630549472,SYNERGY BANK LIMITED,14/02/2024,NEFT-517281223950-EXPRESS LOGISTICS INDIA,0.0,0.0,0.0
48630549472,SYNERGY BANK LIMITED,15/02/2024,UPI/CR/247163120852/Nilesh Patel/9274098976@pay,0.0,0.0,0.0
48630549472,SYNERGY BANK LIMITED,15/02/2024,SERVICE CHARGES-SMS Alert Charges,0.0,0.0,0.0
48630549472,SYNERGY BANK LIMITED,15/02/2024,IMPS-324298390891-SUPPLY CHAIN CORP,0.0,0.0,0.0
48630549472,SYNERGY BANK LIMITED,17/02/2024,CHQ PAID-Bhavesh Modi-MICR,0.0,0.0,0.0
48630549472,SYNERGY BANK LIMITED,19/02/2024,RTGS-ICICR453962921420-Bhavesh Modi,0.0,0.0,0.0
48630549472,SYNERGY BANK LIMITED,19/02/2024,UPI/DR/877663551802/Paresh Parekh/9384180451@pay,0.0,0.0,0.0
48630549472,SYNERGY BANK LIMITED,19/02/2024,ATM WDL-48976,0.0,0.0,0.0
48630549472,SYNERGY BANK LIMITED,21/02/2024,CASH WITHDRAWAL-Paresh Trivedi,0.0,0.0,0.0
48630549472,SYNERGY BANK LIMITED,21/02/2024,CASH DEPOSIT-Mehul Patel,0.0,0.0,0.0
48630549472,SYNERGY BANK LIMITED,24/02/2024,CHQ PAID-Nilesh Shah-MICR,0.0,0.0,0.0
48630549472,SYNERGY BANK LIMITED,24/02/2024,IMPS-412077519395-MINDWAVE CONSULTING,0.0,0.0,0.0
48630549472,SYNERGY BANK LIMITED,26/02/2024,CLG-CREDIT SERVICES LTD,0.0,0.0,0.0
48630549472,SYNERGY BANK LIMITED,26/02/2024,ATM WDL-93075,0.0,0.0,0.0
48630549472,SYNERGY BANK LIMITED,26/02/2024,CASH DEPOSIT-Bhavesh Desai,0.0,0.0,0.0
48630549472,SYNERGY BANK LIMITED,28/02/2024,CHQ PAID-Mehul Desai-MICR,0.0,0.0,0.0
48630549472,SYNERGY BANK LIMITED,28/02/2024,NEFT-251362486941-MEDCARE LABORATORIES,0.0,0.0,0.0
48630549472,SYNERGY BANK LIMITED,28/02/2024,CASH DEPOSIT-Paresh Amin,0.0,0.0,0.0
48630549472,SYNERGY BANK LIMITED,28/02/2024,Service Charges-Account Maintenance,0.0,0.0,0.0
48630549472,SYNERGY BANK LIMITED,28/02/2024,Service Charges-Demat Account AMC,0.0,0.0,0.0
48630549472,SYNERGY BANK LIMITED,28/02/2024,Service Charges-SMS Alert Charges,0.0,0.0,0.0
48630549472,SYNERGY BANK LIMITED,29/02/2024,IMPS-322876193753-Ketan Desai,0.0,0.0,0.0
48630549472,SYNERGY BANK LIMITED,29/02/2024,FAILED-INSUFFICIENT FUNDS-CHQ PAID-Mehul Vora-MICR,0.0,0.0,0.0
48630549472,SYNERGY BANK LIMITED,01/03/2024,NEFT-575437791260-DIGITAL SOLUTIONS INDIA,0.0,0.0,0.0
48630549472,SYNERGY BANK LIMITED,02/03/2024,NEFT-927916760949-HEALTHPLUS PHARMA LTD,0.0,0.0,0.0
48630549472,SYNERGY BANK LIMITED,02/03/2024,NEFT Dr-106404255851-CLOUD SUBSCRIPTION,0.0,0.0,0.0
48630549472,SYNERGY BANK LIMITED,02/03/2024,Service Charges-Cheque Bounce Charge-427826,0.0,0.0,0.0
48630549472,SYNERGY BANK LIMITED,04/03/2024,ATM WDL-88354,0.0,0.0,0.0
48630549472,SYNERGY BANK LIMITED,05/03/2024,NEFT Dr-289657481263-RENT PAYMENT-MONTHLY RENT,0.0,0.0,0.0
48630549472,SYNERGY BANK LIMITED,05/03/2024,IMPS-972089041706-INVESTMENT SERVICES INDIA,0.0,0.0,0.0
48630549472,SYNERGY BANK LIMITED,06/03/2024,NEFT-677324044807-INVESTMENT SERVICES INDIA,0.0,0.0,0.0
48630549472,SYNERGY BANK LIMITED,06/03/2024,NEFT-958140964493-THERMAL SYSTEMS LTD,0.0,0.0,0.0
48630549472,SYNERGY BANK LIMITED,06/03/2024,CLG-CODEBASE SOLUTIONS,0.0,0.0,0.0
48630549472,SYNERGY BANK LIMITED,06/03/2024,IMPS-951799855905-Ketan Vora,0.0,0.0,0.0
48630549472,SYNERGY BANK LIMITED,07/03/2024,NEFT-682194115411-PREMIUM PROPERTIES LTD,0.0,0.0,0.0
48630549472,SYNERGY BANK LIMITED,09/03/2024,NEFT-739509670578-LIFELINE PHARMACEUTICAL,0.0,0.0,0.0
48630549472,SYNERGY BANK LIMITED,09/03/2024,CHQ PAID-Jayesh Modi-MICR,0.0,0.0,0.0
48630549472,SYNERGY BANK LIMITED,09/03/2024,ATM WDL-91928,0.0,0.0,0.0
48630549472,SYNERGY BANK LIMITED,11/03/2024,RTGS-ICICR572404733698-URBAN ESTATES INDIA,0.0,0.0,0.0
48630549472,SYNERGY BANK LIMITED,11/03/2024,CHQ PAID-Paresh Modi-MICR,0.0,0.0,0.0
48630549472,SYNERGY BANK LIMITED,12/03/2024,CHQ PAID-Hitesh Patel-MICR,0.0,0.0,0.0
48630549472,SYNERGY BANK LIMITED,12/03/2024,CASH DEPOSIT-Bhavesh Amin,0.0,0.0,0.0
48630549472,SYNERGY BANK LIMITED,12/03/2024,UPI/CR/659276337915/Paresh Shah/7678186140@pay,0.0,0.0,0.0
48630549472,SYNERGY BANK LIMITED,13/03/2024,UPI/CR/718449554150/Mehul Parekh/6544082760@pay,0.0,0.0,0.0
48630549472,SYNERGY BANK LIMITED,13/03/2024,IMPS-345138703936-APEX HEAVY INDUSTRIES,0.0,0.0,0.0
48630549472,SYNERGY BANK LIMITED,13/03/2024,CHQ PAID-Bhavesh Shah-MICR,0.0,0.0,0.0
48630549472,SYNERGY BANK LIMITED,13/03/2024,SERVICE CHARGES-Online Banking Charges,0.0,0.0,0.0
48630549472,SYNERGY BANK LIMITED,13/03/2024,NEFT-187668441344-Nilesh Patel,0.0,0.0,0.0
48630549472,SYNERGY BANK LIMITED,14/03/2024,UPI/DR/821858533847/Bhavesh Vora/9242857841@pay,0.0,0.0,0.0
48630549472,SYNERGY BANK LIMITED,14/03/2024,NEFT-176161714384-METROPOLITAN BUILDERS,0.0,0.0,0.0
48630549472,SYNERGY BANK LIMITED,14/03/2024,CLG-CAPITAL VENTURES INDIA,0.0,0.0,0.0
48630549472,SYNERGY BANK LIMITED,15/03/2024,Dividend Cr-SOFTWAVE TECHNOLOGIES-EQUITY SHARES,0.0,0.0,0.0
48630549472,SYNERGY BANK LIMITED,15/03/2024,NEFT-336304993553-COTTON MILLS CORP,0.0,0.0,0.0
48630549472,SYNERGY BANK LIMITED,16/03/2024,NEFT-770243265348-APEX HEAVY INDUSTRIES,0.0,0.0,0.0
48630549472,SYNERGY BANK LIMITED,16/03/2024,CLG-GATEWAY PROJECTS LTD,0.0,0.0,0.0
48630549472,SYNERGY BANK LIMITED,16/03/2024,NEFT-434138627383-Hitesh Trivedi,0.0,0.0,0.0
48630549472,SYNERGY BANK LIMITED,16/03/2024,REVERSAL-CLG-CAPITAL VENTURES INDIA,0.0,0.0,0.0
48630549472,SYNERGY BANK LIMITED,18/03/2024,NEFT Dr-222788667028-INSURANCE SUBSCRIPTION,0.0,0.0,0.0
48630549472,SYNERGY BANK LIMITED,18/03/2024,IMPS-258330586882-INDUSTRIAL COMPONENTS INDIA,0.0,0.0,0.0
48630549472,SYNERGY BANK LIMITED,18/03/2024,REVERSAL-CLG-GATEWAY PROJECTS LTD,0.0,0.0,0.0
48630549472,SYNERGY BANK LIMITED,18/03/2024,CLG-THERMAL SYSTEMS LTD,0.0,0.0,0.0
48630549472,SYNERGY BANK LIMITED,19/03/2024,ATM WDL-80049,0.0,0.0,0.0
48630549472,SYNERGY BANK LIMITED,19/03/2024,RTGS-ICICR170509729338-EXPRESS LOGISTICS INDIA,0.0,0.0,0.0
48630549472,SYNERGY BANK LIMITED,19/03/2024,CASH WITHDRAWAL-Nilesh Desai,0.0,0.0,0.0
48630549472,SYNERGY BANK LIMITED,19/03/2024,CASH WITHDRAWAL-Jayesh Patel,0.0,0.0,0.0
48630549472,SYNERGY BANK LIMITED,20/03/2024,CASH WITHDRAWAL-Jayesh Trivedi,0.0,0.0,0.0
48630549472,SYNERGY BANK LIMITED,20/03/2024,NEFT-839479528824-FOOD INDUSTRIES CORP,0.0,0.0,0.0
48630549472,SYNERGY BANK LIMITED,20/03/2024,CHQ PAID-Mehul Modi-MICR,0.0,0.0,0.0
48630549472,SYNERGY BANK LIMITED,20/03/2024,ATM WDL-84966,0.0,0.0,0.0
48630549472,SYNERGY BANK LIMITED,22/03/2024,IMPS-196141065613-DIGITAL SOLUTIONS INDIA,0.0,0.0,0.0
48630549472,SYNERGY BANK LIMITED,22/03/2024,CHQ PAID-Nilesh Modi-MICR,0.0,0.0,0.0
48630549472,SYNERGY BANK LIMITED,22/03/2024,UPI/CR/482207710104/Mehul Trivedi/7812703121@pay,0.0,0.0,0.0
48630549472,SYNERGY BANK LIMITED,22/03/2024,NEFT-796191835178-GST PAYMENT-GSTIN,0.0,0.0,0.0
48630549472,SYNERGY BANK LIMITED,23/03/2024,IMPS-938064054901-Mehul Trivedi,0.0,0.0,0.0
48630549472,SYNERGY BANK LIMITED,23/03/2024,FAILED-INSUFFICIENT FUNDS-NEFT-439072293468-Nisha Parekh,0.0,0.0,0.0
48630549472,SYNERGY BANK LIMITED,23/03/2024,NEFT-209304448078-REALTY VENTURES LTD,0.0,0.0,0.0
48630549472,SYNERGY BANK LIMITED,23/03/2024,RTGS-ICICR467345775841-Paresh Parekh,0.0,0.0,0.0
48630549472,SYNERGY BANK LIMITED,23/03/2024,IMPS-612623034762-RETAIL SOLUTIONS INDIA,0.0,0.0,0.0
48630549472,SYNERGY BANK LIMITED,26/03/2024,NEFT-820197618795-Mehul Vora,0.0,0.0,0.0
48630549472,SYNERGY BANK LIMITED,26/03/2024,IMPS-713213749029-REALTY VENTURES LTD,0.0,0.0,0.0
48630549472,SYNERGY BANK LIMITED,26/03/2024,UPI/DR/940934987518/Ketan Trivedi/8853215486@pay,0.0,0.0,0.0
48630549472,SYNERGY BANK LIMITED,27/03/2024,NEFT-561331141374-Jayesh Desai,0.0,0.0,0.0
48630549472,SYNERGY BANK LIMITED,27/03/2024,NEFT-730398284653-TECHVISION SYSTEMS,0.0,0.0,0.0
48630549472,SYNERGY BANK LIMITED,28/03/2024,NEFT-665279856042-Nilesh Patel,0.0,0.0,0.0
48630549472,SYNERGY BANK LIMITED,28/03/2024,IMPS-894410088741-CREDIT SERVICES LTD,0.0,0.0,0.0
48630549472,SYNERGY BANK LIMITED,28/03/2024,Service Charges-NEFT/RTGS Charges,0.0,0.0,0.0
48630549472,SYNERGY BANK LIMITED,28/03/2024,Service Charges-SMS Alert Charges,0.0,0.0,0.0
48630549472,SYNERGY BANK LIMITED,28/03/2024,Service Charges-Cheque Book Charges,0.0,0.0,0.0
48630549472,SYNERGY BANK LIMITED,30/03/2024,CASH DEPOSIT-Mehul Patel,0.0,0.0,0.0
48630549472,SYNERGY BANK LIMITED,30/03/2024,CHQ PAID-Hitesh Vora-MICR,0.0,0.0,0.0
88487347221,CITADEL BANK OF INDIA,01/01/2024,NEFT-843879525408-Paresh Desai,0.0,0.0,0.0
88487347221,CITADEL BANK OF INDIA,01/01/2024,RTGS-ICICR311721130426-THERMAL SYSTEMS LTD,0.0,0.0,0.0
88487347221,CITADEL BANK OF INDIA,02/01/2024,CLG-CODEBASE SOLUTIONS,0.0,0.0,0.0
88487347221,CITADEL BANK OF INDIA,03/01/2024,NEFT-735093416735-URBAN ESTATES INDIA,0.0,0.0,0.0
88487347221,CITADEL BANK OF INDIA,03/01/2024,NEFT-284447083085-EXPRESS LOGISTICS INDIA,0.0,0.0,0.0
88487347221,CITADEL BANK OF INDIA,04/01/2024,UPI/DR/684266212978/Nisha Desai/6455618026@pay,0.0,0.0,0.0
88487347221,CITADEL BANK OF INDIA,05/01/2024,Dividend Cr-SOFTWAVE TECHNOLOGIES-EQUITY SHARES,0.0,0.0,0.0
88487347221,CITADEL BANK OF INDIA,05/01/2024,RTGS-ICICR656670954751-Bhavesh Vora,0.0,0.0,0.0
88487347221,CITADEL BANK OF INDIA,05/01/2024,NEFT-659134474370-Bhavesh Parekh,0.0,0.0,0.0
88487347221,CITADEL BANK OF INDIA,05/01/2024,CASH DEPOSIT-Ketan Trivedi,0.0,0.0,0.0
88487347221,CITADEL BANK OF INDIA,05/01/2024,IMPS-802907526814-CYBERCRAFT SYSTEMS,0.0,0.0,0.0
88487347221,CITADEL BANK OF INDIA,08/01/2024,NEFT-401880386320-EXPRESS LOGISTICS INDIA,0.0,0.0,0.0
88487347221,CITADEL BANK OF INDIA,08/01/2024,UPI/CR/722895445808/Jayesh Desai/8986053868@pay,0.0,0.0,0.0
88487347221,CITADEL BANK OF INDIA,08/01/2024,IMPS-751984879764-Hitesh Patel,0.0,0.0,0.0
88487347221,CITADEL BANK OF INDIA,08/01/2024,RTGS-ICICR903226338609-Hitesh Vora,0.0,0.0,0.0
88487347221,CITADEL BANK OF INDIA,09/01/2024,CASH WITHDRAWAL-Nilesh Shah,0.0,0.0,0.0
88487347221,CITADEL BANK OF INDIA,09/01/2024,CASH DEPOSIT-Paresh Modi,0.0,0.0,0.0
88487347221,CITADEL BANK OF INDIA,09/01/2024,NEFT-276931875267-REALTY VENTURES LTD,0.0,0.0,0.0
88487347221,CITADEL BANK OF INDIA,10/01/2024,NEFT-304070183708-COTTON MILLS CORP,0.0,0.0,0.0
88487347221,CITADEL BANK OF INDIA,11/01/2024,IMPS-483904909144-Nilesh Amin,0.0,0.0,0.0
88487347221,CITADEL BANK OF INDIA,11/01/2024,CLG-CLOUDTECH SERVICES,0.0,0.0,0.0
88487347221,CITADEL BANK OF INDIA,11/01/2024,CASH DEPOSIT-Nisha Amin,0.0,0.0,0.0
88487347221,CITADEL BANK OF INDIA,11/01/2024,IMPS-538334775266-Jayesh Trivedi,0.0,0.0,0.0
88487347221,CITADEL BANK OF INDIA,12/01/2024,UPI/CR/117759813507/Jayesh Patel/9743907429@pay,0.0,0.0,0.0
88487347221,CITADEL BANK OF INDIA,12/01/2024,CASH WITHDRAWAL-Ketan Trivedi,0.0,0.0,0.0
88487347221,CITADEL BANK OF INDIA,13/01/2024,NEFT-890769211412-Hitesh Modi,0.0,0.0,0.0
88487347221,CITADEL BANK OF INDIA,13/01/2024,UPI/CR/679988920588/Hitesh Vora/6618783724@pay,0.0,0.0,0.0
88487347221,CITADEL BANK OF INDIA,13/01/2024,RTGS-ICICR898298399469-Ketan Desai,0.0,0.0,0.0
88487347221,CITADEL BANK OF INDIA,15/01/2024,CLG-FASHION TEXTILES LTD,0.0,0.0,0.0
88487347221,CITADEL BANK OF INDIA,15/01/2024,UPI/CR/932306211448/Nilesh Parekh/8348758015@pay,0.0,0.0,0.0
88487347221,CITADEL BANK OF INDIA,15/01/2024,IMPS-737573238475-EXPRESS LOGISTICS INDIA,0.0,0.0,0.0
88487347221,CITADEL BANK OF INDIA,15/01/2024,CLG-PREMIUM INFRASTRUCTURE,0.0,0.0,0.0
88487347221,CITADEL BANK OF INDIA,16/01/2024,CLG-INFOCORE TECHNOLOGIES,0.0,0.0,0.0
88487347221,CITADEL BANK OF INDIA,16/01/2024,IMPS-857225279732-Ketan Amin,0.0,0.0,0.0
88487347221,CITADEL BANK OF INDIA,17/01/2024,ATM WDL-13307,0.0,0.0,0.0
88487347221,CITADEL BANK OF INDIA,17/01/2024,RTGS-ICICR437373968004-Paresh Patel,0.0,0.0,0.0
88487347221,CITADEL BANK OF INDIA,18/01/2024,NEFT-415182668748-Mehul Desai,0.0,0.0,0.0
88487347221,CITADEL BANK OF INDIA,18/01/2024,CHQ PAID-Jayesh Shah-MICR,0.0,0.0,0.0
88487347221,CITADEL BANK OF INDIA,19/01/2024,IMPS-955642910296-THERMAL SYSTEMS LTD,0.0,0.0,0.0
88487347221,CITADEL BANK OF INDIA,20/01/2024,CASH WITHDRAWAL-Nisha Parekh,0.0,0.0,0.0
88487347221,CITADEL BANK OF INDIA,20/01/2024,RTGS-ICICR484000515046-Jayesh Parekh,0.0,0.0,0.0
88487347221,CITADEL BANK OF INDIA,20/01/2024,CLG-MINDWAVE CONSULTING,0.0,0.0,0.0
88487347221,CITADEL BANK OF INDIA,23/01/2024,CASH DEPOSIT-Nilesh Desai,0.0,0.0,0.0
88487347221,CITADEL BANK OF INDIA,23/01/2024,NEFT-740489425306-HEALTHPLUS PHARMA LTD,0.0,0.0,0.0
88487347221,CITADEL BANK OF INDIA,25/01/2024,NEFT-983081950945-GATEWAY PROJECTS LTD,0.0,0.0,0.0
88487347221,CITADEL BANK OF INDIA,27/01/2024,RTGS-ICICR335628937694-WELLNESS BRANDS INDIA,0.0,0.0,0.0
88487347221,CITADEL BANK OF INDIA,27/01/2024,IMPS-346148046711-CLOUDTECH SERVICES,0.0,0.0,0.0
88487347221,CITADEL BANK OF INDIA,27/01/2024,IMPS-899470219752-HEALTHCARE PRODUCTS LTD,0.0,0.0,0.0
88487347221,CITADEL BANK OF INDIA,29/01/2024,CHQ PAID-Ketan Amin-MICR,0.0,0.0,0.0
88487347221,CITADEL BANK OF INDIA,30/01/2024,RTGS-ICICR740291685553-APEX HEAVY INDUSTRIES,0.0,0.0,0.0
88487347221,CITADEL BANK OF INDIA,31/01/2024,UPI/CR/580027944587/Mehul Vora/6362123020@pay,0.0,0.0,0.0
88487347221,CITADEL BANK OF INDIA,31/01/2024,IMPS-238324329270-THERMAL SYSTEMS LTD,0.0,0.0,0.0
88487347221,CITADEL BANK OF INDIA,01/02/2024,CASH WITHDRAWAL-Bhavesh Vora,0.0,0.0,0.0
88487347221,CITADEL BANK OF INDIA,02/02/2024,IMPS-555553522849-TECHVISION SYSTEMS,0.0,0.0,0.0
88487347221,CITADEL BANK OF INDIA,03/02/2024,CASH DEPOSIT-Mehul Desai,0.0,0.0,0.0
88487347221,CITADEL BANK OF INDIA,05/02/2024,RTGS-ICICR524688432215-Mehul Patel,0.0,0.0,0.0
88487347221,CITADEL BANK OF INDIA,06/02/2024,IMPS-109846283770-Paresh Modi,0.0,0.0,0.0
88487347221,CITADEL BANK OF INDIA,07/02/2024,RTGS-ICICR948513439879-Hitesh Patel,0.0,0.0,0.0
88487347221,CITADEL BANK OF INDIA,07/02/2024,NEFT-239200768585-APEX HEAVY INDUSTRIES,0.0,0.0,0.0
88487347221,CITADEL BANK OF INDIA,07/02/2024,CASH DEPOSIT-Hitesh Vora,0.0,0.0,0.0
88487347221,CITADEL BANK OF INDIA,07/02/2024,IMPS-304576136008-CONSTRUCTION SOLUTIONS LTD,0.0,0.0,0.0
88487347221,CITADEL BANK OF INDIA,07/02/2024,NEFT-338827222650-INFOCORE TECHNOLOGIES,0.0,0.0,0.0
88487347221,CITADEL BANK OF INDIA,08/02/2024,NEFT-627516090243-CLOUDTECH SERVICES,0.0,0.0,0.0
88487347221,CITADEL BANK OF INDIA,08/02/2024,RTGS-ICICR362077298426-MEDCARE LABORATORIES,0.0,0.0,0.0
88487347221,CITADEL BANK OF INDIA,08/02/2024,NEFT-444349910090-Nisha Patel,0.0,0.0,0.0
88487347221,CITADEL BANK OF INDIA,08/02/2024,NEFT-510481510342-THERMAL SYSTEMS LTD,0.0,0.0,0.0
88487347221,CITADEL BANK OF INDIA,09/02/2024,ATM WDL-52838,0.0,0.0,0.0
88487347221,CITADEL BANK OF INDIA,09/02/2024,CLG-FINANCE SOLUTIONS INDIA,0.0,0.0,0.0
88487347221,CITADEL BANK OF INDIA,10/02/2024,IMPS-280205446201-SUPPLY CHAIN CORP,0.0,0.0,0.0
88487347221,CITADEL BANK OF INDIA,10/02/2024,IMPS-128891603474-Nilesh Desai,0.0,0.0,0.0
88487347221,CITADEL BANK OF INDIA,13/02/2024,CLG-NETFORGE TECHNOLOGIES,0.0,0.0,0.0
88487347221,CITADEL BANK OF INDIA,13/02/2024,CLG-WEBSTREAM LIMITED,0.0,0.0,0.0
88487347221,CITADEL BANK OF INDIA,13/02/2024,CASH WITHDRAWAL-Nisha Desai,0.0,0.0,0.0
88487347221,CITADEL BANK OF INDIA,14/02/2024,NEFT-828517039178-Jayesh Patel,0.0,0.0,0.0
88487347221,CITADEL BANK OF INDIA,15/02/2024,CHQ PAID-Ketan Patel-MICR,0.0,0.0,0.0
88487347221,CITADEL BANK OF INDIA,15/02/2024,CHQ PAID-Bhavesh Trivedi-MICR,0.0,0.0,0.0
88487347221,CITADEL BANK OF INDIA,15/02/2024,CLG-RETAIL SOLUTIONS INDIA,0.0,0.0,0.0
88487347221,CITADEL BANK OF INDIA,15/02/2024,CHQ PAID-Mehul Shah-MICR,0.0,0.0,0.0
88487347221,CITADEL BANK OF INDIA,16/02/2024,IMPS-164950074889-NETPULSE SYSTEMS,0.0,0.0,0.0
88487347221,CITADEL BANK OF INDIA,19/02/2024,SERVICE CHARGES-Online Banking Charges,0.0,0.0,0.0
88487347221,CITADEL BANK OF INDIA,20/02/2024,NEFT-790629079872-CONSTRUCTION SOLUTIONS LTD,0.0,0.0,0.0
88487347221,CITADEL BANK OF INDIA,20/02/2024,RTGS-ICICR727332469858-HOUSING DEVELOPERS CORP,0.0,0.0,0.0
88487347221,CITADEL BANK OF INDIA,21/02/2024,IMPS-798420890011-COTTON MILLS CORP,0.0,0.0,0.0
88487347221,CITADEL BANK OF INDIA,21/02/2024,UPI/CR/281009432932/Paresh Amin/6446665078@pay,0.0,0.0,0.0
88487347221,CITADEL BANK OF INDIA,22/02/2024,NEFT-933291518815-CAPITAL VENTURES INDIA,0.0,0.0,0.0
88487347221,CITADEL BANK OF INDIA,22/02/2024,IMPS-976422462413-PREMIUM INFRASTRUCTURE,0.0,0.0,0.0
88487347221,CITADEL BANK OF INDIA,22/02/2024,UPI/CR/472045519196/Bhavesh Modi/9336294617@pay,0.0,0.0,0.0
88487347221,CITADEL BANK OF INDIA,22/02/2024,CLG-CAPITAL VENTURES INDIA,0.0,0.0,0.0
88487347221,CITADEL BANK OF INDIA,26/02/2024,IMPS-506088627682-RETAIL SOLUTIONS INDIA,0.0,0.0,0.0
88487347221,CITADEL BANK OF INDIA,26/02/2024,CASH DEPOSIT-Mehul Vora,0.0,0.0,0.0
88487347221,CITADEL BANK OF INDIA,26/02/2024,NEFT-740836344804-Nilesh Desai,0.0,0.0,0.0
88487347221,CITADEL BANK OF INDIA,27/02/2024,NEFT-341384050582-GST PAYMENT-GSTIN,0.0,0.0,0.0
88487347221,CITADEL BANK OF INDIA,28/02/2024,IMPS-605495609220-Jayesh Amin,0.0,0.0,0.0
88487347221,CITADEL BANK OF INDIA,28/02/2024,IMPS-691253026276-Paresh Amin,0.0,0.0,0.0
88487347221,CITADEL BANK OF INDIA,28/02/2024,CLG-SOFTWAVE TECHNOLOGIES,0.0,0.0,0.0
88487347221,CITADEL BANK OF INDIA,28/02/2024,CASH WITHDRAWAL-Nisha Trivedi,0.0,0.0,0.0
88487347221,CITADEL BANK OF INDIA,28/02/2024,RTGS-ICICR397045023017-CAPITAL VENTURES INDIA,0.0,0.0,0.0
88487347221,CITADEL BANK OF INDIA,28/02/2024,Service Charges-Online Banking Charges,0.0,0.0,0.0
88487347221,CITADEL BANK OF INDIA,28/02/2024,Service Charges-Foreign Currency Markup,0.0,0.0,0.0
88487347221,CITADEL BANK OF INDIA,28/02/2024,Service Charges-Demat Account AMC,0.0,0.0,0.0
88487347221,CITADEL BANK OF INDIA,29/02/2024,NEFT-691966086268-HEALTHCARE PRODUCTS LTD,0.0,0.0,0.0
88487347221,CITADEL BANK OF INDIA,29/02/2024,IMPS-718581268163-Paresh Modi,0.0,0.0,0.0
88487347221,CITADEL BANK OF INDIA,01/03/2024,CASH DEPOSIT-Nisha Shah,0.0,0.0,0.0
88487347221,CITADEL BANK OF INDIA,01/03/2024,RTGS-ICICR421990195813-WELLNESS BRANDS INDIA,0.0,0.0,0.0
88487347221,CITADEL BANK OF INDIA,01/03/2024,CLG-CAPITAL VENTURES INDIA,0.0,0.0,0.0
88487347221,CITADEL BANK OF INDIA,01/03/2024,CASH WITHDRAWAL-Ketan Vora,0.0,0.0,0.0
88487347221,CITADEL BANK OF INDIA,02/03/2024,CASH WITHDRAWAL-Mehul Patel,0.0,0.0,0.0
88487347221,CITADEL BANK OF INDIA,02/03/2024,Dividend Cr-MEDCARE LABORATORIES-EQUITY SHARES,0.0,0.0,0.0
88487347221,CITADEL BANK OF INDIA,02/03/2024,NEFT-879121965020-FINANCE SOLUTIONS INDIA,0.0,0.0,0.0
88487347221,CITADEL BANK OF INDIA,04/03/2024,ATM WDL-77771,0.0,0.0,0.0
88487347221,CITADEL BANK OF INDIA,04/03/2024,REVERSAL-CLG-CAPITAL VENTURES INDIA,0.0,0.0,0.0
88487347221,CITADEL BANK OF INDIA,05/03/2024,IMPS-528181048867-Nisha Parekh,0.0,0.0,0.0
88487347221,CITADEL BANK OF INDIA,05/03/2024,NEFT-953487730513-GST PAYMENT-GSTIN,0.0,0.0,0.0
88487347221,CITADEL BANK OF INDIA,05/03/2024,IMPS-930173593460-Bhavesh Parekh,0.0,0.0,0.0
88487347221,CITADEL BANK OF INDIA,05/03/2024,CHQ PAID-Nisha Patel-MICR,0.0,0.0,0.0
88487347221,CITADEL BANK OF INDIA,05/03/2024,NEFT-793110777528-Nisha Patel,0.0,0.0,0.0
88487347221,CITADEL BANK OF INDIA,06/03/2024,CLG-DIGITAL SOLUTIONS INDIA,0.0,0.0,0.0
88487347221,CITADEL BANK OF INDIA,06/03/2024,ATM WDL-53314,0.0,0.0,0.0
88487347221,CITADEL BANK OF INDIA,07/03/2024,NEFT-323491901540-Ketan Amin,0.0,0.0,0.0
88487347221,CITADEL BANK OF INDIA,07/03/2024,CHQ PAID-Nilesh Trivedi-MICR,0.0,0.0,0.0
88487347221,CITADEL BANK OF INDIA,07/03/2024,IMPS-937962880360-Hitesh Patel,0.0,0.0,0.0
88487347221,CITADEL BANK OF INDIA,09/03/2024,IMPS-699200871705-HEALTHPLUS PHARMA LTD,0.0,0.0,0.0
88487347221,CITADEL BANK OF INDIA,09/03/2024,UPI/CR/959434945607/Ketan Modi/9134498726@pay,0.0,0.0,0.0
88487347221,CITADEL BANK OF INDIA,11/03/2024,NEFT-364284808224-AUTOMOTIVE PARTS CORP,0.0,0.0,0.0
88487347221,CITADEL BANK OF INDIA,11/03/2024,IMPS-136708347912-LIFELINE PHARMACEUTICAL,0.0,0.0,0.0
88487347221,CITADEL BANK OF INDIA,11/03/2024,CASH WITHDRAWAL-Bhavesh Modi,0.0,0.0,0.0
88487347221,CITADEL BANK OF INDIA,12/03/2024,NEFT-568167025451-Mehul Patel,0.0,0.0,0.0
88487347221,CITADEL BANK OF INDIA,13/03/2024,IMPS-223189953038-HEALTHCARE PRODUCTS LTD,0.0,0.0,0.0
88487347221,CITADEL BANK OF INDIA,14/03/2024,CHQ PAID-Nilesh Desai-MICR,0.0,0.0,0.0
88487347221,CITADEL BANK OF INDIA,15/03/2024,CHQ PAID-Bhavesh Desai-MICR,0.0,0.0,0.0
88487347221,CITADEL BANK OF INDIA,15/03/2024,CLG-RETAIL SOLUTIONS INDIA,0.0,0.0,0.0
88487347221,CITADEL BANK OF INDIA,15/03/2024,Dividend Cr-LIFELINE PHARMACEUTICAL-EQUITY SHARES,0.0,0.0,0.0
88487347221,CITADEL BANK OF INDIA,16/03/2024,RTGS-ICICR660459869581-Paresh Patel,0.0,0.0,0.0
88487347221,CITADEL BANK OF INDIA,16/03/2024,NEFT-866561447889-Jayesh Modi,0.0,0.0,0.0
88487347221,CITADEL BANK OF INDIA,18/03/2024,UPI/CR/413001923406/Nilesh Trivedi/9307458413@pay,0.0,0.0,0.0
88487347221,CITADEL BANK OF INDIA,20/03/2024,CASH DEPOSIT-Nilesh Desai,0.0,0.0,0.0
88487347221,CITADEL BANK OF INDIA,20/03/2024,CLG-WELLNESS BRANDS INDIA,0.0,0.0,0.0
88487347221,CITADEL BANK OF INDIA,20/03/2024,NEFT-212799114183-Nilesh Modi,0.0,0.0,0.0
88487347221,CITADEL BANK OF INDIA,21/03/2024,CHQ PAID-Hitesh Parekh-MICR,0.0,0.0,0.0
88487347221,CITADEL BANK OF INDIA,21/03/2024,NEFT-294681204515-Paresh Patel,0.0,0.0,0.0
88487347221,CITADEL BANK OF INDIA,22/03/2024,Dividend Cr-CLOUDTECH SERVICES-EQUITY SHARES,0.0,0.0,0.0
88487347221,CITADEL BANK OF INDIA,22/03/2024,NEFT-936382720474-MINDWAVE CONSULTING,0.0,0.0,0.0
88487347221,CITADEL BANK OF INDIA,23/03/2024,IMPS-334979425283-THERMAL SYSTEMS LTD,0.0,0.0,0.0
88487347221,CITADEL BANK OF INDIA,26/03/2024,NEFT-300387146197-WELLNESS BRANDS INDIA,0.0,0.0,0.0
88487347221,CITADEL BANK OF INDIA,26/03/2024,CASH DEPOSIT-Jayesh Shah,0.0,0.0,0.0
88487347221,CITADEL BANK OF INDIA,26/03/2024,CHQ PAID-Hitesh Patel-MICR,0.0,0.0,0.0
88487347221,CITADEL BANK OF INDIA,26/03/2024,CASH DEPOSIT-Paresh Amin,0.0,0.0,0.0
88487347221,CITADEL BANK OF INDIA,27/03/2024,CLG-HOUSING DEVELOPERS CORP,0.0,0.0,0.0
88487347221,CITADEL BANK OF INDIA,27/03/2024,CHQ PAID-Jayesh Desai-MICR,0.0,0.0,0.0
88487347221,CITADEL BANK OF INDIA,28/03/2024,UPI/CR/482145035831/Jayesh Parekh/8984638798@pay,0.0,0.0,0.0
88487347221,CITADEL BANK OF INDIA,28/03/2024,CHQ PAID-Paresh Parekh-MICR,0.0,0.0,0.0
88487347221,CITADEL BANK OF INDIA,28/03/2024,NEFT-772328445738-WEBSTREAM LIMITED,0.0,0.0,0.0
88487347221,CITADEL BANK OF INDIA,28/03/2024,Service Charges-Account Maintenance,0.0,0.0,0.0
88487347221,CITADEL BANK OF INDIA,28/03/2024,Service Charges-Online Banking Charges,0.0,0.0,0.0
88487347221,CITADEL BANK OF INDIA,30/03/2024,CLG-CODEBASE SOLUTIONS,0.0,0.0,0.0
88487347221,CITADEL BANK OF INDIA,30/03/2024,NEFT-818405583411-Bhavesh Trivedi,0.0,0.0,0.0
88487347221,CITADEL BANK OF INDIA,30/03/2024,REVERSAL-UPI/CR/482145035831/Jayesh Parekh/8984638798@pay,0.0,0.0,0.0
88487347221,CITADEL BANK OF INDIA,30/03/2024,IMPS-140953277967-CODEBASE SOLUTIONS,0.0,0.0,0.0
35138592445,CORNERSTONE BANK OF INDIA,01/01/2024,UPI/DR/548856181007/Paresh Shah/7929231362@pay,0.0,0.0,0.0
35138592445,CORNERSTONE BANK OF INDIA,01/01/2024,CASH DEPOSIT-Paresh Shah,0.0,0.0,0.0
35138592445,CORNERSTONE BANK OF INDIA,02/01/2024,RTGS-ICICR367809880261-CYBERCRAFT SYSTEMS,0.0,0.0,0.0
35138592445,CORNERSTONE BANK OF INDIA,03/01/2024,CHQ PAID-Mehul Vora-MICR,0.0,0.0,0.0
35138592445,CORNERSTONE BANK OF INDIA,04/01/2024,NEFT Dr-305113696603-INSURANCE SUBSCRIPTION,0.0,0.0,0.0
35138592445,CORNERSTONE BANK OF INDIA,04/01/2024,SERVICE CHARGES-Demat Account AMC,0.0,0.0,0.0
35138592445,CORNERSTONE BANK OF INDIA,04/01/2024,RTGS-ICICR241869069694-GATEWAY PROJECTS LTD,0.0,0.0,0.0
35138592445,CORNERSTONE BANK OF INDIA,04/01/2024,NEFT-644961353735-Mehul Parekh,0.0,0.0,0.0
35138592445,CORNERSTONE BANK OF INDIA,05/01/2024,NEFT Dr-287990167964-RENT PAYMENT-MONTHLY RENT,0.0,0.0,0.0
35138592445,CORNERSTONE BANK OF INDIA,06/01/2024,RTGS-ICICR692170324890-TECHVISION SYSTEMS,0.0,0.0,0.0
35138592445,CORNERSTONE BANK OF INDIA,06/01/2024,IMPS-928000118512-INDUSTRIAL COMPONENTS INDIA,0.0,0.0,0.0
35138592445,CORNERSTONE BANK OF INDIA,06/01/2024,NEFT-101089011227-INFOCORE TECHNOLOGIES,0.0,0.0,0.0
35138592445,CORNERSTONE BANK OF INDIA,08/01/2024,ATM WDL-13878,0.0,0.0,0.0
35138592445,CORNERSTONE BANK OF INDIA,08/01/2024,CASH WITHDRAWAL-Nisha Modi,0.0,0.0,0.0
35138592445,CORNERSTONE BANK OF INDIA,08/01/2024,NEFT-820011783777-Hitesh Desai,0.0,0.0,0.0
35138592445,CORNERSTONE BANK OF INDIA,08/01/2024,ATM WDL-67993,0.0,0.0,0.0
35138592445,CORNERSTONE BANK OF INDIA,09/01/2024,IMPS-745133019630-Hitesh Patel,0.0,0.0,0.0
35138592445,CORNERSTONE BANK OF INDIA,10/01/2024,UPI/DR/478783993499/Paresh Shah/6140007764@pay,0.0,0.0,0.0
35138592445,CORNERSTONE BANK OF INDIA,10/01/2024,CASH WITHDRAWAL-Nisha Vora,0.0,0.0,0.0
35138592445,CORNERSTONE BANK OF INDIA,10/01/2024,NEFT-351699035467-Jayesh Trivedi,0.0,0.0,0.0
35138592445,CORNERSTONE BANK OF INDIA,10/01/2024,NEFT-459531840841-Hitesh Amin,0.0,0.0,0.0
35138592445,CORNERSTONE BANK OF INDIA,11/01/2024,CLG-MINDWAVE CONSULTING,0.0,0.0,0.0
35138592445,CORNERSTONE BANK OF INDIA,15/01/2024,ATM WDL-42797,0.0,0.0,0.0
35138592445,CORNERSTONE BANK OF INDIA,16/01/2024,CASH WITHDRAWAL-Nilesh Amin,0.0,0.0,0.0
35138592445,CORNERSTONE BANK OF INDIA,16/01/2024,UPI/DR/455407282318/Mehul Desai/7043007604@pay,0.0,0.0,0.0
35138592445,CORNERSTONE BANK OF INDIA,18/01/2024,CASH WITHDRAWAL-Nisha Patel,0.0,0.0,0.0
35138592445,CORNERSTONE BANK OF INDIA,18/01/2024,CASH WITHDRAWAL-Ketan Desai,0.0,0.0,0.0
35138592445,CORNERSTONE BANK OF INDIA,18/01/2024,CHQ PAID-Nilesh Modi-MICR,0.0,0.0,0.0
35138592445,CORNERSTONE BANK OF INDIA,19/01/2024,UPI/CR/947592389382/Bhavesh Amin/6310459745@pay,0.0,0.0,0.0
35138592445,CORNERSTONE BANK OF INDIA,19/01/2024,NEFT-903665964803-INDUSTRIAL COMPONENTS INDIA,0.0,0.0,0.0
35138592445,CORNERSTONE BANK OF INDIA,20/01/2024,ATM WDL-71381,0.0,0.0,0.0
35138592445,CORNERSTONE BANK OF INDIA,20/01/2024,CASH DEPOSIT-Jayesh Desai,0.0,0.0,0.0
35138592445,CORNERSTONE BANK OF INDIA,20/01/2024,NEFT Dr-822204537105-GST PAYMENT-GSTIN 34C3160,0.0,0.0,0.0
35138592445,CORNERSTONE BANK OF INDIA,20/01/2024,Dividend Cr-FINANCE SOLUTIONS INDIA-EQUITY SHARES,0.0,0.0,0.0
35138592445,CORNERSTONE BANK OF INDIA,20/01/2024,NEFT-501200815753-Nisha Shah,0.0,0.0,0.0
35138592445,CORNERSTONE BANK OF INDIA,22/01/2024,CLG-HEALTHPLUS PHARMA LTD,0.0,0.0,0.0
35138592445,CORNERSTONE BANK OF INDIA,23/01/2024,NEFT-357738512893-Ketan Modi,0.0,0.0,0.0
35138592445,CORNERSTONE BANK OF INDIA,24/01/2024,IMPS-549496136553-Ketan Desai,0.0,0.0,0.0
35138592445,CORNERSTONE BANK OF INDIA,25/01/2024,CASH DEPOSIT-Mehul Shah,0.0,0.0,0.0
35138592445,CORNERSTONE BANK OF INDIA,29/01/2024,IMPS-375629491364-EXPRESS LOGISTICS INDIA,0.0,0.0,0.0
35138592445,CORNERSTONE BANK OF INDIA,29/01/2024,CHQ PAID-Mehul Desai-MICR,0.0,0.0,0.0
35138592445,CORNERSTONE BANK OF INDIA,30/01/2024,CHQ PAID-Mehul Patel-MICR,0.0,0.0,0.0
35138592445,CORNERSTONE BANK OF INDIA,30/01/2024,UPI/DR/265001248628/Nisha Desai/8371942155@pay,0.0,0.0,0.0
35138592445,CORNERSTONE BANK OF INDIA,01/02/2024,NEFT-711371021365-PERSONAL CARE LTD,0.0,0.0,0.0
35138592445,CORNERSTONE BANK OF INDIA,01/02/2024,CLG-REALTY VENTURES LTD,0.0,0.0,0.0
35138592445,CORNERSTONE BANK OF INDIA,02/02/2024,IMPS-435020292703-Bhavesh Desai,0.0,0.0,0.0
35138592445,CORNERSTONE BANK OF INDIA,02/02/2024,SERVICE CHARGES-NEFT/RTGS Charges,0.0,0.0,0.0
35138592445,CORNERSTONE BANK OF INDIA,02/02/2024,REVERSAL-NEFT-711371021365-PERSONAL CARE LTD,0.0,0.0,0.0
35138592445,CORNERSTONE BANK OF INDIA,02/02/2024,Dividend Cr-PREMIUM INFRASTRUCTURE-EQUITY SHARES,0.0,0.0,0.0
35138592445,CORNERSTONE BANK OF INDIA,03/02/2024,NEFT-364302056312-SUPPLY CHAIN CORP,0.0,0.0,0.0
35138592445,CORNERSTONE BANK OF INDIA,03/02/2024,UPI/CR/895040260576/Mehul Amin/9092303207@pay,0.0,0.0,0.0
35138592445,CORNERSTONE BANK OF INDIA,03/02/2024,ATM WDL-55257,0.0,0.0,0.0
35138592445,CORNERSTONE BANK OF INDIA,03/02/2024,CASH WITHDRAWAL-Ketan Desai,0.0,0.0,0.0
35138592445,CORNERSTONE BANK OF INDIA,05/02/2024,CHQ PAID-Ketan Shah-MICR,0.0,0.0,0.0
35138592445,CORNERSTONE BANK OF INDIA,05/02/2024,NEFT Dr-816850446748-RENT PAYMENT-MONTHLY RENT,0.0,0.0,0.0
35138592445,CORNERSTONE BANK OF INDIA,05/02/2024,NEFT-860516436953-CYBERCRAFT SYSTEMS,0.0,0.0,0.0
35138592445,CORNERSTONE BANK OF INDIA,05/02/2024,IMPS-659992942220-DIGITAL SOLUTIONS INDIA,0.0,0.0,0.0
35138592445,CORNERSTONE BANK OF INDIA,05/02/2024,NEFT-782496750740-Jayesh Trivedi,0.0,0.0,0.0
35138592445,CORNERSTONE BANK OF INDIA,06/02/2024,IMPS-707655089340-URBAN CONSTRUCTIONS,0.0,0.0,0.0
35138592445,CORNERSTONE BANK OF INDIA,07/02/2024,NEFT Dr-462366134029-SOFTWARE SUBSCRIPTION,0.0,0.0,0.0
35138592445,CORNERSTONE BANK OF INDIA,07/02/2024,NEFT-824368210805-GST PAYMENT-GSTIN,0.0,0.0,0.0
35138592445,CORNERSTONE BANK OF INDIA,07/02/2024,UPI/DR/130080432136/Nilesh Shah/7063689620@pay,0.0,0.0,0.0
35138592445,CORNERSTONE BANK OF INDIA,08/02/2024,CLG-WEBSTREAM LIMITED,0.0,0.0,0.0
35138592445,CORNERSTONE BANK OF INDIA,09/02/2024,NEFT-162974186375-Nilesh Shah,0.0,0.0,0.0
35138592445,CORNERSTONE BANK OF INDIA,10/02/2024,UPI/CR/335445910070/Paresh Shah/6064496477@pay,0.0,0.0,0.0
35138592445,CORNERSTONE BANK OF INDIA,12/02/2024,CASH WITHDRAWAL-Paresh Desai,0.0,0.0,0.0
35138592445,CORNERSTONE BANK OF INDIA,12/02/2024,REVERSAL-UPI/CR/335445910070/Paresh Shah/6064496477@pay,0.0,0.0,0.0
35138592445,CORNERSTONE BANK OF INDIA,12/02/2024,CHQ PAID-Nilesh Vora-MICR,0.0,0.0,0.0
35138592445,CORNERSTONE BANK OF INDIA,13/02/2024,IMPS-280185023788-INVESTMENT SERVICES INDIA,0.0,0.0,0.0
35138592445,CORNERSTONE BANK OF INDIA,13/02/2024,CLG-REALTY VENTURES LTD,0.0,0.0,0.0
35138592445,CORNERSTONE BANK OF INDIA,14/02/2024,NEFT Dr-648057457594-INSURANCE SUBSCRIPTION,0.0,0.0,0.0
35138592445,CORNERSTONE BANK OF INDIA,14/02/2024,RTGS-ICICR111388041908-Nilesh Parekh,0.0,0.0,0.0
35138592445,CORNERSTONE BANK OF INDIA,15/02/2024,NEFT-148897385199-Paresh Amin,0.0,0.0,0.0
35138592445,CORNERSTONE BANK OF INDIA,15/02/2024,NEFT-661661680626-GST PAYMENT-GSTIN,0.0,0.0,0.0
35138592445,CORNERSTONE BANK OF INDIA,15/02/2024,UPI/DR/275627340531/Bhavesh Patel/9998270248@pay,0.0,0.0,0.0
35138592445,CORNERSTONE BANK OF INDIA,15/02/2024,CHQ PAID-Bhavesh Trivedi-MICR,0.0,0.0,0.0
35138592445,CORNERSTONE BANK OF INDIA,16/02/2024,CHQ PAID-Nisha Vora-MICR,0.0,0.0,0.0
35138592445,CORNERSTONE BANK OF INDIA,16/02/2024,RTGS-ICICR325907367640-Paresh Patel,0.0,0.0,0.0
35138592445,CORNERSTONE BANK OF INDIA,16/02/2024,RTGS-ICICR244709627814-APEX HEAVY INDUSTRIES,0.0,0.0,0.0
35138592445,CORNERSTONE BANK OF INDIA,16/02/2024,NEFT-523398555344-PREMIUM PROPERTIES LTD,0.0,0.0,0.0
35138592445,CORNERSTONE BANK OF INDIA,17/02/2024,CHQ PAID-Ketan Trivedi-MICR,0.0,0.0,0.0
35138592445,CORNERSTONE BANK OF INDIA,17/02/2024,CLG-CYBERCRAFT SYSTEMS,0.0,0.0,0.0
35138592445,CORNERSTONE BANK OF INDIA,17/02/2024,NEFT-387510950536-APEX HEAVY INDUSTRIES,0.0,0.0,0.0
35138592445,CORNERSTONE BANK OF INDIA,19/02/2024,CASH WITHDRAWAL-Nilesh Trivedi,0.0,0.0,0.0
35138592445,CORNERSTONE BANK OF INDIA,20/02/2024,RTGS-ICICR986223961065-Bhavesh Vora,0.0,0.0,0.0
35138592445,CORNERSTONE BANK OF INDIA,20/02/2024,CLG-DAILY NEEDS LIMITED,0.0,0.0,0.0
35138592445,CORNERSTONE BANK OF INDIA,20/02/2024,NEFT-276999251916-DIGITAL SOLUTIONS INDIA,0.0,0.0,0.0
35138592445,CORNERSTONE BANK OF INDIA,20/02/2024,NEFT-322118912595-Nilesh Parekh,0.0,0.0,0.0
35138592445,CORNERSTONE BANK OF INDIA,20/02/2024,NEFT Dr-414946643226-GST PAYMENT-GSTIN 66C6262,0.0,0.0,0.0
35138592445,CORNERSTONE BANK OF INDIA,20/02/2024,CLG-NETFORGE TECHNOLOGIES,0.0,0.0,0.0
35138592445,CORNERSTONE BANK OF INDIA,21/02/2024,NEFT-803672636373-NETFORGE TECHNOLOGIES,0.0,0.0,0.0
35138592445,CORNERSTONE BANK OF INDIA,21/02/2024,CHQ PAID-Hitesh Shah-MICR,0.0,0.0,0.0
35138592445,CORNERSTONE BANK OF INDIA,21/02/2024,Dividend Cr-PRECISION ENGINEERING WORKS-EQUITY SHARES,0.0,0.0,0.0
35138592445,CORNERSTONE BANK OF INDIA,21/02/2024,NEFT-468555119303-WEBSTREAM LIMITED,0.0,0.0,0.0
35138592445,CORNERSTONE BANK OF INDIA,21/02/2024,CLG-MEDCARE LABORATORIES,0.0,0.0,0.0
35138592445,CORNERSTONE BANK OF INDIA,23/02/2024,IMPS-698807177821-CARGO SOLUTIONS LTD,0.0,0.0,0.0
35138592445,CORNERSTONE BANK OF INDIA,23/02/2024,CASH DEPOSIT-Bhavesh Desai,0.0,0.0,0.0
35138592445,CORNERSTONE BANK OF INDIA,26/02/2024,ATM WDL-27148,0.0,0.0,0.0
35138592445,CORNERSTONE BANK OF INDIA,26/02/2024,CHQ PAID-Bhavesh Modi-MICR,0.0,0.0,0.0
35138592445,CORNERSTONE BANK OF INDIA,27/02/2024,RTGS-ICICR396668969354-HEALTHCARE PRODUCTS LTD,0.0,0.0,0.0
35138592445,CORNERSTONE BANK OF INDIA,28/02/2024,NEFT-290632607721-Jayesh Patel,0.0,0.0,0.0
35138592445,CORNERSTONE BANK OF INDIA,28/02/2024,UPI/CR/362725793865/Hitesh Modi/9163471131@pay,0.0,0.0,0.0
35138592445,CORNERSTONE BANK OF INDIA,28/02/2024,Service Charges-Cheque Book Charges,0.0,0.0,0.0
35138592445,CORNERSTONE BANK OF INDIA,29/02/2024,NEFT-505094072109-METROPOLITAN BUILDERS,0.0,0.0,0.0
35138592445,CORNERSTONE BANK OF INDIA,29/02/2024,IMPS-969496529838-FASHION TEXTILES LTD,0.0,0.0,0.0
35138592445,CORNERSTONE BANK OF INDIA,01/03/2024,NEFT-376216294784-URBAN ESTATES INDIA,0.0,0.0,0.0
35138592445,CORNERSTONE BANK OF INDIA,01/03/2024,CASH DEPOSIT-Bhavesh Modi,0.0,0.0,0.0
35138592445,CORNERSTONE BANK OF INDIA,02/03/2024,CLG-RETAIL SOLUTIONS INDIA,0.0,0.0,0.0
35138592445,CORNERSTONE BANK OF INDIA,02/03/2024,NEFT-415240511457-LOAN DISBURSEMENT-PRECISION ENGINEERING WORKS,0.0,0.0,0.0
35138592445,CORNERSTONE BANK OF INDIA,02/03/2024,IMPS-104769263533-Mehul Amin,0.0,0.0,0.0
35138592445,CORNERSTONE BANK OF INDIA,02/03/2024,CLG-CODEBASE SOLUTIONS,0.0,0.0,0.0
35138592445,CORNERSTONE BANK OF INDIA,04/03/2024,NEFT Dr-188795796945-CLOUD SUBSCRIPTION,0.0,0.0,0.0
35138592445,CORNERSTONE BANK OF INDIA,04/03/2024,NEFT-400651699453-FABRIC INDUSTRIES INDIA,0.0,0.0,0.0
35138592445,CORNERSTONE BANK OF INDIA,04/03/2024,IMPS-523341923343-REALTY VENTURES LTD,0.0,0.0,0.0
35138592445,CORNERSTONE BANK OF INDIA,04/03/2024,UPI/CR/973737961726/Mehul Desai/6760599363@pay,0.0,0.0,0.0
35138592445,CORNERSTONE BANK OF INDIA,04/03/2024,CLG-WEBSTREAM LIMITED,0.0,0.0,0.0
35138592445,CORNERSTONE BANK OF INDIA,05/03/2024,NEFT Dr-697347171041-RENT PAYMENT-MONTHLY RENT,0.0,0.0,0.0
35138592445,CORNERSTONE BANK OF INDIA,05/03/2024,NEFT-107747302163-GST PAYMENT-GSTIN,0.0,0.0,0.0
35138592445,CORNERSTONE BANK OF INDIA,05/03/2024,NEFT-639850454453-MOTOR INDUSTRIES LTD,0.0,0.0,0.0
35138592445,CORNERSTONE BANK OF INDIA,05/03/2024,CLG-FINANCE SOLUTIONS INDIA,0.0,0.0,0.0
35138592445,CORNERSTONE BANK OF INDIA,05/03/2024,UPI/CR/731274338875/Hitesh Desai/8855487956@pay,0.0,0.0,0.0
35138592445,CORNERSTONE BANK OF INDIA,06/03/2024,RTGS-ICICR590489892725-Nilesh Amin,0.0,0.0,0.0
35138592445,CORNERSTONE BANK OF INDIA,07/03/2024,NEFT Dr-129344235472-SOFTWARE SUBSCRIPTION,0.0,0.0,0.0
35138592445,CORNERSTONE BANK OF INDIA,07/03/2024,CASH DEPOSIT-Nisha Trivedi,0.0,0.0,0.0
35138592445,CORNERSTONE BANK OF INDIA,07/03/2024,UPI/CR/301883494030/Nisha Amin/8115649592@pay,0.0,0.0,0.0
35138592445,CORNERSTONE BANK OF INDIA,09/03/2024,UPI/DR/235759588268/Hitesh Modi/8093942366@pay,0.0,0.0,0.0
35138592445,CORNERSTONE BANK OF INDIA,09/03/2024,CLG-RETAIL SOLUTIONS INDIA,0.0,0.0,0.0
35138592445,CORNERSTONE BANK OF INDIA,09/03/2024,CLG-URBAN ESTATES INDIA,0.0,0.0,0.0
35138592445,CORNERSTONE BANK OF INDIA,09/03/2024,CASH DEPOSIT-Paresh Patel,0.0,0.0,0.0
35138592445,CORNERSTONE BANK OF INDIA,11/03/2024,RTGS-ICICR275558032685-CARGO SOLUTIONS LTD,0.0,0.0,0.0
35138592445,CORNERSTONE BANK OF INDIA,11/03/2024,NEFT-524029721305-CARGO SOLUTIONS LTD,0.0,0.0,0.0
35138592445,CORNERSTONE BANK OF INDIA,11/03/2024,CLG-URBAN ESTATES INDIA,0.0,0.0,0.0
35138592445,CORNERSTONE BANK OF INDIA,11/03/2024,NEFT-221388180132-Nisha Trivedi,0.0,0.0,0.0
35138592445,CORNERSTONE BANK OF INDIA,11/03/2024,RTGS-ICICR485401288639-Bhavesh Parekh,0.0,0.0,0.0
35138592445,CORNERSTONE BANK OF INDIA,13/03/2024,RTGS-ICICR829654020768-CARGO SOLUTIONS LTD,0.0,0.0,0.0
35138592445,CORNERSTONE BANK OF INDIA,13/03/2024,IMPS-329712912443-HEALTHCARE PRODUCTS LTD,0.0,0.0,0.0
35138592445,CORNERSTONE BANK OF INDIA,13/03/2024,CLG-DATABRIDGE INFOTECH,0.0,0.0,0.0
35138592445,CORNERSTONE BANK OF INDIA,14/03/2024,NEFT Dr-994859028496-CLOUD SUBSCRIPTION,0.0,0.0,0.0
35138592445,CORNERSTONE BANK OF INDIA,14/03/2024,IMPS-529597446564-CARGO SOLUTIONS LTD,0.0,0.0,0.0
35138592445,CORNERSTONE BANK OF INDIA,14/03/2024,CHQ PAID-Ketan Parekh-MICR,0.0,0.0,0.0
35138592445,CORNERSTONE BANK OF INDIA,15/03/2024,NEFT-353325580836-URBAN CONSTRUCTIONS,0.0,0.0,0.0
35138592445,CORNERSTONE BANK OF INDIA,15/03/2024,CLG-INDUSTRIAL COMPONENTS INDIA,0.0,0.0,0.0
35138592445,CORNERSTONE BANK OF INDIA,15/03/2024,NEFT-310038289802-CYBERCRAFT SYSTEMS,0.0,0.0,0.0
35138592445,CORNERSTONE BANK OF INDIA,16/03/2024,CHQ PAID-Bhavesh Desai-MICR,0.0,0.0,0.0
35138592445,CORNERSTONE BANK OF INDIA,16/03/2024,NEFT-356002262708-THERMAL SYSTEMS LTD,0.0,0.0,0.0
35138592445,CORNERSTONE BANK OF INDIA,18/03/2024,IMPS-659271509071-PREMIUM INFRASTRUCTURE,0.0,0.0,0.0
35138592445,CORNERSTONE BANK OF INDIA,18/03/2024,NEFT-191763994282-COTTON MILLS CORP,0.0,0.0,0.0
35138592445,CORNERSTONE BANK OF INDIA,19/03/2024,IMPS-604356089168-URBAN CONSTRUCTIONS,0.0,0.0,0.0
35138592445,CORNERSTONE BANK OF INDIA,19/03/2024,IMPS-266693829256-Paresh Desai,0.0,0.0,0.0
35138592445,CORNERSTONE BANK OF INDIA,19/03/2024,CHQ PAID-Nisha Shah-MICR,0.0,0.0,0.0
35138592445,CORNERSTONE BANK OF INDIA,20/03/2024,NEFT Dr-358097795159-GST PAYMENT-GSTIN 87C7462,0.0,0.0,0.0
35138592445,CORNERSTONE BANK OF INDIA,21/03/2024,ATM WDL-26281,0.0,0.0,0.0
35138592445,CORNERSTONE BANK OF INDIA,22/03/2024,RTGS-ICICR799149777885-Ketan Modi,0.0,0.0,0.0
35138592445,CORNERSTONE BANK OF INDIA,26/03/2024,CASH DEPOSIT-Nisha Vora,0.0,0.0,0.0
35138592445,CORNERSTONE BANK OF INDIA,26/03/2024,ATM WDL-39570,0.0,0.0,0.0
35138592445,CORNERSTONE BANK OF INDIA,26/03/2024,RTGS-ICICR653955888173-CODEBASE SOLUTIONS,0.0,0.0,0.0
35138592445,CORNERSTONE BANK OF INDIA,26/03/2024,RTGS-ICICR252411133394-Nisha Trivedi,0.0,0.0,0.0
35138592445,CORNERSTONE BANK OF INDIA,27/03/2024,UPI/CR/497336976667/Ketan Patel/8523335684@pay,0.0,0.0,0.0
35138592445,CORNERSTONE BANK OF INDIA,27/03/2024,UPI/CR/138755180867/Nilesh Patel/6341102144@pay,0.0,0.0,0.0
35138592445,CORNERSTONE BANK OF INDIA,27/03/2024,UPI/CR/849473988686/Ketan Shah/6374817107@pay,0.0,0.0,0.0
35138592445,CORNERSTONE BANK OF INDIA,27/03/2024,IMPS-658184033219-CODEBASE SOLUTIONS,0.0,0.0,0.0
35138592445,CORNERSTONE BANK OF INDIA,27/03/2024,UPI/CR/930617574737/Nilesh Patel/6332687908@pay,0.0,0.0,0.0
35138592445,CORNERSTONE BANK OF INDIA,28/03/2024,CASH WITHDRAWAL-Paresh Vora,0.0,0.0,0.0
35138592445,CORNERSTONE BANK OF INDIA,28/03/2024,Service Charges-Online Banking Charges,0.0,0.0,0.0
35138592445,CORNERSTONE BANK OF INDIA,28/03/2024,Service Charges-Cheque Book Charges,0.0,0.0,0.0
35138592445,CORNERSTONE BANK OF INDIA,28/03/2024,Service Charges-NEFT/RTGS Charges,0.0,0.0,0.0
35138592445,CORNERSTONE BANK OF INDIA,30/03/2024,NEFT-215386782048-GST PAYMENT-GSTIN,0.0,0.0,0.0
35138592445,CORNERSTONE BANK OF INDIA,30/03/2024,NEFT-445303501313-AUTOMOTIVE PARTS CORP,0.0,0.0,0.0
51998733572,HERITAGE BANK LIMITED,01/01/2024,IMPS-524006297799-Nilesh Shah,0.0,0.0,0.0
51998733572,HERITAGE BANK LIMITED,01/01/2024,CASH WITHDRAWAL-Ketan Vora,0.0,0.0,0.0
51998733572,HERITAGE BANK LIMITED,02/01/2024,CLG-URBAN CONSTRUCTIONS,0.0,0.0,0.0
51998733572,HERITAGE BANK LIMITED,02/01/2024,CASH DEPOSIT-Jayesh Parekh,0.0,0.0,0.0
51998733572,HERITAGE BANK LIMITED,02/01/2024,UPI/CR/892247919084/Bhavesh Shah/6827027242@pay,0.0,0.0,0.0
51998733572,HERITAGE BANK LIMITED,04/01/2024,IMPS-625658156606-Mehul Parekh,0.0,0.0,0.0
51998733572,HERITAGE BANK LIMITED,04/01/2024,NEFT-543936490656-PREMIUM INFRASTRUCTURE,0.0,0.0,0.0
51998733572,HERITAGE BANK LIMITED,04/01/2024,NEFT-326255567740-APEX HEAVY INDUSTRIES,0.0,0.0,0.0
51998733572,HERITAGE BANK LIMITED,05/01/2024,IMPS-363104242285-HOUSING DEVELOPERS CORP,0.0,0.0,0.0
51998733572,HERITAGE BANK LIMITED,06/01/2024,UPI/CR/803842005044/Nisha Vora/9337081068@pay,0.0,0.0,0.0
51998733572,HERITAGE BANK LIMITED,08/01/2024,UPI/DR/781664703615/Nisha Patel/6450436899@pay,0.0,0.0,0.0
51998733572,HERITAGE BANK LIMITED,08/01/2024,RTGS-ICICR689950463364-Jayesh Parekh,0.0,0.0,0.0
51998733572,HERITAGE BANK LIMITED,09/01/2024,UPI/DR/506090243811/Nilesh Patel/6447953087@pay,0.0,0.0,0.0
51998733572,HERITAGE BANK LIMITED,09/01/2024,NEFT-821940961340-Jayesh Vora,0.0,0.0,0.0
51998733572,HERITAGE BANK LIMITED,11/01/2024,NEFT-262753709847-SOFTWAVE TECHNOLOGIES,0.0,0.0,0.0
51998733572,HERITAGE BANK LIMITED,12/01/2024,UPI/CR/295767828949/Bhavesh Amin/6420251113@pay,0.0,0.0,0.0
51998733572,HERITAGE BANK LIMITED,12/01/2024,NEFT-248989502163-Nilesh Parekh,0.0,0.0,0.0
51998733572,HERITAGE BANK LIMITED,12/01/2024,ATM WDL-82429,0.0,0.0,0.0
51998733572,HERITAGE BANK LIMITED,12/01/2024,NEFT-466031528397-Ketan Amin,0.0,0.0,0.0
51998733572,HERITAGE BANK LIMITED,13/01/2024,IMPS-167862550307-CODEBASE SOLUTIONS,0.0,0.0,0.0
51998733572,HERITAGE BANK LIMITED,13/01/2024,CLG-PERSONAL CARE LTD,0.0,0.0,0.0
51998733572,HERITAGE BANK LIMITED,13/01/2024,IMPS-883979843739-COTTON MILLS CORP,0.0,0.0,0.0
51998733572,HERITAGE BANK LIMITED,15/01/2024,CASH DEPOSIT-Mehul Trivedi,0.0,0.0,0.0
51998733572,HERITAGE BANK LIMITED,15/01/2024,NEFT-350793479204-CLOUDTECH SERVICES,0.0,0.0,0.0
51998733572,HERITAGE BANK LIMITED,16/01/2024,NEFT-939817596690-INVESTMENT SERVICES INDIA,0.0,0.0,0.0
51998733572,HERITAGE BANK LIMITED,16/01/2024,NEFT-191980955943-DIGITAL SOLUTIONS INDIA,0.0,0.0,0.0
51998733572,HERITAGE BANK LIMITED,16/01/2024,IMPS-931970248243-AUTOMOTIVE PARTS CORP,0.0,0.0,0.0
51998733572,HERITAGE BANK LIMITED,16/01/2024,UPI/CR/362481654959/Jayesh Trivedi/9907917658@pay,0.0,0.0,0.0
51998733572,HERITAGE BANK LIMITED,17/01/2024,CHQ PAID-Hitesh Parekh-MICR,0.0,0.0,0.0
51998733572,HERITAGE BANK LIMITED,17/01/2024,UPI/CR/643382681951/Jayesh Desai/9651878948@pay,0.0,0.0,0.0
51998733572,HERITAGE BANK LIMITED,17/01/2024,SERVICE CHARGES-Account Maintenance,0.0,0.0,0.0
51998733572,HERITAGE BANK LIMITED,17/01/2024,NEFT-563696093714-DIGITAL SOLUTIONS INDIA,0.0,0.0,0.0
51998733572,HERITAGE BANK LIMITED,17/01/2024,NEFT-979806544077-FASHION TEXTILES LTD,0.0,0.0,0.0
51998733572,HERITAGE BANK LIMITED,17/01/2024,ATM WDL-59520,0.0,0.0,0.0
51998733572,HERITAGE BANK LIMITED,17/01/2024,NEFT-280274184724-Mehul Parekh,0.0,0.0,0.0
51998733572,HERITAGE BANK LIMITED,18/01/2024,NEFT-623943415127-SUPPLY CHAIN CORP,0.0,0.0,0.0
51998733572,HERITAGE BANK LIMITED,18/01/2024,NEFT-943242016947-WEBSTREAM LIMITED,0.0,0.0,0.0
51998733572,HERITAGE BANK LIMITED,18/01/2024,NEFT-953060037604-Nisha Amin,0.0,0.0,0.0
51998733572,HERITAGE BANK LIMITED,19/01/2024,IMPS-680519882137-COTTON MILLS CORP,0.0,0.0,0.0
51998733572,HERITAGE BANK LIMITED,19/01/2024,CASH DEPOSIT-Nilesh Patel,0.0,0.0,0.0
51998733572,HERITAGE BANK LIMITED,19/01/2024,CLG-APEX HEAVY INDUSTRIES,0.0,0.0,0.0
51998733572,HERITAGE BANK LIMITED,19/01/2024,UPI/DR/218913734181/Nisha Modi/7699349821@pay,0.0,0.0,0.0
51998733572,HERITAGE BANK LIMITED,22/01/2024,NEFT-643883188629-PREMIUM INFRASTRUCTURE,0.0,0.0,0.0
51998733572,HERITAGE BANK LIMITED,23/01/2024,CLG-INVESTMENT SERVICES INDIA,0.0,0.0,0.0
51998733572,HERITAGE BANK LIMITED,24/01/2024,RTGS-ICICR184795342248-THERMAL SYSTEMS LTD,0.0,0.0,0.0
51998733572,HERITAGE BANK LIMITED,24/01/2024,NEFT-787033592887-Jayesh Amin,0.0,0.0,0.0
51998733572,HERITAGE BANK LIMITED,25/01/2024,NEFT-238354437353-CARGO SOLUTIONS LTD,0.0,0.0,0.0
51998733572,HERITAGE BANK LIMITED,27/01/2024,CHQ PAID-Ketan Shah-MICR,0.0,0.0,0.0
51998733572,HERITAGE BANK LIMITED,27/01/2024,CHQ PAID-Jayesh Amin-MICR,0.0,0.0,0.0
51998733572,HERITAGE BANK LIMITED,30/01/2024,CHQ PAID-Nilesh Amin-MICR,0.0,0.0,0.0
51998733572,HERITAGE BANK LIMITED,30/01/2024,NEFT-745527049947-Jayesh Desai,0.0,0.0,0.0
51998733572,HERITAGE BANK LIMITED,30/01/2024,UPI/CR/622332083381/Paresh Shah/9061284410@pay,0.0,0.0,0.0
51998733572,HERITAGE BANK LIMITED,30/01/2024,UPI/DR/158728443281/Nisha Parekh/6094479460@pay,0.0,0.0,0.0
51998733572,HERITAGE BANK LIMITED,02/02/2024,IMPS-573319904228-INDUSTRIAL COMPONENTS INDIA,0.0,0.0,0.0
51998733572,HERITAGE BANK LIMITED,02/02/2024,CLG-LIFELINE PHARMACEUTICAL,0.0,0.0,0.0
51998733572,HERITAGE BANK LIMITED,02/02/2024,CHQ PAID-Mehul Shah-MICR,0.0,0.0,0.0
51998733572,HERITAGE BANK LIMITED,03/02/2024,NEFT-853013474171-Ketan Desai,0.0,0.0,0.0
51998733572,HERITAGE BANK LIMITED,03/02/2024,ATM WDL-10870,0.0,0.0,0.0
51998733572,HERITAGE BANK LIMITED,03/02/2024,IMPS-129278480568-Nilesh Patel,0.0,0.0,0.0
51998733572,HERITAGE BANK LIMITED,03/02/2024,CLG-HEALTHCARE PRODUCTS LTD,0.0,0.0,0.0
51998733572,HERITAGE BANK LIMITED,03/02/2024,UPI/CR/834985878483/Bhavesh Patel/7970231240@pay,0.0,0.0,0.0
51998733572,HERITAGE BANK LIMITED,05/02/2024,NEFT-247417542766-Nisha Amin,0.0,0.0,0.0
51998733572,HERITAGE BANK LIMITED,05/02/2024,SERVICE CHARGES-Account Maintenance,0.0,0.0,0.0
51998733572,HERITAGE BANK LIMITED,05/02/2024,RTGS-ICICR886983662115-CLOUDTECH SERVICES,0.0,0.0,0.0
51998733572,HERITAGE BANK LIMITED,06/02/2024,RTGS-ICICR741415260826-Hitesh Parekh,0.0,0.0,0.0
51998733572,HERITAGE BANK LIMITED,09/02/2024,NEFT-987585093081-Jayesh Desai,0.0,0.0,0.0
51998733572,HERITAGE BANK LIMITED,09/02/2024,NEFT-835636600458-LOAN DISBURSEMENT-CYBERCRAFT SYSTEMS,0.0,0.0,0.0
51998733572,HERITAGE BANK LIMITED,10/02/2024,CASH WITHDRAWAL-Nilesh Modi,0.0,0.0,0.0
51998733572,HERITAGE BANK LIMITED,10/02/2024,IMPS-448968174571-Jayesh Amin,0.0,0.0,0.0
51998733572,HERITAGE BANK LIMITED,12/02/2024,NEFT-135094650413-FINANCE SOLUTIONS INDIA,0.0,0.0,0.0
51998733572,HERITAGE BANK LIMITED,12/02/2024,CHQ PAID-Nilesh Parekh-MICR,0.0,0.0,0.0
51998733572,HERITAGE BANK LIMITED,12/02/2024,IMPS-187160020602-APEX HEAVY INDUSTRIES,0.0,0.0,0.0
51998733572,HERITAGE BANK LIMITED,12/02/2024,RTGS-ICICR297250566053-Nisha Modi,0.0,0.0,0.0
51998733572,HERITAGE BANK LIMITED,13/02/2024,ATM WDL-57502,0.0,0.0,0.0
51998733572,HERITAGE BANK LIMITED,13/02/2024,RTGS-ICICR123067559467-CAPITAL VENTURES INDIA,0.0,0.0,0.0
51998733572,HERITAGE BANK LIMITED,13/02/2024,UPI/CR/986596068820/Jayesh Amin/9635155633@pay,0.0,0.0,0.0
51998733572,HERITAGE BANK LIMITED,14/02/2024,IMPS-455578551840-HEALTHPLUS PHARMA LTD,0.0,0.0,0.0
51998733572,HERITAGE BANK LIMITED,14/02/2024,CASH DEPOSIT-Jayesh Shah,0.0,0.0,0.0
51998733572,HERITAGE BANK LIMITED,14/02/2024,IMPS-389314053775-FASHION TEXTILES LTD,0.0,0.0,0.0
51998733572,HERITAGE BANK LIMITED,15/02/2024,NEFT-437698078022-GATEWAY PROJECTS LTD,0.0,0.0,0.0
51998733572,HERITAGE BANK LIMITED,15/02/2024,ATM WDL-48585,0.0,0.0,0.0
51998733572,HERITAGE BANK LIMITED,16/02/2024,UPI/CR/934850211321/Paresh Shah/8641118500@pay,0.0,0.0,0.0
51998733572,HERITAGE BANK LIMITED,16/02/2024,CLG-SOFTWAVE TECHNOLOGIES,0.0,0.0,0.0
51998733572,HERITAGE BANK LIMITED,16/02/2024,REVERSAL-IMPS-389314053775-FASHION TEXTILES LTD,0.0,0.0,0.0
51998733572,HERITAGE BANK LIMITED,17/02/2024,CLG-CYBERCRAFT SYSTEMS,0.0,0.0,0.0
51998733572,HERITAGE BANK LIMITED,17/02/2024,CASH DEPOSIT-Mehul Patel,0.0,0.0,0.0
51998733572,HERITAGE BANK LIMITED,17/02/2024,ATM WDL-65864,0.0,0.0,0.0
51998733572,HERITAGE BANK LIMITED,17/02/2024,RTGS-ICICR676800238359-Nilesh Vora,0.0,0.0,0.0
51998733572,HERITAGE BANK LIMITED,20/02/2024,CASH WITHDRAWAL-Nilesh Modi,0.0,0.0,0.0
51998733572,HERITAGE BANK LIMITED,20/02/2024,CASH DEPOSIT-Ketan Desai,0.0,0.0,0.0
51998733572,HERITAGE BANK LIMITED,20/02/2024,CASH DEPOSIT-Paresh Shah,0.0,0.0,0.0
51998733572,HERITAGE BANK LIMITED,20/02/2024,CHQ PAID-Jayesh Modi-MICR,0.0,0.0,0.0
51998733572,HERITAGE BANK LIMITED,23/02/2024,NEFT-128340268791-METROPOLITAN BUILDERS,0.0,0.0,0.0
51998733572,HERITAGE BANK LIMITED,23/02/2024,ATM WDL-40285,0.0,0.0,0.0
51998733572,HERITAGE BANK LIMITED,24/02/2024,NEFT-620438790377-GST PAYMENT-GSTIN,0.0,0.0,0.0
51998733572,HERITAGE BANK LIMITED,24/02/2024,FAILED-INSUFFICIENT FUNDS-IMPS-476342410844-Hitesh Desai,0.0,0.0,0.0
51998733572,HERITAGE BANK LIMITED,26/02/2024,CLG-TECHVISION SYSTEMS,0.0,0.0,0.0
51998733572,HERITAGE BANK LIMITED,26/02/2024,UPI/CR/844240032491/Mehul Amin/9990925857@pay,0.0,0.0,0.0
51998733572,HERITAGE BANK LIMITED,28/02/2024,NEFT-817902659340-NETPULSE SYSTEMS,0.0,0.0,0.0
51998733572,HERITAGE BANK LIMITED,28/02/2024,NEFT-766320934062-GST PAYMENT-GSTIN,0.0,0.0,0.0
51998733572,HERITAGE BANK LIMITED,28/02/2024,Service Charges-Online Banking Charges,0.0,0.0,0.0
51998733572,HERITAGE BANK LIMITED,01/03/2024,SERVICE CHARGES-SMS Alert Charges,0.0,0.0,0.0
51998733572,HERITAGE BANK LIMITED,01/03/2024,NEFT-169268812213-DIGITAL SOLUTIONS INDIA,0.0,0.0,0.0
51998733572,HERITAGE BANK LIMITED,02/03/2024,IMPS-683712593163-PRECISION ENGINEERING WORKS,0.0,0.0,0.0
51998733572,HERITAGE BANK LIMITED,02/03/2024,IMPS-803594854872-Hitesh Patel,0.0,0.0,0.0
51998733572,HERITAGE BANK LIMITED,02/03/2024,REVERSAL-NEFT-169268812213-DIGITAL SOLUTIONS INDIA,0.0,0.0,0.0
51998733572,HERITAGE BANK LIMITED,04/03/2024,CLG-CODEBASE SOLUTIONS,0.0,0.0,0.0
51998733572,HERITAGE BANK LIMITED,04/03/2024,RTGS-ICICR441525407304-Mehul Vora,0.0,0.0,0.0
51998733572,HERITAGE BANK LIMITED,05/03/2024,IMPS-434220562506-INDUSTRIAL COMPONENTS INDIA,0.0,0.0,0.0
51998733572,HERITAGE BANK LIMITED,05/03/2024,RTGS-ICICR893721338138-Jayesh Desai,0.0,0.0,0.0
51998733572,HERITAGE BANK LIMITED,06/03/2024,ATM WDL-75410,0.0,0.0,0.0
51998733572,HERITAGE BANK LIMITED,06/03/2024,ATM WDL-80936,0.0,0.0,0.0
51998733572,HERITAGE BANK LIMITED,06/03/2024,RTGS-ICICR628779265703-FABRIC INDUSTRIES INDIA,0.0,0.0,0.0
51998733572,HERITAGE BANK LIMITED,06/03/2024,UPI/CR/654218707484/Bhavesh Patel/7351087880@pay,0.0,0.0,0.0
51998733572,HERITAGE BANK LIMITED,06/03/2024,CLG-WEBSTREAM LIMITED,0.0,0.0,0.0
51998733572,HERITAGE BANK LIMITED,06/03/2024,NEFT-535745049800-Paresh Parekh,0.0,0.0,0.0
51998733572,HERITAGE BANK LIMITED,07/03/2024,NEFT-551583810356-MOTOR INDUSTRIES LTD,0.0,0.0,0.0
51998733572,HERITAGE BANK LIMITED,12/03/2024,SERVICE CHARGES-Cheque Book Charges,0.0,0.0,0.0
51998733572,HERITAGE BANK LIMITED,12/03/2024,CLG-GATEWAY PROJECTS LTD,0.0,0.0,0.0
51998733572,HERITAGE BANK LIMITED,12/03/2024,RTGS-ICICR978186885813-Bhavesh Modi,0.0,0.0,0.0
51998733572,HERITAGE BANK LIMITED,14/03/2024,IMPS-746136510840-Nilesh Desai,0.0,0.0,0.0
51998733572,HERITAGE BANK LIMITED,14/03/2024,UPI/DR/467440523369/Ketan Patel/9228070563@pay,0.0,0.0,0.0
51998733572,HERITAGE BANK LIMITED,15/03/2024,IMPS-977333314606-APEX HEAVY INDUSTRIES,0.0,0.0,0.0
51998733572,HERITAGE BANK LIMITED,15/03/2024,CHQ PAID-Paresh Trivedi-MICR,0.0,0.0,0.0
51998733572,HERITAGE BANK LIMITED,16/03/2024,IMPS-556798863614-INDUSTRIAL COMPONENTS INDIA,0.0,0.0,0.0
51998733572,HERITAGE BANK LIMITED,16/03/2024,RTGS-ICICR380625664801-THERMAL SYSTEMS LTD,0.0,0.0,0.0
51998733572,HERITAGE BANK LIMITED,16/03/2024,IMPS-451175563349-REALTY VENTURES LTD,0.0,0.0,0.0
51998733572,HERITAGE BANK LIMITED,18/03/2024,NEFT-897120174571-Hitesh Shah,0.0,0.0,0.0
51998733572,HERITAGE BANK LIMITED,19/03/2024,UPI/CR/284023831635/Bhavesh Modi/6980327411@pay,0.0,0.0,0.0
51998733572,HERITAGE BANK LIMITED,20/03/2024,UPI/CR/772362693394/Paresh Parekh/8996370803@pay,0.0,0.0,0.0
51998733572,HERITAGE BANK LIMITED,20/03/2024,CLG-WEBSTREAM LIMITED,0.0,0.0,0.0
51998733572,HERITAGE BANK LIMITED,21/03/2024,CHQ PAID-Hitesh Trivedi-MICR,0.0,0.0,0.0
51998733572,HERITAGE BANK LIMITED,21/03/2024,UPI/DR/152987633337/Nilesh Trivedi/6553410923@pay,0.0,0.0,0.0
51998733572,HERITAGE BANK LIMITED,21/03/2024,IMPS-265107839232-Jayesh Desai,0.0,0.0,0.0
51998733572,HERITAGE BANK LIMITED,21/03/2024,CHQ PAID-Paresh Patel-MICR,0.0,0.0,0.0
51998733572,HERITAGE BANK LIMITED,21/03/2024,NEFT-360579909005-TECHVISION SYSTEMS,0.0,0.0,0.0
51998733572,HERITAGE BANK LIMITED,22/03/2024,IMPS-367390688867-Ketan Desai,0.0,0.0,0.0
51998733572,HERITAGE BANK LIMITED,22/03/2024,UPI/CR/976928920168/Jayesh Shah/6618037819@pay,0.0,0.0,0.0
51998733572,HERITAGE BANK LIMITED,22/03/2024,ATM WDL-74645,0.0,0.0,0.0
51998733572,HERITAGE BANK LIMITED,23/03/2024,UPI/DR/365891632378/Mehul Shah/7294873675@pay,0.0,0.0,0.0
51998733572,HERITAGE BANK LIMITED,23/03/2024,RTGS-ICICR688384467077-NETFORGE TECHNOLOGIES,0.0,0.0,0.0
51998733572,HERITAGE BANK LIMITED,23/03/2024,CLG-MOTOR INDUSTRIES LTD,0.0,0.0,0.0
51998733572,HERITAGE BANK LIMITED,26/03/2024,UPI/CR/325573323146/Mehul Amin/9677191242@pay,0.0,0.0,0.0
51998733572,HERITAGE BANK LIMITED,27/03/2024,NEFT-128390401844-Nilesh Parekh,0.0,0.0,0.0
51998733572,HERITAGE BANK LIMITED,27/03/2024,IMPS-239665730441-WEBSTREAM LIMITED,0.0,0.0,0.0
51998733572,HERITAGE BANK LIMITED,27/03/2024,CHQ PAID-Paresh Trivedi-MICR,0.0,0.0,0.0
51998733572,HERITAGE BANK LIMITED,28/03/2024,CLG-CLOUDTECH SERVICES,0.0,0.0,0.0
51998733572,HERITAGE BANK LIMITED,28/03/2024,Dividend Cr-CREDIT SERVICES LTD-EQUITY SHARES,0.0,0.0,0.0
51998733572,HERITAGE BANK LIMITED,28/03/2024,CHQ PAID-Jayesh Parekh-MICR,0.0,0.0,0.0
51998733572,HERITAGE BANK LIMITED,28/03/2024,UPI/DR/704646011279/Nisha Desai/7593919291@pay,0.0,0.0,0.0
51998733572,HERITAGE BANK LIMITED,28/03/2024,UPI/CR/651597654186/Nisha Patel/8456629432@pay,0.0,0.0,0.0
51998733572,HERITAGE BANK LIMITED,28/03/2024,CLG-CYBERCRAFT SYSTEMS,0.0,0.0,0.0
51998733572,HERITAGE BANK LIMITED,28/03/2024,Service Charges-Online Banking Charges,0.0,0.0,0.0
51998733572,HERITAGE BANK LIMITED,28/03/2024,Service Charges-NEFT/RTGS Charges,0.0,0.0,0.0
51998733572,HERITAGE BANK LIMITED,30/03/2024,UPI/CR/926315488916/Mehul Parekh/7953624994@pay,0.0,0.0,0.0
35241427512,METROPOLITAN BANK,01/01/2024,RTGS-ICICR852651061568-SUPPLY CHAIN CORP,0.0,0.0,0.0
35241427512,METROPOLITAN BANK,01/01/2024,ATM WDL-18880,0.0,0.0,0.0
35241427512,METROPOLITAN BANK,01/01/2024,IMPS-323720609474-WEBSTREAM LIMITED,0.0,0.0,0.0
35241427512,METROPOLITAN BANK,02/01/2024,IMPS-636284872101-Anitha Rao,0.0,0.0,0.0
35241427512,METROPOLITAN BANK,02/01/2024,RTGS-ICICR762030571206-Ganesh Naidu,0.0,0.0,0.0
35241427512,METROPOLITAN BANK,02/01/2024,CLG-FOOD INDUSTRIES CORP,0.0,0.0,0.0
35241427512,METROPOLITAN BANK,04/01/2024,ATM WDL-79465,0.0,0.0,0.0
35241427512,METROPOLITAN BANK,05/01/2024,NEFT Dr-465705589601-SOFTWARE SUBSCRIPTION,0.0,0.0,0.0
35241427512,METROPOLITAN BANK,05/01/2024,CLG-CONSUMER PRODUCTS INDIA,0.0,0.0,0.0
35241427512,METROPOLITAN BANK,05/01/2024,NEFT-629660011232-FASHION TEXTILES LTD,0.0,0.0,0.0
35241427512,METROPOLITAN BANK,05/01/2024,NEFT-779262961514-CLOUDTECH SERVICES,0.0,0.0,0.0
35241427512,METROPOLITAN BANK,05/01/2024,UPI/CR/185052878168/Kavitha Krishnan/8324066602@pay,0.0,0.0,0.0
35241427512,METROPOLITAN BANK,06/01/2024,ATM WDL-45026,0.0,0.0,0.0
35241427512,METROPOLITAN BANK,06/01/2024,UPI/DR/257649860281/Karthik Krishnan/8252333754@pay,0.0,0.0,0.0
35241427512,METROPOLITAN BANK,06/01/2024,CHQ PAID-Kavitha Rao-MICR,0.0,0.0,0.0
35241427512,METROPOLITAN BANK,06/01/2024,CASH DEPOSIT-Anitha Naidu,0.0,0.0,0.0
35241427512,METROPOLITAN BANK,08/01/2024,CHQ PAID-Ramesh Pillai-MICR,0.0,0.0,0.0
35241427512,METROPOLITAN BANK,09/01/2024,CLG-CODEBASE SOLUTIONS,0.0,0.0,0.0
35241427512,METROPOLITAN BANK,09/01/2024,UPI/CR/726053227796/Kavitha Nair/6650161487@pay,0.0,0.0,0.0
35241427512,METROPOLITAN BANK,09/01/2024,IMPS-964932535389-INFOCORE TECHNOLOGIES,0.0,0.0,0.0
35241427512,METROPOLITAN BANK,10/01/2024,ATM WDL-88054,0.0,0.0,0.0
35241427512,METROPOLITAN BANK,11/01/2024,NEFT-825606677078-FASHION TEXTILES LTD,0.0,0.0,0.0
35241427512,METROPOLITAN BANK,11/01/2024,IMPS-965992657090-CYBERCRAFT SYSTEMS,0.0,0.0,0.0
35241427512,METROPOLITAN BANK,11/01/2024,CHQ PAID-Venkatesh Menon-MICR,0.0,0.0,0.0
35241427512,METROPOLITAN BANK,12/01/2024,SERVICE CHARGES-SMS Alert Charges,0.0,0.0,0.0
35241427512,METROPOLITAN BANK,12/01/2024,IMPS-657082514568-DATABRIDGE INFOTECH,0.0,0.0,0.0
35241427512,METROPOLITAN BANK,13/01/2024,RTGS-ICICR205316900124-FINANCE SOLUTIONS INDIA,0.0,0.0,0.0
35241427512,METROPOLITAN BANK,13/01/2024,UPI/CR/429579261440/Venkatesh Murthy/7611711602@pay,0.0,0.0,0.0
35241427512,METROPOLITAN BANK,13/01/2024,ATM WDL-94249,0.0,0.0,0.0
35241427512,METROPOLITAN BANK,13/01/2024,UPI/CR/438262108499/Karthik Iyer/7823566032@pay,0.0,0.0,0.0
35241427512,METROPOLITAN BANK,13/01/2024,ATM WDL-62843,0.0,0.0,0.0
35241427512,METROPOLITAN BANK,15/01/2024,CLG-CLOUDTECH SERVICES,0.0,0.0,0.0
35241427512,METROPOLITAN BANK,15/01/2024,CHQ PAID-Srinivas Iyer-MICR,0.0,0.0,0.0
35241427512,METROPOLITAN BANK,15/01/2024,CASH DEPOSIT-Kavitha Reddy,0.0,0.0,0.0
35241427512,METROPOLITAN BANK,15/01/2024,RTGS-ICICR377712511621-CAPITAL VENTURES INDIA,0.0,0.0,0.0
35241427512,METROPOLITAN BANK,15/01/2024,IMPS-653259334101-Priya Murthy,0.0,0.0,0.0
35241427512,METROPOLITAN BANK,16/01/2024,NEFT-765617195018-Karthik Krishnan,0.0,0.0,0.0
35241427512,METROPOLITAN BANK,16/01/2024,IMPS-341119548853-Kavitha Pillai,0.0,0.0,0.0
35241427512,METROPOLITAN BANK,17/01/2024,NEFT-999374260958-Venkatesh Nair,0.0,0.0,0.0
35241427512,METROPOLITAN BANK,17/01/2024,NEFT-672445813995-GST PAYMENT-GSTIN,0.0,0.0,0.0
35241427512,METROPOLITAN BANK,18/01/2024,NEFT-586628912850-Lakshmi Nair,0.0,0.0,0.0
35241427512,METROPOLITAN BANK,18/01/2024,CHQ PAID-Priya Reddy-MICR,0.0,0.0,0.0
35241427512,METROPOLITAN BANK,19/01/2024,NEFT-753126011827-WELLNESS BRANDS INDIA,0.0,0.0,0.0
35241427512,METROPOLITAN BANK,19/01/2024,IMPS-451304949418-CONSTRUCTION SOLUTIONS LTD,0.0,0.0,0.0
35241427512,METROPOLITAN BANK,20/01/2024,UPI/DR/858138124632/Ramesh Naidu/6017648773@pay,0.0,0.0,0.0
35241427512,METROPOLITAN BANK,20/01/2024,ATM WDL-73011,0.0,0.0,0.0
35241427512,METROPOLITAN BANK,20/01/2024,NEFT-457233263733-Priya Krishnan,0.0,0.0,0.0
35241427512,METROPOLITAN BANK,20/01/2024,NEFT Dr-227427076725-GST PAYMENT-GSTIN 80C4509,0.0,0.0,0.0
35241427512,METROPOLITAN BANK,20/01/2024,CASH WITHDRAWAL-Kavitha Naidu,0.0,0.0,0.0
35241427512,METROPOLITAN BANK,22/01/2024,UPI/CR/168183309361/Ramesh Iyer/8595920973@pay,0.0,0.0,0.0
35241427512,METROPOLITAN BANK,22/01/2024,UPI/DR/815143880621/Venkatesh Iyer/6417029327@pay,0.0,0.0,0.0
35241427512,METROPOLITAN BANK,22/01/2024,NEFT-125937989702-CYBERCRAFT SYSTEMS,0.0,0.0,0.0
35241427512,METROPOLITAN BANK,24/01/2024,CHQ PAID-Priya Reddy-MICR,0.0,0.0,0.0
35241427512,METROPOLITAN BANK,25/01/2024,NEFT-554191124562-Anitha Naidu,0.0,0.0,0.0
35241427512,METROPOLITAN BANK,25/01/2024,UPI/DR/598965243063/Karthik Menon/7367306497@pay,0.0,0.0,0.0
35241427512,METROPOLITAN BANK,25/01/2024,RTGS-ICICR182938884030-HEALTHCARE PRODUCTS LTD,0.0,0.0,0.0
35241427512,METROPOLITAN BANK,29/01/2024,CASH WITHDRAWAL-Kavitha Nair,0.0,0.0,0.0
35241427512,METROPOLITAN BANK,29/01/2024,NEFT-386086843194-URBAN ESTATES INDIA,0.0,0.0,0.0
35241427512,METROPOLITAN BANK,29/01/2024,IMPS-589367218278-Srinivas Pillai,0.0,0.0,0.0
35241427512,METROPOLITAN BANK,29/01/2024,Dividend Cr-PREMIUM PROPERTIES LTD-EQUITY SHARES,0.0,0.0,0.0
35241427512,METROPOLITAN BANK,29/01/2024,CHQ PAID-Ramesh Nair-MICR,0.0,0.0,0.0
35241427512,METROPOLITAN BANK,30/01/2024,SERVICE CHARGES-NEFT/RTGS Charges,0.0,0.0,0.0
35241427512,METROPOLITAN BANK,02/02/2024,NEFT-376895064185-Kavitha Reddy,0.0,0.0,0.0
35241427512,METROPOLITAN BANK,02/02/2024,RTGS-ICICR667165750534-HEALTHCARE PRODUCTS LTD,0.0,0.0,0.0
35241427512,METROPOLITAN BANK,02/02/2024,RTGS-ICICR993626873826-AUTOMOTIVE PARTS CORP,0.0,0.0,0.0
35241427512,METROPOLITAN BANK,03/02/2024,IMPS-299449400926-Subramaniam Reddy,0.0,0.0,0.0
35241427512,METROPOLITAN BANK,03/02/2024,CASH WITHDRAWAL-Ramesh Naidu,0.0,0.0,0.0
35241427512,METROPOLITAN BANK,03/02/2024,UPI/CR/724096650226/Subramaniam Pillai/7307949817@pay,0.0,0.0,0.0
35241427512,METROPOLITAN BANK,03/02/2024,CHQ PAID-Kavitha Murthy-MICR,0.0,0.0,0.0
35241427512,METROPOLITAN BANK,05/02/2024,NEFT Dr-921525266959-CLOUD SUBSCRIPTION,0.0,0.0,0.0
35241427512,METROPOLITAN BANK,05/02/2024,CHQ PAID-Ganesh Naidu-MICR,0.0,0.0,0.0
35241427512,METROPOLITAN BANK,06/02/2024,CHQ PAID-Srinivas Murthy-MICR,0.0,0.0,0.0
35241427512,METROPOLITAN BANK,06/02/2024,CHQ PAID-Lakshmi Murthy-MICR,0.0,0.0,0.0
35241427512,METROPOLITAN BANK,07/02/2024,NEFT-215416452700-Venkatesh Reddy,0.0,0.0,0.0
35241427512,METROPOLITAN BANK,07/02/2024,NEFT Dr-700024614514-SOFTWARE SUBSCRIPTION,0.0,0.0,0.0
35241427512,METROPOLITAN BANK,07/02/2024,UPI/DR/688836342975/Karthik Naidu/6938593115@pay,0.0,0.0,0.0
35241427512,METROPOLITAN BANK,07/02/2024,NEFT-358963014079-MINDWAVE CONSULTING,0.0,0.0,0.0
35241427512,METROPOLITAN BANK,07/02/2024,IMPS-296272803231-Ramesh Menon,0.0,0.0,0.0
35241427512,METROPOLITAN BANK,09/02/2024,NEFT-920872623173-PREMIUM PROPERTIES LTD,0.0,0.0,0.0
35241427512,METROPOLITAN BANK,10/02/2024,SERVICE CHARGES-Online Banking Charges,0.0,0.0,0.0
35241427512,METROPOLITAN BANK,12/02/2024,RTGS-ICICR392093516867-Anitha Murthy,0.0,0.0,0.0
35241427512,METROPOLITAN BANK,12/02/2024,CASH DEPOSIT-Priya Pillai,0.0,0.0,0.0
35241427512,METROPOLITAN BANK,12/02/2024,NEFT-492107544321-Priya Reddy,0.0,0.0,0.0
35241427512,METROPOLITAN BANK,13/02/2024,CLG-INFOCORE TECHNOLOGIES,0.0,0.0,0.0
35241427512,METROPOLITAN BANK,14/02/2024,RTGS-ICICR728817799157-Priya Pillai,0.0,0.0,0.0
35241427512,METROPOLITAN BANK,16/02/2024,UPI/CR/955127227171/Karthik Nair/7085185626@pay,0.0,0.0,0.0
35241427512,METROPOLITAN BANK,16/02/2024,CLG-CONSUMER PRODUCTS INDIA,0.0,0.0,0.0
35241427512,METROPOLITAN BANK,16/02/2024,NEFT-215942637448-Lakshmi Iyer,0.0,0.0,0.0
35241427512,METROPOLITAN BANK,17/02/2024,CHQ PAID-Venkatesh Pillai-MICR,0.0,0.0,0.0
35241427512,METROPOLITAN BANK,20/02/2024,RTGS-ICICR165455409416-GATEWAY PROJECTS LTD,0.0,0.0,0.0
35241427512,METROPOLITAN BANK,20/02/2024,CHQ PAID-Ganesh Naidu-MICR,0.0,0.0,0.0
35241427512,METROPOLITAN BANK,20/02/2024,NEFT-550046159016-COTTON MILLS CORP,0.0,0.0,0.0
35241427512,METROPOLITAN BANK,20/02/2024,NEFT Dr-928075919663-GST PAYMENT-GSTIN 43C3393,0.0,0.0,0.0
35241427512,METROPOLITAN BANK,21/02/2024,RTGS-ICICR267962388738-Priya Murthy,0.0,0.0,0.0
35241427512,METROPOLITAN BANK,21/02/2024,IMPS-792924446152-HOUSING DEVELOPERS CORP,0.0,0.0,0.0
35241427512,METROPOLITAN BANK,22/02/2024,NEFT-405720221354-Priya Naidu,0.0,0.0,0.0
35241427512,METROPOLITAN BANK,22/02/2024,UPI/DR/664109231084/Ramesh Iyer/8300240954@pay,0.0,0.0,0.0
35241427512,METROPOLITAN BANK,23/02/2024,IMPS-715527680893-CODEBASE SOLUTIONS,0.0,0.0,0.0
35241427512,METROPOLITAN BANK,24/02/2024,NEFT-781698060229-Ramesh Rao,0.0,0.0,0.0
35241427512,METROPOLITAN BANK,26/02/2024,CHQ PAID-Srinivas Menon-MICR,0.0,0.0,0.0
35241427512,METROPOLITAN BANK,26/02/2024,CLG-WEBSTREAM LIMITED,0.0,0.0,0.0
35241427512,METROPOLITAN BANK,26/02/2024,CLG-SUPPLY CHAIN CORP,0.0,0.0,0.0
35241427512,METROPOLITAN BANK,27/02/2024,UPI/CR/672732404897/Ganesh Pillai/6475579119@pay,0.0,0.0,0.0
35241427512,METROPOLITAN BANK,27/02/2024,UPI/CR/946144963580/Lakshmi Reddy/9520034333@pay,0.0,0.0,0.0
35241427512,METROPOLITAN BANK,28/02/2024,IMPS-514199950497-PREMIUM PROPERTIES LTD,0.0,0.0,0.0
35241427512,METROPOLITAN BANK,28/02/2024,CLG-RETAIL SOLUTIONS INDIA,0.0,0.0,0.0
35241427512,METROPOLITAN BANK,28/02/2024,Service Charges-Online Banking Charges,0.0,0.0,0.0
35241427512,METROPOLITAN BANK,29/02/2024,NEFT-806659274397-Kavitha Menon,0.0,0.0,0.0
35241427512,METROPOLITAN BANK,02/03/2024,RTGS-ICICR574098666817-Ganesh Krishnan,0.0,0.0,0.0
35241427512,METROPOLITAN BANK,02/03/2024,UPI/CR/551414519733/Lakshmi Murthy/7061682437@pay,0.0,0.0,0.0
35241427512,METROPOLITAN BANK,04/03/2024,NEFT-218541364557-Karthik Iyer,0.0,0.0,0.0
35241427512,METROPOLITAN BANK,04/03/2024,CASH DEPOSIT-Venkatesh Rao,0.0,0.0,0.0
35241427512,METROPOLITAN BANK,05/03/2024,NEFT Dr-585482427113-INSURANCE SUBSCRIPTION,0.0,0.0,0.0
35241427512,METROPOLITAN BANK,06/03/2024,IMPS-847956695907-Kavitha Iyer,0.0,0.0,0.0
35241427512,METROPOLITAN BANK,06/03/2024,CASH WITHDRAWAL-Subramaniam Naidu,0.0,0.0,0.0
35241427512,METROPOLITAN BANK,06/03/2024,NEFT-594630815568-DATABRIDGE INFOTECH,0.0,0.0,0.0
35241427512,METROPOLITAN BANK,06/03/2024,NEFT-693323735025-Ramesh Naidu,0.0,0.0,0.0
35241427512,METROPOLITAN BANK,07/03/2024,NEFT Dr-356436186714-CLOUD SUBSCRIPTION,0.0,0.0,0.0
35241427512,METROPOLITAN BANK,07/03/2024,IMPS-337847585743-DATABRIDGE INFOTECH,0.0,0.0,0.0
35241427512,METROPOLITAN BANK,07/03/2024,IMPS-358643595467-CODEBASE SOLUTIONS,0.0,0.0,0.0
35241427512,METROPOLITAN BANK,07/03/2024,RTGS-ICICR772676452679-Priya Pillai,0.0,0.0,0.0
35241427512,METROPOLITAN BANK,07/03/2024,CASH WITHDRAWAL-Lakshmi Reddy,0.0,0.0,0.0
35241427512,METROPOLITAN BANK,09/03/2024,Dividend Cr-PRECISION ENGINEERING WORKS-EQUITY SHARES,0.0,0.0,0.0
35241427512,METROPOLITAN BANK,09/03/2024,ATM WDL-64707,0.0,0.0,0.0
35241427512,METROPOLITAN BANK,11/03/2024,REVERSAL-IMPS-358643595467-CODEBASE SOLUTIONS,0.0,0.0,0.0
35241427512,METROPOLITAN BANK,11/03/2024,NEFT-156890551057-Venkatesh Pillai,0.0,0.0,0.0
35241427512,METROPOLITAN BANK,12/03/2024,CASH DEPOSIT-Kavitha Iyer,0.0,0.0,0.0
35241427512,METROPOLITAN BANK,13/03/2024,FAILED-INSUFFICIENT FUNDS-UPI/DR/825261051879/Venkatesh Rao/6047848782@pay,0.0,0.0,0.0
35241427512,METROPOLITAN BANK,14/03/2024,NEFT-849025391309-FABRIC INDUSTRIES INDIA,0.0,0.0,0.0
35241427512,METROPOLITAN BANK,14/03/2024,NEFT-101147797544-WEBSTREAM LIMITED,0.0,0.0,0.0
35241427512,METROPOLITAN BANK,14/03/2024,RTGS-ICICR745403127659-URBAN CONSTRUCTIONS,0.0,0.0,0.0
35241427512,METROPOLITAN BANK,15/03/2024,CHQ PAID-Lakshmi Pillai-MICR,0.0,0.0,0.0
35241427512,METROPOLITAN BANK,16/03/2024,CLG-PREMIUM PROPERTIES LTD,0.0,0.0,0.0
35241427512,METROPOLITAN BANK,16/03/2024,RTGS-ICICR305093863883-SOFTWAVE TECHNOLOGIES,0.0,0.0,0.0
35241427512,METROPOLITAN BANK,18/03/2024,UPI/CR/940275534589/Ramesh Krishnan/7004381954@pay,0.0,0.0,0.0
35241427512,METROPOLITAN BANK,18/03/2024,CLG-AUTOMOTIVE PARTS CORP,0.0,0.0,0.0
35241427512,METROPOLITAN BANK,19/03/2024,RTGS-ICICR661615506884-Venkatesh Nair,0.0,0.0,0.0
35241427512,METROPOLITAN BANK,19/03/2024,UPI/DR/504300351923/Srinivas Nair/8284558091@pay,0.0,0.0,0.0
35241427512,METROPOLITAN BANK,20/03/2024,NEFT-615613500170-LOAN DISBURSEMENT-INDUSTRIAL COMPONENTS INDIA,0.0,0.0,0.0
35241427512,METROPOLITAN BANK,20/03/2024,NEFT Dr-994885846895-GST PAYMENT-GSTIN 20C7148,0.0,0.0,0.0
35241427512,METROPOLITAN BANK,20/03/2024,NEFT-150802087387-Venkatesh Menon,0.0,0.0,0.0
35241427512,METROPOLITAN BANK,21/03/2024,RTGS-ICICR584379842799-CODEBASE SOLUTIONS,0.0,0.0,0.0
35241427512,METROPOLITAN BANK,21/03/2024,NEFT-383292245786-Lakshmi Menon,0.0,0.0,0.0
35241427512,METROPOLITAN BANK,22/03/2024,CASH WITHDRAWAL-Lakshmi Menon,0.0,0.0,0.0
35241427512,METROPOLITAN BANK,22/03/2024,UPI/DR/907047790634/Kavitha Reddy/8923154218@pay,0.0,0.0,0.0
35241427512,METROPOLITAN BANK,23/03/2024,NEFT-908830336927-FOOD INDUSTRIES CORP,0.0,0.0,0.0
35241427512,METROPOLITAN BANK,23/03/2024,IMPS-332468631009-Lakshmi Reddy,0.0,0.0,0.0
35241427512,METROPOLITAN BANK,23/03/2024,ATM WDL-16241,0.0,0.0,0.0
35241427512,METROPOLITAN BANK,26/03/2024,UPI/DR/650090236070/Kavitha Reddy/6889608849@pay,0.0,0.0,0.0
35241427512,METROPOLITAN BANK,26/03/2024,REVERSAL-NEFT-908830336927-FOOD INDUSTRIES CORP,0.0,0.0,0.0
35241427512,METROPOLITAN BANK,26/03/2024,UPI/CR/745353591788/Kavitha Naidu/9152518154@pay,0.0,0.0,0.0
35241427512,METROPOLITAN BANK,26/03/2024,NEFT-639542762126-Ganesh Reddy,0.0,0.0,0.0
35241427512,METROPOLITAN BANK,27/03/2024,UPI/DR/641813234793/Priya Krishnan/6050094177@pay,0.0,0.0,0.0
35241427512,METROPOLITAN BANK,27/03/2024,CHQ PAID-Priya Menon-MICR,0.0,0.0,0.0
35241427512,METROPOLITAN BANK,27/03/2024,ATM WDL-40101,0.0,0.0,0.0
35241427512,METROPOLITAN BANK,28/03/2024,NEFT-273507652087-CONSUMER PRODUCTS INDIA,0.0,0.0,0.0
35241427512,METROPOLITAN BANK,28/03/2024,ATM WDL-86551,0.0,0.0,0.0
35241427512,METROPOLITAN BANK,28/03/2024,NEFT-922311981788-PREMIUM PROPERTIES LTD,0.0,0.0,0.0
35241427512,METROPOLITAN BANK,28/03/2024,IMPS-584260870954-DATABRIDGE INFOTECH,0.0,0.0,0.0
35241427512,METROPOLITAN BANK,28/03/2024,Service Charges-NEFT/RTGS Charges,0.0,0.0,0.0
35241427512,METROPOLITAN BANK,28/03/2024,Service Charges-Account Maintenance,0.0,0.0,0.0
35241427512,METROPOLITAN BANK,30/03/2024,UPI/CR/537782224820/Subramaniam Pillai/8996535653@pay,0.0,0.0,0.0
35241427512,METROPOLITAN BANK,30/03/2024,CHQ PAID-Anitha Nair-MICR,0.0,0.0,0.0
11471507452,UNITY NATIONAL BANK,01/01/2024,CLG-CONSTRUCTION SOLUTIONS LTD,0.0,0.0,0.0
11471507452,UNITY NATIONAL BANK,01/01/2024,NEFT-490572847032-Lakshmi Menon,0.0,0.0,0.0
11471507452,UNITY NATIONAL BANK,02/01/2024,UPI/DR/767315416844/Kavitha Pillai/8755892182@pay,0.0,0.0,0.0
11471507452,UNITY NATIONAL BANK,04/01/2024,NEFT-843222059468-Subramaniam Krishnan,0.0,0.0,0.0
11471507452,UNITY NATIONAL BANK,04/01/2024,Dividend Cr-PREMIUM INFRASTRUCTURE-EQUITY SHARES,0.0,0.0,0.0
11471507452,UNITY NATIONAL BANK,06/01/2024,ATM WDL-20090,0.0,0.0,0.0
11471507452,UNITY NATIONAL BANK,06/01/2024,NEFT-527534252456-Kavitha Iyer,0.0,0.0,0.0
11471507452,UNITY NATIONAL BANK,08/01/2024,NEFT-452432460189-Srinivas Naidu,0.0,0.0,0.0
11471507452,UNITY NATIONAL BANK,09/01/2024,CLG-URBAN CONSTRUCTIONS,0.0,0.0,0.0
11471507452,UNITY NATIONAL BANK,10/01/2024,CLG-COTTON MILLS CORP,0.0,0.0,0.0
11471507452,UNITY NATIONAL BANK,11/01/2024,IMPS-608675228620-FOOD INDUSTRIES CORP,0.0,0.0,0.0
11471507452,UNITY NATIONAL BANK,11/01/2024,UPI/CR/922589269111/Venkatesh Naidu/9074500596@pay,0.0,0.0,0.0
11471507452,UNITY NATIONAL BANK,11/01/2024,IMPS-735979783854-Karthik Menon,0.0,0.0,0.0
11471507452,UNITY NATIONAL BANK,11/01/2024,CHQ PAID-Subramaniam Krishnan-MICR,0.0,0.0,0.0
11471507452,UNITY NATIONAL BANK,12/01/2024,IMPS-648789671155-THERMAL SYSTEMS LTD,0.0,0.0,0.0
11471507452,UNITY NATIONAL BANK,13/01/2024,NEFT-727925571605-Priya Rao,0.0,0.0,0.0
11471507452,UNITY NATIONAL BANK,13/01/2024,IMPS-608229054420-Venkatesh Menon,0.0,0.0,0.0
11471507452,UNITY NATIONAL BANK,13/01/2024,CLG-INFOCORE TECHNOLOGIES,0.0,0.0,0.0
11471507452,UNITY NATIONAL BANK,13/01/2024,REVERSAL-IMPS-648789671155-THERMAL SYSTEMS LTD,0.0,0.0,0.0
11471507452,UNITY NATIONAL BANK,16/01/2024,IMPS-120276315564-CONSTRUCTION SOLUTIONS LTD,0.0,0.0,0.0
11471507452,UNITY NATIONAL BANK,16/01/2024,NEFT-888241100357-DAILY NEEDS LIMITED,0.0,0.0,0.0
11471507452,UNITY NATIONAL BANK,16/01/2024,CHQ PAID-Priya Murthy-MICR,0.0,0.0,0.0
11471507452,UNITY NATIONAL BANK,17/01/2024,IMPS-514886224804-LIFELINE PHARMACEUTICAL,0.0,0.0,0.0
11471507452,UNITY NATIONAL BANK,17/01/2024,CHQ PAID-Karthik Nair-MICR,0.0,0.0,0.0
11471507452,UNITY NATIONAL BANK,18/01/2024,ATM WDL-52192,0.0,0.0,0.0
11471507452,UNITY NATIONAL BANK,19/01/2024,NEFT-653461779758-Anitha Menon,0.0,0.0,0.0
11471507452,UNITY NATIONAL BANK,19/01/2024,UPI/CR/150660808361/Anitha Krishnan/8909044043@pay,0.0,0.0,0.0
11471507452,UNITY NATIONAL BANK,19/01/2024,CHQ PAID-Lakshmi Krishnan-MICR,0.0,0.0,0.0
11471507452,UNITY NATIONAL BANK,19/01/2024,IMPS-464185593105-METROPOLITAN BUILDERS,0.0,0.0,0.0
11471507452,UNITY NATIONAL BANK,20/01/2024,NEFT-246696025195-WEBSTREAM LIMITED,0.0,0.0,0.0
11471507452,UNITY NATIONAL BANK,20/01/2024,CASH WITHDRAWAL-Srinivas Menon,0.0,0.0,0.0
11471507452,UNITY NATIONAL BANK,20/01/2024,NEFT Dr-345267520432-GST PAYMENT-GSTIN 67C5415,0.0,0.0,0.0
11471507452,UNITY NATIONAL BANK,22/01/2024,IMPS-481787482300-FASHION TEXTILES LTD,0.0,0.0,0.0
11471507452,UNITY NATIONAL BANK,22/01/2024,CHQ PAID-Ganesh Nair-MICR,0.0,0.0,0.0
11471507452,UNITY NATIONAL BANK,22/01/2024,IMPS-143388262436-FINANCE SOLUTIONS INDIA,0.0,0.0,0.0
11471507452,UNITY NATIONAL BANK,23/01/2024,CLG-HIGHWAY DEVELOPERS INDIA,0.0,0.0,0.0
11471507452,UNITY NATIONAL BANK,24/01/2024,IMPS-145874477468-DAILY NEEDS LIMITED,0.0,0.0,0.0
11471507452,UNITY NATIONAL BANK,24/01/2024,IMPS-505635075969-REALTY VENTURES LTD,0.0,0.0,0.0
11471507452,UNITY NATIONAL BANK,24/01/2024,UPI/CR/462416261549/Subramaniam Nair/7418974299@pay,0.0,0.0,0.0
11471507452,UNITY NATIONAL BANK,25/01/2024,NEFT-716637148876-WEBSTREAM LIMITED,0.0,0.0,0.0
11471507452,UNITY NATIONAL BANK,25/01/2024,IMPS-717730350402-RETAIL SOLUTIONS INDIA,0.0,0.0,0.0
11471507452,UNITY NATIONAL BANK,25/01/2024,CHQ PAID-Karthik Pillai-MICR,0.0,0.0,0.0
11471507452,UNITY NATIONAL BANK,25/01/2024,NEFT-502671890827-FINANCE SOLUTIONS INDIA,0.0,0.0,0.0
11471507452,UNITY NATIONAL BANK,25/01/2024,CLG-CARGO SOLUTIONS LTD,0.0,0.0,0.0
11471507452,UNITY NATIONAL BANK,27/01/2024,NEFT-225867890438-Lakshmi Iyer,0.0,0.0,0.0
11471507452,UNITY NATIONAL BANK,27/01/2024,IMPS-796398335514-WELLNESS BRANDS INDIA,0.0,0.0,0.0
11471507452,UNITY NATIONAL BANK,27/01/2024,NEFT-317066066987-CONSTRUCTION SOLUTIONS LTD,0.0,0.0,0.0
11471507452,UNITY NATIONAL BANK,29/01/2024,UPI/CR/778483150636/Karthik Murthy/9586663200@pay,0.0,0.0,0.0
11471507452,UNITY NATIONAL BANK,29/01/2024,UPI/CR/845660732865/Srinivas Iyer/7172408345@pay,0.0,0.0,0.0
11471507452,UNITY NATIONAL BANK,30/01/2024,IMPS-256136732254-COTTON MILLS CORP,0.0,0.0,0.0
11471507452,UNITY NATIONAL BANK,30/01/2024,SERVICE CHARGES-Statement Charges,0.0,0.0,0.0
11471507452,UNITY NATIONAL BANK,30/01/2024,UPI/CR/699026889819/Venkatesh Murthy/6862643897@pay,0.0,0.0,0.0
11471507452,UNITY NATIONAL BANK,30/01/2024,IMPS-992536200076-NETPULSE SYSTEMS,0.0,0.0,0.0
11471507452,UNITY NATIONAL BANK,30/01/2024,RTGS-ICICR441410906630-THERMAL SYSTEMS LTD,0.0,0.0,0.0
11471507452,UNITY NATIONAL BANK,30/01/2024,NEFT-420272214931-Venkatesh Menon,0.0,0.0,0.0
11471507452,UNITY NATIONAL BANK,30/01/2024,NEFT-619935864644-PRECISION ENGINEERING WORKS,0.0,0.0,0.0
11471507452,UNITY NATIONAL BANK,31/01/2024,CASH DEPOSIT-Lakshmi Murthy,0.0,0.0,0.0
11471507452,UNITY NATIONAL BANK,31/01/2024,UPI/DR/955801383515/Kavitha Rao/6877528728@pay,0.0,0.0,0.0
11471507452,UNITY NATIONAL BANK,01/02/2024,REVERSAL-UPI/CR/845660732865/Srinivas Iyer/7172408345@pay,0.0,0.0,0.0
11471507452,UNITY NATIONAL BANK,01/02/2024,NEFT-229544635427-Lakshmi Menon,0.0,0.0,0.0
11471507452,UNITY NATIONAL BANK,01/02/2024,RTGS-ICICR909295889603-PRECISION ENGINEERING WORKS,0.0,0.0,0.0
11471507452,UNITY NATIONAL BANK,01/02/2024,NEFT-547186992489-Srinivas Reddy,0.0,0.0,0.0
11471507452,UNITY NATIONAL BANK,02/02/2024,NEFT-341345561191-DAILY NEEDS LIMITED,0.0,0.0,0.0
11471507452,UNITY NATIONAL BANK,02/02/2024,IMPS-431166407895-CARGO SOLUTIONS LTD,0.0,0.0,0.0
11471507452,UNITY NATIONAL BANK,03/02/2024,NEFT-800955828536-COTTON MILLS CORP,0.0,0.0,0.0
11471507452,UNITY NATIONAL BANK,03/02/2024,UPI/CR/229456826974/Ramesh Reddy/6639329216@pay,0.0,0.0,0.0
11471507452,UNITY NATIONAL BANK,05/02/2024,CLG-PREMIUM INFRASTRUCTURE,0.0,0.0,0.0
11471507452,UNITY NATIONAL BANK,05/02/2024,NEFT-109078731441-Lakshmi Naidu,0.0,0.0,0.0
11471507452,UNITY NATIONAL BANK,05/02/2024,RTGS-ICICR204684831851-CYBERCRAFT SYSTEMS,0.0,0.0,0.0
11471507452,UNITY NATIONAL BANK,05/02/2024,RTGS-ICICR446679381096-MINDWAVE CONSULTING,0.0,0.0,0.0
11471507452,UNITY NATIONAL BANK,06/02/2024,NEFT-621525408394-HIGHWAY DEVELOPERS INDIA,0.0,0.0,0.0
11471507452,UNITY NATIONAL BANK,06/02/2024,CHQ PAID-Venkatesh Nair-MICR,0.0,0.0,0.0
11471507452,UNITY NATIONAL BANK,07/02/2024,CHQ PAID-Ganesh Pillai-MICR,0.0,0.0,0.0
11471507452,UNITY NATIONAL BANK,07/02/2024,NEFT-144656361968-Priya Reddy,0.0,0.0,0.0
11471507452,UNITY NATIONAL BANK,07/02/2024,CLG-FINANCE SOLUTIONS INDIA,0.0,0.0,0.0
11471507452,UNITY NATIONAL BANK,08/02/2024,UPI/DR/636435565979/Priya Pillai/9017692435@pay,0.0,0.0,0.0
11471507452,UNITY NATIONAL BANK,08/02/2024,CHQ PAID-Anitha Rao-MICR,0.0,0.0,0.0
11471507452,UNITY NATIONAL BANK,09/02/2024,RTGS-ICICR749842671896-Priya Reddy,0.0,0.0,0.0
11471507452,UNITY NATIONAL BANK,10/02/2024,IMPS-525662946357-Subramaniam Reddy,0.0,0.0,0.0
11471507452,UNITY NATIONAL BANK,10/02/2024,CHQ PAID-Karthik Rao-MICR,0.0,0.0,0.0
11471507452,UNITY NATIONAL BANK,14/02/2024,CASH DEPOSIT-Priya Naidu,0.0,0.0,0.0
11471507452,UNITY NATIONAL BANK,14/02/2024,UPI/CR/987513640592/Priya Iyer/7095928842@pay,0.0,0.0,0.0
11471507452,UNITY NATIONAL BANK,16/02/2024,NEFT-440839865970-Ramesh Murthy,0.0,0.0,0.0
11471507452,UNITY NATIONAL BANK,16/02/2024,CLG-NETFORGE TECHNOLOGIES,0.0,0.0,0.0
11471507452,UNITY NATIONAL BANK,17/02/2024,NEFT-485743084858-Ganesh Naidu,0.0,0.0,0.0
11471507452,UNITY NATIONAL BANK,19/02/2024,NEFT-464953178643-Subramaniam Iyer,0.0,0.0,0.0
11471507452,UNITY NATIONAL BANK,19/02/2024,IMPS-697333752662-THERMAL SYSTEMS LTD,0.0,0.0,0.0
11471507452,UNITY NATIONAL BANK,19/02/2024,CHQ PAID-Priya Menon-MICR,0.0,0.0,0.0
11471507452,UNITY NATIONAL BANK,19/02/2024,CLG-INVESTMENT SERVICES INDIA,0.0,0.0,0.0
11471507452,UNITY NATIONAL BANK,20/02/2024,UPI/CR/715729802593/Ramesh Nair/7100538851@pay,0.0,0.0,0.0
11471507452,UNITY NATIONAL BANK,20/02/2024,UPI/CR/920897003709/Ganesh Nair/7057503182@pay,0.0,0.0,0.0
11471507452,UNITY NATIONAL BANK,20/02/2024,CASH DEPOSIT-Priya Reddy,0.0,0.0,0.0
11471507452,UNITY NATIONAL BANK,20/02/2024,NEFT Dr-285619776907-GST PAYMENT-GSTIN 48C5173,0.0,0.0,0.0
11471507452,UNITY NATIONAL BANK,21/02/2024,CHQ PAID-Priya Iyer-MICR,0.0,0.0,0.0
11471507452,UNITY NATIONAL BANK,21/02/2024,NEFT-111120226797-CYBERCRAFT SYSTEMS,0.0,0.0,0.0
11471507452,UNITY NATIONAL BANK,21/02/2024,CLG-CODEBASE SOLUTIONS,0.0,0.0,0.0
11471507452,UNITY NATIONAL BANK,21/02/2024,NEFT-483160277804-LIFELINE PHARMACEUTICAL,0.0,0.0,0.0
11471507452,UNITY NATIONAL BANK,22/02/2024,CLG-INVESTMENT SERVICES INDIA,0.0,0.0,0.0
11471507452,UNITY NATIONAL BANK,22/02/2024,CLG-CARGO SOLUTIONS LTD,0.0,0.0,0.0
11471507452,UNITY NATIONAL BANK,22/02/2024,CASH DEPOSIT-Ganesh Menon,0.0,0.0,0.0
11471507452,UNITY NATIONAL BANK,23/02/2024,IMPS-749078782969-NETPULSE SYSTEMS,0.0,0.0,0.0
11471507452,UNITY NATIONAL BANK,23/02/2024,IMPS-602847365344-URBAN ESTATES INDIA,0.0,0.0,0.0
11471507452,UNITY NATIONAL BANK,24/02/2024,CHQ PAID-Priya Pillai-MICR,0.0,0.0,0.0
11471507452,UNITY NATIONAL BANK,24/02/2024,NEFT-705230984147-HEALTHPLUS PHARMA LTD,0.0,0.0,0.0
11471507452,UNITY NATIONAL BANK,24/02/2024,NEFT-384544454235-LOAN DISBURSEMENT-AUTOMOTIVE PARTS CORP,0.0,0.0,0.0
11471507452,UNITY NATIONAL BANK,26/02/2024,IMPS-813741905343-Ganesh Rao,0.0,0.0,0.0
11471507452,UNITY NATIONAL BANK,26/02/2024,CLG-EXPRESS LOGISTICS INDIA,0.0,0.0,0.0
11471507452,UNITY NATIONAL BANK,26/02/2024,CLG-INVESTMENT SERVICES INDIA,0.0,0.0,0.0
11471507452,UNITY NATIONAL BANK,27/02/2024,UPI/CR/657150789611/Ramesh Pillai/9240232733@pay,0.0,0.0,0.0
11471507452,UNITY NATIONAL BANK,28/02/2024,RTGS-ICICR617704283502-EXPRESS LOGISTICS INDIA,0.0,0.0,0.0
11471507452,UNITY NATIONAL BANK,28/02/2024,Service Charges-Cheque Book Charges,0.0,0.0,0.0
11471507452,UNITY NATIONAL BANK,28/02/2024,Service Charges-Account Maintenance,0.0,0.0,0.0
11471507452,UNITY NATIONAL BANK,29/02/2024,IMPS-580295836185-Srinivas Krishnan,0.0,0.0,0.0
11471507452,UNITY NATIONAL BANK,29/02/2024,IMPS-365872896666-Ganesh Krishnan,0.0,0.0,0.0
11471507452,UNITY NATIONAL BANK,02/03/2024,CASH WITHDRAWAL-Ramesh Menon,0.0,0.0,0.0
11471507452,UNITY NATIONAL BANK,04/03/2024,NEFT-297339827316-LOAN DISBURSEMENT-PRECISION ENGINEERING WORKS,0.0,0.0,0.0
11471507452,UNITY NATIONAL BANK,04/03/2024,CHQ PAID-Lakshmi Murthy-MICR,0.0,0.0,0.0
11471507452,UNITY NATIONAL BANK,04/03/2024,NEFT-735017003666-FINANCE SOLUTIONS INDIA,0.0,0.0,0.0
11471507452,UNITY NATIONAL BANK,04/03/2024,ATM WDL-81576,0.0,0.0,0.0
11471507452,UNITY NATIONAL BANK,05/03/2024,CASH DEPOSIT-Srinivas Krishnan,0.0,0.0,0.0
11471507452,UNITY NATIONAL BANK,06/03/2024,CLG-WEBSTREAM LIMITED,0.0,0.0,0.0
11471507452,UNITY NATIONAL BANK,07/03/2024,NEFT-790266132833-Lakshmi Menon,0.0,0.0,0.0
11471507452,UNITY NATIONAL BANK,11/03/2024,UPI/CR/190957505478/Srinivas Iyer/7259159809@pay,0.0,0.0,0.0
11471507452,UNITY NATIONAL BANK,11/03/2024,IMPS-925754371294-FINANCE SOLUTIONS INDIA,0.0,0.0,0.0
11471507452,UNITY NATIONAL BANK,11/03/2024,FAILED-INSUFFICIENT FUNDS-RTGS-ICICR756217460443-Anitha Pillai,0.0,0.0,0.0
11471507452,UNITY NATIONAL BANK,12/03/2024,UPI/DR/570926445786/Subramaniam Krishnan/9684913419@pay,0.0,0.0,0.0
11471507452,UNITY NATIONAL BANK,12/03/2024,IMPS-894646727166-Priya Naidu,0.0,0.0,0.0
11471507452,UNITY NATIONAL BANK,13/03/2024,CASH WITHDRAWAL-Ganesh Naidu,0.0,0.0,0.0
11471507452,UNITY NATIONAL BANK,14/03/2024,UPI/CR/961977996562/Ganesh Pillai/8284968620@pay,0.0,0.0,0.0
11471507452,UNITY NATIONAL BANK,14/03/2024,IMPS-908656531270-Anitha Menon,0.0,0.0,0.0
11471507452,UNITY NATIONAL BANK,15/03/2024,IMPS-806268352541-Priya Iyer,0.0,0.0,0.0
11471507452,UNITY NATIONAL BANK,15/03/2024,CASH DEPOSIT-Kavitha Menon,0.0,0.0,0.0
11471507452,UNITY NATIONAL BANK,15/03/2024,IMPS-425105309977-Venkatesh Pillai,0.0,0.0,0.0
11471507452,UNITY NATIONAL BANK,16/03/2024,ATM WDL-20946,0.0,0.0,0.0
11471507452,UNITY NATIONAL BANK,18/03/2024,RTGS-ICICR900313567198-FOOD INDUSTRIES CORP,0.0,0.0,0.0
11471507452,UNITY NATIONAL BANK,19/03/2024,UPI/DR/456887453135/Lakshmi Naidu/6001507504@pay,0.0,0.0,0.0
11471507452,UNITY NATIONAL BANK,19/03/2024,UPI/DR/764561733416/Priya Pillai/6397338104@pay,0.0,0.0,0.0
11471507452,UNITY NATIONAL BANK,20/03/2024,SERVICE CHARGES-Cheque Book Charges,0.0,0.0,0.0
11471507452,UNITY NATIONAL BANK,20/03/2024,NEFT Dr-881993800943-GST PAYMENT-GSTIN 31D8754,0.0,0.0,0.0
11471507452,UNITY NATIONAL BANK,21/03/2024,IMPS-674855446962-Karthik Iyer,0.0,0.0,0.0
11471507452,UNITY NATIONAL BANK,21/03/2024,NEFT-858223419567-Lakshmi Pillai,0.0,0.0,0.0
11471507452,UNITY NATIONAL BANK,21/03/2024,FAILED-INSUFFICIENT FUNDS-ATM WDL-91915,0.0,0.0,0.0
11471507452,UNITY NATIONAL BANK,23/03/2024,NEFT-238117426813-CAPITAL VENTURES INDIA,0.0,0.0,0.0
11471507452,UNITY NATIONAL BANK,23/03/2024,CASH DEPOSIT-Kavitha Nair,0.0,0.0,0.0
11471507452,UNITY NATIONAL BANK,23/03/2024,ATM WDL-92975,0.0,0.0,0.0
11471507452,UNITY NATIONAL BANK,23/03/2024,UPI/DR/787616336412/Priya Rao/6665468000@pay,0.0,0.0,0.0
11471507452,UNITY NATIONAL BANK,23/03/2024,IMPS-313688239313-CODEBASE SOLUTIONS,0.0,0.0,0.0
11471507452,UNITY NATIONAL BANK,26/03/2024,UPI/CR/404717533779/Karthik Pillai/6458778427@pay,0.0,0.0,0.0
11471507452,UNITY NATIONAL BANK,27/03/2024,CHQ PAID-Ganesh Krishnan-MICR,0.0,0.0,0.0
11471507452,UNITY NATIONAL BANK,27/03/2024,NEFT-916297268498-Ramesh Nair,0.0,0.0,0.0
11471507452,UNITY NATIONAL BANK,28/03/2024,IMPS-171021621685-Subramaniam Rao,0.0,0.0,0.0
11471507452,UNITY NATIONAL BANK,28/03/2024,IMPS-402588877797-Ramesh Iyer,0.0,0.0,0.0
11471507452,UNITY NATIONAL BANK,28/03/2024,CASH WITHDRAWAL-Venkatesh Iyer,0.0,0.0,0.0
11471507452,UNITY NATIONAL BANK,28/03/2024,CHQ PAID-Lakshmi Krishnan-MICR,0.0,0.0,0.0
11471507452,UNITY NATIONAL BANK,28/03/2024,Service Charges-Statement Charges,0.0,0.0,0.0
11471507452,UNITY NATIONAL BANK,28/03/2024,Service Charges-Account Maintenance,0.0,0.0,0.0
11471507452,UNITY NATIONAL BANK,28/03/2024,Service Charges-Foreign Currency Markup,0.0,0.0,0.0
11471507452,UNITY NATIONAL BANK,30/03/2024,IMPS-141291287811-RETAIL SOLUTIONS INDIA,0.0,0.0,0.0
11471507452,UNITY NATIONAL BANK,30/03/2024,NEFT-309196627168-Ganesh Naidu,0.0,0.0,0.0
11471507452,UNITY NATIONAL BANK,30/03/2024,CASH WITHDRAWAL-Subramaniam Naidu,0.0,0.0,0.0
45433700303,PROSPERITY BANK LIMITED,02/01/2024,NEFT-509898207559-Venkatesh Nair,0.0,0.0,0.0
45433700303,PROSPERITY BANK LIMITED,03/01/2024,CLG-HEALTHCARE PRODUCTS LTD,0.0,0.0,0.0
45433700303,PROSPERITY BANK LIMITED,05/01/2024,NEFT Dr-601665589964-RENT PAYMENT-MONTHLY RENT,0.0,0.0,0.0
45433700303,PROSPERITY BANK LIMITED,05/01/2024,NEFT-597687878867-Karthik Krishnan,0.0,0.0,0.0
45433700303,PROSPERITY BANK LIMITED,06/01/2024,IMPS-991514143765-INFOCORE TECHNOLOGIES,0.0,0.0,0.0
45433700303,PROSPERITY BANK LIMITED,08/01/2024,NEFT-891083457986-APEX HEAVY INDUSTRIES,0.0,0.0,0.0
45433700303,PROSPERITY BANK LIMITED,08/01/2024,IMPS-178493449346-Lakshmi Rao,0.0,0.0,0.0
45433700303,PROSPERITY BANK LIMITED,08/01/2024,IMPS-647670849180-PREMIUM PROPERTIES LTD,0.0,0.0,0.0
45433700303,PROSPERITY BANK LIMITED,08/01/2024,CASH DEPOSIT-Ramesh Reddy,0.0,0.0,0.0
45433700303,PROSPERITY BANK LIMITED,09/01/2024,UPI/CR/350016790593/Ramesh Nair/7049116696@pay,0.0,0.0,0.0
45433700303,PROSPERITY BANK LIMITED,10/01/2024,NEFT-388227456772-Priya Reddy,0.0,0.0,0.0
45433700303,PROSPERITY BANK LIMITED,10/01/2024,UPI/CR/818381611366/Ganesh Naidu/7166684693@pay,0.0,0.0,0.0
45433700303,PROSPERITY BANK LIMITED,11/01/2024,NEFT-223015883842-Ramesh Iyer,0.0,0.0,0.0
45433700303,PROSPERITY BANK LIMITED,12/01/2024,CHQ PAID-Venkatesh Iyer-MICR,0.0,0.0,0.0
45433700303,PROSPERITY BANK LIMITED,13/01/2024,IMPS-959660550162-CONSUMER PRODUCTS INDIA,0.0,0.0,0.0
45433700303,PROSPERITY BANK LIMITED,15/01/2024,ATM WDL-65351,0.0,0.0,0.0
45433700303,PROSPERITY BANK LIMITED,15/01/2024,ATM WDL-83943,0.0,0.0,0.0
45433700303,PROSPERITY BANK LIMITED,15/01/2024,CLG-TECHVISION SYSTEMS,0.0,0.0,0.0
45433700303,PROSPERITY BANK LIMITED,16/01/2024,NEFT-423246159080-Anitha Murthy,0.0,0.0,0.0
45433700303,PROSPERITY BANK LIMITED,16/01/2024,UPI/CR/463349982790/Anitha Pillai/8526504898@pay,0.0,0.0,0.0
45433700303,PROSPERITY BANK LIMITED,16/01/2024,UPI/DR/330534018937/Lakshmi Iyer/7418774954@pay,0.0,0.0,0.0
45433700303,PROSPERITY BANK LIMITED,18/01/2024,CHQ PAID-Venkatesh Pillai-MICR,0.0,0.0,0.0
45433700303,PROSPERITY BANK LIMITED,19/01/2024,UPI/CR/663532540181/Ramesh Nair/6225480274@pay,0.0,0.0,0.0
45433700303,PROSPERITY BANK LIMITED,19/01/2024,IMPS-417484890551-RETAIL SOLUTIONS INDIA,0.0,0.0,0.0
45433700303,PROSPERITY BANK LIMITED,19/01/2024,UPI/DR/729960550312/Subramaniam Rao/8594976223@pay,0.0,0.0,0.0
45433700303,PROSPERITY BANK LIMITED,19/01/2024,UPI/CR/177411558415/Subramaniam Pillai/7605038917@pay,0.0,0.0,0.0
45433700303,PROSPERITY BANK LIMITED,20/01/2024,CHQ PAID-Ramesh Naidu-MICR,0.0,0.0,0.0
45433700303,PROSPERITY BANK LIMITED,20/01/2024,RTGS-ICICR950105347304-Karthik Murthy,0.0,0.0,0.0
45433700303,PROSPERITY BANK LIMITED,20/01/2024,NEFT Dr-289130906377-GST PAYMENT-GSTIN 90A5829,0.0,0.0,0.0
45433700303,PROSPERITY BANK LIMITED,20/01/2024,CASH DEPOSIT-Ganesh Menon,0.0,0.0,0.0
45433700303,PROSPERITY BANK LIMITED,22/01/2024,CASH DEPOSIT-Venkatesh Reddy,0.0,0.0,0.0
45433700303,PROSPERITY BANK LIMITED,22/01/2024,UPI/CR/970648744020/Ramesh Nair/8772430656@pay,0.0,0.0,0.0
45433700303,PROSPERITY BANK LIMITED,23/01/2024,NEFT-617915669126-SUPPLY CHAIN CORP,0.0,0.0,0.0
45433700303,PROSPERITY BANK LIMITED,23/01/2024,NEFT-492388419598-LOAN DISBURSEMENT-EXPRESS LOGISTICS INDIA,0.0,0.0,0.0
45433700303,PROSPERITY BANK LIMITED,23/01/2024,RTGS-ICICR823117336919-Lakshmi Menon,0.0,0.0,0.0
45433700303,PROSPERITY BANK LIMITED,24/01/2024,CLG-HIGHWAY DEVELOPERS INDIA,0.0,0.0,0.0
45433700303,PROSPERITY BANK LIMITED,24/01/2024,UPI/CR/770414453918/Subramaniam Reddy/6336677444@pay,0.0,0.0,0.0
45433700303,PROSPERITY BANK LIMITED,25/01/2024,IMPS-322936164748-URBAN ESTATES INDIA,0.0,0.0,0.0
45433700303,PROSPERITY BANK LIMITED,27/01/2024,NEFT-594164710130-COTTON MILLS CORP,0.0,0.0,0.0
45433700303,PROSPERITY BANK LIMITED,29/01/2024,CLG-SOFTWAVE TECHNOLOGIES,0.0,0.0,0.0
45433700303,PROSPERITY BANK LIMITED,29/01/2024,RTGS-ICICR450122106446-Anitha Murthy,0.0,0.0,0.0
45433700303,PROSPERITY BANK LIMITED,30/01/2024,IMPS-872168533682-INDUSTRIAL COMPONENTS INDIA,0.0,0.0,0.0
45433700303,PROSPERITY BANK LIMITED,30/01/2024,CLG-INVESTMENT SERVICES INDIA,0.0,0.0,0.0
45433700303,PROSPERITY BANK LIMITED,30/01/2024,NEFT-583551484475-DIGITAL SOLUTIONS INDIA,0.0,0.0,0.0
45433700303,PROSPERITY BANK LIMITED,31/01/2024,UPI/CR/853818888261/Ramesh Pillai/9866283338@pay,0.0,0.0,0.0
45433700303,PROSPERITY BANK LIMITED,01/02/2024,CASH DEPOSIT-Karthik Nair,0.0,0.0,0.0
45433700303,PROSPERITY BANK LIMITED,01/02/2024,NEFT-730344942834-GST PAYMENT-GSTIN,0.0,0.0,0.0
45433700303,PROSPERITY BANK LIMITED,01/02/2024,NEFT-389565966965-LIFELINE PHARMACEUTICAL,0.0,0.0,0.0
45433700303,PROSPERITY BANK LIMITED,02/02/2024,IMPS-924507319648-FOOD INDUSTRIES CORP,0.0,0.0,0.0
45433700303,PROSPERITY BANK LIMITED,02/02/2024,UPI/CR/431379032727/Anitha Krishnan/8426021905@pay,0.0,0.0,0.0
45433700303,PROSPERITY BANK LIMITED,03/02/2024,CLG-CYBERCRAFT SYSTEMS,0.0,0.0,0.0
45433700303,PROSPERITY BANK LIMITED,03/02/2024,CLG-EXPRESS LOGISTICS INDIA,0.0,0.0,0.0
45433700303,PROSPERITY BANK LIMITED,05/02/2024,FAILED-INSUFFICIENT FUNDS-SERVICE CHARGES-Demat Account AMC,0.0,0.0,0.0
45433700303,PROSPERITY BANK LIMITED,05/02/2024,NEFT-518318778793-FASHION TEXTILES LTD,0.0,0.0,0.0
45433700303,PROSPERITY BANK LIMITED,05/02/2024,NEFT Dr-418078404859-RENT PAYMENT-MONTHLY RENT,0.0,0.0,0.0
45433700303,PROSPERITY BANK LIMITED,05/02/2024,REVERSAL-UPI/CR/431379032727/Anitha Krishnan/8426021905@pay,0.0,0.0,0.0
45433700303,PROSPERITY BANK LIMITED,05/02/2024,NEFT-963739996452-Ramesh Krishnan,0.0,0.0,0.0
45433700303,PROSPERITY BANK LIMITED,06/02/2024,IMPS-939138568186-CLOUDTECH SERVICES,0.0,0.0,0.0
45433700303,PROSPERITY BANK LIMITED,06/02/2024,CHQ PAID-Venkatesh Menon-MICR,0.0,0.0,0.0
45433700303,PROSPERITY BANK LIMITED,06/02/2024,UPI/DR/550773082236/Priya Naidu/8953227230@pay,0.0,0.0,0.0
45433700303,PROSPERITY BANK LIMITED,07/02/2024,RTGS-ICICR796044304706-Lakshmi Krishnan,0.0,0.0,0.0
45433700303,PROSPERITY BANK LIMITED,07/02/2024,NEFT-707920675788-Kavitha Pillai,0.0,0.0,0.0
45433700303,PROSPERITY BANK LIMITED,08/02/2024,UPI/DR/138712397427/Venkatesh Reddy/8782565076@pay,0.0,0.0,0.0
45433700303,PROSPERITY BANK LIMITED,08/02/2024,Dividend Cr-INFOCORE TECHNOLOGIES-EQUITY SHARES,0.0,0.0,0.0
45433700303,PROSPERITY BANK LIMITED,08/02/2024,CHQ PAID-Ramesh Rao-MICR,0.0,0.0,0.0
45433700303,PROSPERITY BANK LIMITED,08/02/2024,CLG-URBAN CONSTRUCTIONS,0.0,0.0,0.0
45433700303,PROSPERITY BANK LIMITED,09/02/2024,UPI/CR/267417307077/Kavitha Murthy/8180831585@pay,0.0,0.0,0.0
45433700303,PROSPERITY BANK LIMITED,09/02/2024,CLG-URBAN CONSTRUCTIONS,0.0,0.0,0.0
45433700303,PROSPERITY BANK LIMITED,09/02/2024,NEFT-583228117873-CONSTRUCTION SOLUTIONS LTD,0.0,0.0,0.0
45433700303,PROSPERITY BANK LIMITED,09/02/2024,CASH DEPOSIT-Ramesh Rao,0.0,0.0,0.0
45433700303,PROSPERITY BANK LIMITED,10/02/2024,NEFT-176905759899-NETPULSE SYSTEMS,0.0,0.0,0.0
45433700303,PROSPERITY BANK LIMITED,10/02/2024,IMPS-509782214732-Srinivas Menon,0.0,0.0,0.0
45433700303,PROSPERITY BANK LIMITED,12/02/2024,CLG-DATABRIDGE INFOTECH,0.0,0.0,0.0
45433700303,PROSPERITY BANK LIMITED,12/02/2024,REVERSAL-NEFT-176905759899-NETPULSE SYSTEMS,0.0,0.0,0.0
45433700303,PROSPERITY BANK LIMITED,12/02/2024,NEFT-443877782150-FOOD INDUSTRIES CORP,0.0,0.0,0.0
45433700303,PROSPERITY BANK LIMITED,13/02/2024,NEFT-191520980915-AUTOMOTIVE PARTS CORP,0.0,0.0,0.0
45433700303,PROSPERITY BANK LIMITED,13/02/2024,NEFT-207783691492-PERSONAL CARE LTD,0.0,0.0,0.0
45433700303,PROSPERITY BANK LIMITED,13/02/2024,IMPS-600582335814-PREMIUM PROPERTIES LTD,0.0,0.0,0.0
45433700303,PROSPERITY BANK LIMITED,13/02/2024,CHQ PAID-Ramesh Krishnan-MICR,0.0,0.0,0.0
45433700303,PROSPERITY BANK LIMITED,15/02/2024,SERVICE CHARGES-Account Maintenance,0.0,0.0,0.0
45433700303,PROSPERITY BANK LIMITED,15/02/2024,CASH WITHDRAWAL-Anitha Pillai,0.0,0.0,0.0
45433700303,PROSPERITY BANK LIMITED,16/02/2024,CHQ PAID-Ganesh Murthy-MICR,0.0,0.0,0.0
45433700303,PROSPERITY BANK LIMITED,16/02/2024,IMPS-967249755412-MOTOR INDUSTRIES LTD,0.0,0.0,0.0
45433700303,PROSPERITY BANK LIMITED,17/02/2024,CLG-CLOUDTECH SERVICES,0.0,0.0,0.0
45433700303,PROSPERITY BANK LIMITED,17/02/2024,RTGS-ICICR453659043759-Srinivas Rao,0.0,0.0,0.0
45433700303,PROSPERITY BANK LIMITED,17/02/2024,CLG-RETAIL SOLUTIONS INDIA,0.0,0.0,0.0
45433700303,PROSPERITY BANK LIMITED,19/02/2024,CASH DEPOSIT-Srinivas Reddy,0.0,0.0,0.0
45433700303,PROSPERITY BANK LIMITED,20/02/2024,CASH DEPOSIT-Subramaniam Krishnan,0.0,0.0,0.0
45433700303,PROSPERITY BANK LIMITED,20/02/2024,NEFT Dr-725545944215-GST PAYMENT-GSTIN 11B2020,0.0,0.0,0.0
45433700303,PROSPERITY BANK LIMITED,21/02/2024,NEFT-681945069654-PREMIUM INFRASTRUCTURE,0.0,0.0,0.0
45433700303,PROSPERITY BANK LIMITED,21/02/2024,UPI/CR/108913650833/Srinivas Nair/6458589549@pay,0.0,0.0,0.0
45433700303,PROSPERITY BANK LIMITED,21/02/2024,IMPS-946252174178-Lakshmi Iyer,0.0,0.0,0.0
45433700303,PROSPERITY BANK LIMITED,22/02/2024,CASH DEPOSIT-Lakshmi Murthy,0.0,0.0,0.0
45433700303,PROSPERITY BANK LIMITED,22/02/2024,RTGS-ICICR655969520072-RETAIL SOLUTIONS INDIA,0.0,0.0,0.0
45433700303,PROSPERITY BANK LIMITED,22/02/2024,CHQ PAID-Lakshmi Rao-MICR,0.0,0.0,0.0
45433700303,PROSPERITY BANK LIMITED,23/02/2024,CASH WITHDRAWAL-Anitha Menon,0.0,0.0,0.0
45433700303,PROSPERITY BANK LIMITED,24/02/2024,RTGS-ICICR358810702568-Anitha Murthy,0.0,0.0,0.0
45433700303,PROSPERITY BANK LIMITED,24/02/2024,SERVICE CHARGES-NEFT/RTGS Charges,0.0,0.0,0.0
45433700303,PROSPERITY BANK LIMITED,24/02/2024,IMPS-540166309150-EXPRESS LOGISTICS INDIA,0.0,0.0,0.0
45433700303,PROSPERITY BANK LIMITED,26/02/2024,NEFT-816567063799-FASHION TEXTILES LTD,0.0,0.0,0.0
45433700303,PROSPERITY BANK LIMITED,26/02/2024,SERVICE CHARGES-Demat Account AMC,0.0,0.0,0.0
45433700303,PROSPERITY BANK LIMITED,26/02/2024,NEFT-971962231223-APEX HEAVY INDUSTRIES,0.0,0.0,0.0
45433700303,PROSPERITY BANK LIMITED,27/02/2024,CASH DEPOSIT-Ramesh Reddy,0.0,0.0,0.0
45433700303,PROSPERITY BANK LIMITED,27/02/2024,NEFT-532417811435-LIFELINE PHARMACEUTICAL,0.0,0.0,0.0
45433700303,PROSPERITY BANK LIMITED,27/02/2024,NEFT-684563582266-WELLNESS BRANDS INDIA,0.0,0.0,0.0
45433700303,PROSPERITY BANK LIMITED,28/02/2024,RTGS-ICICR627331014041-REALTY VENTURES LTD,0.0,0.0,0.0
45433700303,PROSPERITY BANK LIMITED,28/02/2024,IMPS-411017574242-Lakshmi Naidu,0.0,0.0,0.0
45433700303,PROSPERITY BANK LIMITED,28/02/2024,NEFT-878914678881-CONSTRUCTION SOLUTIONS LTD,0.0,0.0,0.0
45433700303,PROSPERITY BANK LIMITED,28/02/2024,Service Charges-Foreign Currency Markup,0.0,0.0,0.0
45433700303,PROSPERITY BANK LIMITED,28/02/2024,Service Charges-SMS Alert Charges,0.0,0.0,0.0
45433700303,PROSPERITY BANK LIMITED,01/03/2024,CLG-THERMAL SYSTEMS LTD,0.0,0.0,0.0
45433700303,PROSPERITY BANK LIMITED,01/03/2024,RTGS-ICICR816591469256-Kavitha Krishnan,0.0,0.0,0.0
45433700303,PROSPERITY BANK LIMITED,01/03/2024,CASH WITHDRAWAL-Ganesh Murthy,0.0,0.0,0.0
45433700303,PROSPERITY BANK LIMITED,02/03/2024,CASH WITHDRAWAL-Lakshmi Murthy,0.0,0.0,0.0
45433700303,PROSPERITY BANK LIMITED,04/03/2024,CHQ PAID-Ramesh Menon-MICR,0.0,0.0,0.0
45433700303,PROSPERITY BANK LIMITED,04/03/2024,CASH WITHDRAWAL-Ramesh Iyer,0.0,0.0,0.0
45433700303,PROSPERITY BANK LIMITED,05/03/2024,SERVICE CHARGES-Cheque Book Charges,0.0,0.0,0.0
45433700303,PROSPERITY BANK LIMITED,05/03/2024,NEFT Dr-715554979775-RENT PAYMENT-MONTHLY RENT,0.0,0.0,0.0
45433700303,PROSPERITY BANK LIMITED,05/03/2024,NEFT-704015962232-GST PAYMENT-GSTIN,0.0,0.0,0.0
45433700303,PROSPERITY BANK LIMITED,05/03/2024,UPI/CR/213040730285/Subramaniam Nair/7805356464@pay,0.0,0.0,0.0
45433700303,PROSPERITY BANK LIMITED,05/03/2024,NEFT-523396364884-PREMIUM PROPERTIES LTD,0.0,0.0,0.0
45433700303,PROSPERITY BANK LIMITED,06/03/2024,RTGS-ICICR794423090654-Priya Pillai,0.0,0.0,0.0
45433700303,PROSPERITY BANK LIMITED,07/03/2024,CASH DEPOSIT-Ganesh Rao,0.0,0.0,0.0
45433700303,PROSPERITY BANK LIMITED,09/03/2024,NEFT-675182907202-COTTON MILLS CORP,0.0,0.0,0.0
45433700303,PROSPERITY BANK LIMITED,11/03/2024,NEFT-423279596937-DATABRIDGE INFOTECH,0.0,0.0,0.0
45433700303,PROSPERITY BANK LIMITED,12/03/2024,NEFT-907419533695-FINANCE SOLUTIONS INDIA,0.0,0.0,0.0
45433700303,PROSPERITY BANK LIMITED,13/03/2024,RTGS-ICICR983549208465-GATEWAY PROJECTS LTD,0.0,0.0,0.0
45433700303,PROSPERITY BANK LIMITED,13/03/2024,CASH DEPOSIT-Priya Naidu,0.0,0.0,0.0
45433700303,PROSPERITY BANK LIMITED,14/03/2024,ATM WDL-69235,0.0,0.0,0.0
45433700303,PROSPERITY BANK LIMITED,14/03/2024,RTGS-ICICR502268442053-Subramaniam Iyer,0.0,0.0,0.0
45433700303,PROSPERITY BANK LIMITED,15/03/2024,IMPS-949908530231-FOOD INDUSTRIES CORP,0.0,0.0,0.0
45433700303,PROSPERITY BANK LIMITED,15/03/2024,Dividend Cr-HIGHWAY DEVELOPERS INDIA-EQUITY SHARES,0.0,0.0,0.0
45433700303,PROSPERITY BANK LIMITED,15/03/2024,IMPS-264979074634-SUPPLY CHAIN CORP,0.0,0.0,0.0
45433700303,PROSPERITY BANK LIMITED,16/03/2024,NEFT-190074466378-CONSUMER PRODUCTS INDIA,0.0,0.0,0.0
45433700303,PROSPERITY BANK LIMITED,16/03/2024,RTGS-ICICR650614014484-DATABRIDGE INFOTECH,0.0,0.0,0.0
45433700303,PROSPERITY BANK LIMITED,16/03/2024,NEFT-594797382043-MEDCARE LABORATORIES,0.0,0.0,0.0
45433700303,PROSPERITY BANK LIMITED,16/03/2024,NEFT-344500842160-Subramaniam Menon,0.0,0.0,0.0
45433700303,PROSPERITY BANK LIMITED,16/03/2024,CLG-NETPULSE SYSTEMS,0.0,0.0,0.0
45433700303,PROSPERITY BANK LIMITED,18/03/2024,NEFT-988631501576-CLOUDTECH SERVICES,0.0,0.0,0.0
45433700303,PROSPERITY BANK LIMITED,19/03/2024,CASH DEPOSIT-Lakshmi Naidu,0.0,0.0,0.0
45433700303,PROSPERITY BANK LIMITED,19/03/2024,RTGS-ICICR550658275177-MOTOR INDUSTRIES LTD,0.0,0.0,0.0
45433700303,PROSPERITY BANK LIMITED,20/03/2024,NEFT Dr-364071098538-GST PAYMENT-GSTIN 30B9781,0.0,0.0,0.0
45433700303,PROSPERITY BANK LIMITED,21/03/2024,CLG-PREMIUM INFRASTRUCTURE,0.0,0.0,0.0
45433700303,PROSPERITY BANK LIMITED,21/03/2024,IMPS-896853052800-PRECISION ENGINEERING WORKS,0.0,0.0,0.0
45433700303,PROSPERITY BANK LIMITED,21/03/2024,UPI/CR/154122378384/Ganesh Iyer/7845755763@pay,0.0,0.0,0.0
45433700303,PROSPERITY BANK LIMITED,21/03/2024,NEFT-573162436319-Karthik Rao,0.0,0.0,0.0
45433700303,PROSPERITY BANK LIMITED,22/03/2024,CHQ PAID-Anitha Rao-MICR,0.0,0.0,0.0
45433700303,PROSPERITY BANK LIMITED,23/03/2024,RTGS-ICICR971354236485-CARGO SOLUTIONS LTD,0.0,0.0,0.0
45433700303,PROSPERITY BANK LIMITED,23/03/2024,SERVICE CHARGES-Foreign Currency Markup,0.0,0.0,0.0
45433700303,PROSPERITY BANK LIMITED,26/03/2024,RTGS-ICICR643496040318-APEX HEAVY INDUSTRIES,0.0,0.0,0.0
45433700303,PROSPERITY BANK LIMITED,26/03/2024,CHQ PAID-Priya Krishnan-MICR,0.0,0.0,0.0
45433700303,PROSPERITY BANK LIMITED,26/03/2024,NEFT-753479667626-LOAN DISBURSEMENT-AUTOMOTIVE PARTS CORP,0.0,0.0,0.0
45433700303,PROSPERITY BANK LIMITED,27/03/2024,CHQ PAID-Kavitha Iyer-MICR,0.0,0.0,0.0
45433700303,PROSPERITY BANK LIMITED,27/03/2024,CASH WITHDRAWAL-Ramesh Rao,0.0,0.0,0.0
45433700303,PROSPERITY BANK LIMITED,28/03/2024,UPI/CR/766157646790/Venkatesh Naidu/9043719847@pay,0.0,0.0,0.0
45433700303,PROSPERITY BANK LIMITED,28/03/2024,CASH DEPOSIT-Lakshmi Pillai,0.0,0.0,0.0
45433700303,PROSPERITY BANK LIMITED,28/03/2024,ATM WDL-50245,0.0,0.0,0.0
45433700303,PROSPERITY BANK LIMITED,28/03/2024,Service Charges-SMS Alert Charges,0.0,0.0,0.0
45433700303,PROSPERITY BANK LIMITED,28/03/2024,Service Charges-Cheque Book Charges,0.0,0.0,0.0
45433700303,PROSPERITY BANK LIMITED,30/03/2024,IMPS-623574490014-Kavitha Menon,0.0,0.0,0.0
45433700303,PROSPERITY BANK LIMITED,30/03/2024,CLG-CONSUMER PRODUCTS INDIA,0.0,0.0,0.0
45433700303,PROSPERITY BANK LIMITED,30/03/2024,NEFT-552295136553-Kavitha Naidu,0.0,0.0,0.0
45433700303,PROSPERITY BANK LIMITED,30/03/2024,NEFT-459146961363-Ganesh Naidu,0.0,0.0,0.0
55968639138,HERITAGE BANK LIMITED,01/01/2024,UPI/CR/103383696421/Sourav Dutta/8101746693@pay,0.0,0.0,0.0
55968639138,HERITAGE BANK LIMITED,01/01/2024,UPI/CR/474471046027/Moumita Bose/6797839902@pay,0.0,0.0,0.0
55968639138,HERITAGE BANK LIMITED,03/01/2024,RTGS-ICICR782509272465-WELLNESS BRANDS INDIA,0.0,0.0,0.0
55968639138,HERITAGE BANK LIMITED,04/01/2024,UPI/DR/170460614509/Arpita Bose/7367404814@pay,0.0,0.0,0.0
55968639138,HERITAGE BANK LIMITED,04/01/2024,UPI/DR/440013180266/Arpita Banerjee/8120820235@pay,0.0,0.0,0.0
55968639138,HERITAGE BANK LIMITED,05/01/2024,SERVICE CHARGES-Foreign Currency Markup,0.0,0.0,0.0
55968639138,HERITAGE BANK LIMITED,05/01/2024,RTGS-ICICR188182838129-Amit Das,0.0,0.0,0.0
55968639138,HERITAGE BANK LIMITED,05/01/2024,FAILED-INSUFFICIENT FUNDS-UPI/DR/224214990385/Sreya Bose/6463355700@pay,0.0,0.0,0.0
55968639138,HERITAGE BANK LIMITED,05/01/2024,NEFT-842593762557-Sreya Bose,0.0,0.0,0.0
55968639138,HERITAGE BANK LIMITED,06/01/2024,IMPS-828225147085-Amit Dutta,0.0,0.0,0.0
55968639138,HERITAGE BANK LIMITED,06/01/2024,UPI/CR/660005358006/Moumita Das/6632921257@pay,0.0,0.0,0.0
55968639138,HERITAGE BANK LIMITED,08/01/2024,CASH WITHDRAWAL-Moumita Das,0.0,0.0,0.0
55968639138,HERITAGE BANK LIMITED,09/01/2024,UPI/CR/128893421874/Sreya Chatterjee/9736569699@pay,0.0,0.0,0.0
55968639138,HERITAGE BANK LIMITED,09/01/2024,IMPS-520654178307-GATEWAY PROJECTS LTD,0.0,0.0,0.0
55968639138,HERITAGE BANK LIMITED,10/01/2024,CLG-AUTOMOTIVE PARTS CORP,0.0,0.0,0.0
55968639138,HERITAGE BANK LIMITED,10/01/2024,CLG-TECHVISION SYSTEMS,0.0,0.0,0.0
55968639138,HERITAGE BANK LIMITED,10/01/2024,UPI/CR/351755397345/Arpita Dutta/9515805578@pay,0.0,0.0,0.0
55968639138,HERITAGE BANK LIMITED,11/01/2024,NEFT-278752064976-CONSTRUCTION SOLUTIONS LTD,0.0,0.0,0.0
55968639138,HERITAGE BANK LIMITED,11/01/2024,CASH WITHDRAWAL-Arpita Chatterjee,0.0,0.0,0.0
55968639138,HERITAGE BANK LIMITED,12/01/2024,CHQ PAID-Arpita Dutta-MICR,0.0,0.0,0.0
55968639138,HERITAGE BANK LIMITED,12/01/2024,UPI/CR/183535331292/Moumita Banerjee/9571902167@pay,0.0,0.0,0.0
55968639138,HERITAGE BANK LIMITED,13/01/2024,CLG-PRECISION ENGINEERING WORKS,0.0,0.0,0.0
55968639138,HERITAGE BANK LIMITED,15/01/2024,ATM WDL-87991,0.0,0.0,0.0
55968639138,HERITAGE BANK LIMITED,15/01/2024,CASH DEPOSIT-Sujit Sen,0.0,0.0,0.0
55968639138,HERITAGE BANK LIMITED,16/01/2024,CHQ PAID-Sreya Chatterjee-MICR,0.0,0.0,0.0
55968639138,HERITAGE BANK LIMITED,17/01/2024,UPI/CR/533408870996/Debashis Dutta/6233745982@pay,0.0,0.0,0.0
55968639138,HERITAGE BANK LIMITED,17/01/2024,IMPS-596460256409-Biplab Sen,0.0,0.0,0.0
55968639138,HERITAGE BANK LIMITED,19/01/2024,NEFT-244448239123-APEX HEAVY INDUSTRIES,0.0,0.0,0.0
55968639138,HERITAGE BANK LIMITED,19/01/2024,IMPS-220233185050-Sourav Das,0.0,0.0,0.0
55968639138,HERITAGE BANK LIMITED,20/01/2024,UPI/CR/129521987172/Sourav Banerjee/9650312830@pay,0.0,0.0,0.0
55968639138,HERITAGE BANK LIMITED,20/01/2024,RTGS-ICICR437162490211-Amit Das,0.0,0.0,0.0
55968639138,HERITAGE BANK LIMITED,20/01/2024,NEFT Dr-553211868991-GST PAYMENT-GSTIN 36B1681,0.0,0.0,0.0
55968639138,HERITAGE BANK LIMITED,22/01/2024,NEFT-466053878506-METROPOLITAN BUILDERS,0.0,0.0,0.0
55968639138,HERITAGE BANK LIMITED,23/01/2024,NEFT-711036088836-Arpita Mukherjee,0.0,0.0,0.0
55968639138,HERITAGE BANK LIMITED,23/01/2024,UPI/CR/564310098883/Sujit Chatterjee/9635575842@pay,0.0,0.0,0.0
55968639138,HERITAGE BANK LIMITED,23/01/2024,UPI/DR/957533362585/Arpita Banerjee/7862274601@pay,0.0,0.0,0.0
55968639138,HERITAGE BANK LIMITED,23/01/2024,NEFT-288264972303-Moumita Ghosh,0.0,0.0,0.0
55968639138,HERITAGE BANK LIMITED,23/01/2024,RTGS-ICICR944519697425-PREMIUM INFRASTRUCTURE,0.0,0.0,0.0
55968639138,HERITAGE BANK LIMITED,24/01/2024,IMPS-711514653353-DAILY NEEDS LIMITED,0.0,0.0,0.0
55968639138,HERITAGE BANK LIMITED,25/01/2024,CLG-HOUSING DEVELOPERS CORP,0.0,0.0,0.0
55968639138,HERITAGE BANK LIMITED,25/01/2024,NEFT-220555099947-Sujit Das,0.0,0.0,0.0
55968639138,HERITAGE BANK LIMITED,27/01/2024,IMPS-830213185797-Biplab Sen,0.0,0.0,0.0
55968639138,HERITAGE BANK LIMITED,29/01/2024,SERVICE CHARGES-Demat Account AMC,0.0,0.0,0.0
55968639138,HERITAGE BANK LIMITED,29/01/2024,NEFT-471762926608-Sourav Das,0.0,0.0,0.0
55968639138,HERITAGE BANK LIMITED,29/01/2024,CHQ PAID-Debashis Das-MICR,0.0,0.0,0.0
55968639138,HERITAGE BANK LIMITED,30/01/2024,NEFT-723595075317-Debashis Banerjee,0.0,0.0,0.0
55968639138,HERITAGE BANK LIMITED,30/01/2024,UPI/CR/676360788091/Moumita Bose/8730880627@pay,0.0,0.0,0.0
55968639138,HERITAGE BANK LIMITED,30/01/2024,CLG-THERMAL SYSTEMS LTD,0.0,0.0,0.0
55968639138,HERITAGE BANK LIMITED,30/01/2024,IMPS-613286956545-Sourav Ghosh,0.0,0.0,0.0
55968639138,HERITAGE BANK LIMITED,31/01/2024,ATM WDL-49524,0.0,0.0,0.0
55968639138,HERITAGE BANK LIMITED,31/01/2024,IMPS-319906233596-Amit Dutta,0.0,0.0,0.0
55968639138,HERITAGE BANK LIMITED,01/02/2024,CASH DEPOSIT-Amit Dutta,0.0,0.0,0.0
55968639138,HERITAGE BANK LIMITED,01/02/2024,NEFT-718826550134-Sujit Dutta,0.0,0.0,0.0
55968639138,HERITAGE BANK LIMITED,01/02/2024,RTGS-ICICR931281119860-INFOCORE TECHNOLOGIES,0.0,0.0,0.0
55968639138,HERITAGE BANK LIMITED,02/02/2024,RTGS-ICICR480083469103-REALTY VENTURES LTD,0.0,0.0,0.0
55968639138,HERITAGE BANK LIMITED,02/02/2024,NEFT-186528926412-REALTY VENTURES LTD,0.0,0.0,0.0
55968639138,HERITAGE BANK LIMITED,02/02/2024,SERVICE CHARGES-Demat Account AMC,0.0,0.0,0.0
55968639138,HERITAGE BANK LIMITED,03/02/2024,NEFT-542033191708-Sujit Das,0.0,0.0,0.0
55968639138,HERITAGE BANK LIMITED,05/02/2024,CHQ PAID-Sreya Sen-MICR,0.0,0.0,0.0
55968639138,HERITAGE BANK LIMITED,05/02/2024,NEFT-711333102369-CREDIT SERVICES LTD,0.0,0.0,0.0
55968639138,HERITAGE BANK LIMITED,06/02/2024,RTGS-ICICR716197379306-Sujit Mukherjee,0.0,0.0,0.0
55968639138,HERITAGE BANK LIMITED,07/02/2024,IMPS-644927095371-MEDCARE LABORATORIES,0.0,0.0,0.0
55968639138,HERITAGE BANK LIMITED,08/02/2024,CHQ PAID-Debashis Sen-MICR,0.0,0.0,0.0
55968639138,HERITAGE BANK LIMITED,08/02/2024,CLG-SOFTWAVE TECHNOLOGIES,0.0,0.0,0.0
55968639138,HERITAGE BANK LIMITED,09/02/2024,FAILED-INSUFFICIENT FUNDS-IMPS-626939822379-Biplab Dutta,0.0,0.0,0.0
55968639138,HERITAGE BANK LIMITED,10/02/2024,CLG-FASHION TEXTILES LTD,0.0,0.0,0.0
55968639138,HERITAGE BANK LIMITED,10/02/2024,UPI/CR/450268592500/Debashis Dutta/8212533814@pay,0.0,0.0,0.0
55968639138,HERITAGE BANK LIMITED,10/02/2024,UPI/CR/698447250281/Sujit Ghosh/7507576853@pay,0.0,0.0,0.0
55968639138,HERITAGE BANK LIMITED,10/02/2024,IMPS-348944464118-DIGITAL SOLUTIONS INDIA,0.0,0.0,0.0
55968639138,HERITAGE BANK LIMITED,12/02/2024,RTGS-ICICR393604575184-PERSONAL CARE LTD,0.0,0.0,0.0
55968639138,HERITAGE BANK LIMITED,13/02/2024,CLG-MEDCARE LABORATORIES,0.0,0.0,0.0
55968639138,HERITAGE BANK LIMITED,14/02/2024,NEFT-507017891322-Sourav Banerjee,0.0,0.0,0.0
55968639138,HERITAGE BANK LIMITED,14/02/2024,UPI/CR/134340827822/Arpita Ghosh/8895167010@pay,0.0,0.0,0.0
55968639138,HERITAGE BANK LIMITED,14/02/2024,ATM WDL-88313,0.0,0.0,0.0
55968639138,HERITAGE BANK LIMITED,15/02/2024,NEFT-401829098757-Sreya Das,0.0,0.0,0.0
55968639138,HERITAGE BANK LIMITED,15/02/2024,IMPS-914817801579-FASHION TEXTILES LTD,0.0,0.0,0.0
55968639138,HERITAGE BANK LIMITED,16/02/2024,CASH WITHDRAWAL-Biplab Ghosh,0.0,0.0,0.0
55968639138,HERITAGE BANK LIMITED,16/02/2024,CHQ PAID-Moumita Banerjee-MICR,0.0,0.0,0.0
55968639138,HERITAGE BANK LIMITED,16/02/2024,FAILED-INSUFFICIENT FUNDS-CHQ PAID-Arpita Banerjee-MICR,0.0,0.0,0.0
55968639138,HERITAGE BANK LIMITED,16/02/2024,NEFT-548521053830-MOTOR INDUSTRIES LTD,0.0,0.0,0.0
55968639138,HERITAGE BANK LIMITED,16/02/2024,NEFT-231583540225-SUPPLY CHAIN CORP,0.0,0.0,0.0
55968639138,HERITAGE BANK LIMITED,17/02/2024,Service Charges-Cheque Bounce Charge-513683,0.0,0.0,0.0
55968639138,HERITAGE BANK LIMITED,19/02/2024,CASH WITHDRAWAL-Amit Dutta,0.0,0.0,0.0
55968639138,HERITAGE BANK LIMITED,19/02/2024,NEFT-721370028774-DIGITAL SOLUTIONS INDIA,0.0,0.0,0.0
55968639138,HERITAGE BANK LIMITED,19/02/2024,NEFT-191541844458-Arpita Banerjee,0.0,0.0,0.0
55968639138,HERITAGE BANK LIMITED,20/02/2024,UPI/CR/201697392148/Sreya Banerjee/8157431081@pay,0.0,0.0,0.0
55968639138,HERITAGE BANK LIMITED,20/02/2024,RTGS-ICICR346124183307-Debashis Das,0.0,0.0,0.0
55968639138,HERITAGE BANK LIMITED,20/02/2024,NEFT Dr-774499559901-GST PAYMENT-GSTIN 89B2356,0.0,0.0,0.0
55968639138,HERITAGE BANK LIMITED,21/02/2024,CASH WITHDRAWAL-Sourav Banerjee,0.0,0.0,0.0
55968639138,HERITAGE BANK LIMITED,22/02/2024,CASH WITHDRAWAL-Amit Ghosh,0.0,0.0,0.0
55968639138,HERITAGE BANK LIMITED,22/02/2024,NEFT-875966692046-Sourav Chatterjee,0.0,0.0,0.0
55968639138,HERITAGE BANK LIMITED,23/02/2024,IMPS-227947713262-Moumita Sen,0.0,0.0,0.0
55968639138,HERITAGE BANK LIMITED,23/02/2024,UPI/DR/161440645731/Sourav Das/9473324268@pay,0.0,0.0,0.0
55968639138,HERITAGE BANK LIMITED,23/02/2024,NEFT-633506269503-CAPITAL VENTURES INDIA,0.0,0.0,0.0
55968639138,HERITAGE BANK LIMITED,24/02/2024,CLG-WELLNESS BRANDS INDIA,0.0,0.0,0.0
55968639138,HERITAGE BANK LIMITED,24/02/2024,RTGS-ICICR971471370309-REALTY VENTURES LTD,0.0,0.0,0.0
55968639138,HERITAGE BANK LIMITED,24/02/2024,IMPS-735506311610-Sujit Mukherjee,0.0,0.0,0.0
55968639138,HERITAGE BANK LIMITED,26/02/2024,UPI/CR/657298351069/Arpita Bose/9056778929@pay,0.0,0.0,0.0
55968639138,HERITAGE BANK LIMITED,26/02/2024,REVERSAL-CLG-WELLNESS BRANDS INDIA,0.0,0.0,0.0
55968639138,HERITAGE BANK LIMITED,26/02/2024,ATM WDL-78457,0.0,0.0,0.0
55968639138,HERITAGE BANK LIMITED,27/02/2024,UPI/DR/610498747349/Debashis Ghosh/7778033604@pay,0.0,0.0,0.0
55968639138,HERITAGE BANK LIMITED,28/02/2024,CASH WITHDRAWAL-Debashis Ghosh,0.0,0.0,0.0
55968639138,HERITAGE BANK LIMITED,28/02/2024,CASH WITHDRAWAL-Sourav Sen,0.0,0.0,0.0
55968639138,HERITAGE BANK LIMITED,28/02/2024,NEFT-891564392536-Biplab Das,0.0,0.0,0.0
55968639138,HERITAGE BANK LIMITED,28/02/2024,Service Charges-Online Banking Charges,0.0,0.0,0.0
55968639138,HERITAGE BANK LIMITED,29/02/2024,ATM WDL-33578,0.0,0.0,0.0
55968639138,HERITAGE BANK LIMITED,29/02/2024,NEFT-719839982124-Biplab Ghosh,0.0,0.0,0.0
55968639138,HERITAGE BANK LIMITED,01/03/2024,NEFT-357299603456-Sujit Bose,0.0,0.0,0.0
55968639138,HERITAGE BANK LIMITED,01/03/2024,CHQ PAID-Debashis Sen-MICR,0.0,0.0,0.0
55968639138,HERITAGE BANK LIMITED,01/03/2024,NEFT-967142252920-INVESTMENT SERVICES INDIA,0.0,0.0,0.0
55968639138,HERITAGE BANK LIMITED,01/03/2024,CASH DEPOSIT-Sourav Banerjee,0.0,0.0,0.0
55968639138,HERITAGE BANK LIMITED,01/03/2024,CHQ PAID-Amit Bose-MICR,0.0,0.0,0.0
55968639138,HERITAGE BANK LIMITED,01/03/2024,CHQ PAID-Sourav Dutta-MICR,0.0,0.0,0.0
55968639138,HERITAGE BANK LIMITED,02/03/2024,UPI/CR/115277370553/Sourav Dutta/6716906040@pay,0.0,0.0,0.0
55968639138,HERITAGE BANK LIMITED,02/03/2024,IMPS-118327525440-INVESTMENT SERVICES INDIA,0.0,0.0,0.0
55968639138,HERITAGE BANK LIMITED,02/03/2024,RTGS-ICICR322340237959-CLOUDTECH SERVICES,0.0,0.0,0.0
55968639138,HERITAGE BANK LIMITED,04/03/2024,UPI/CR/559447142508/Amit Chatterjee/7227870966@pay,0.0,0.0,0.0
55968639138,HERITAGE BANK LIMITED,04/03/2024,CASH WITHDRAWAL-Sourav Chatterjee,0.0,0.0,0.0
55968639138,HERITAGE BANK LIMITED,05/03/2024,NEFT-913792483564-Moumita Das,0.0,0.0,0.0
55968639138,HERITAGE BANK LIMITED,05/03/2024,IMPS-114425248791-HEALTHPLUS PHARMA LTD,0.0,0.0,0.0
55968639138,HERITAGE BANK LIMITED,05/03/2024,CHQ PAID-Debashis Dutta-MICR,0.0,0.0,0.0
55968639138,HERITAGE BANK LIMITED,06/03/2024,NEFT-257800215251-Debashis Mukherjee,0.0,0.0,0.0
55968639138,HERITAGE BANK LIMITED,06/03/2024,IMPS-173854246208-Moumita Dutta,0.0,0.0,0.0
55968639138,HERITAGE BANK LIMITED,06/03/2024,NEFT-884079872957-TECHVISION SYSTEMS,0.0,0.0,0.0
55968639138,HERITAGE BANK LIMITED,06/03/2024,RTGS-ICICR119053672973-Sujit Ghosh,0.0,0.0,0.0
55968639138,HERITAGE BANK LIMITED,07/03/2024,NEFT-145515927537-GST PAYMENT-GSTIN,0.0,0.0,0.0
55968639138,HERITAGE BANK LIMITED,07/03/2024,IMPS-213733949360-THERMAL SYSTEMS LTD,0.0,0.0,0.0
55968639138,HERITAGE BANK LIMITED,09/03/2024,NEFT-915794996020-PERSONAL CARE LTD,0.0,0.0,0.0
55968639138,HERITAGE BANK LIMITED,09/03/2024,UPI/CR/731101114236/Arpita Banerjee/9032909008@pay,0.0,0.0,0.0
55968639138,HERITAGE BANK LIMITED,11/03/2024,CASH WITHDRAWAL-Moumita Das,0.0,0.0,0.0
55968639138,HERITAGE BANK LIMITED,11/03/2024,ATM WDL-16130,0.0,0.0,0.0
55968639138,HERITAGE BANK LIMITED,15/03/2024,CHQ PAID-Sourav Das-MICR,0.0,0.0,0.0
55968639138,HERITAGE BANK LIMITED,15/03/2024,UPI/CR/680279823786/Biplab Sen/7048332573@pay,0.0,0.0,0.0
55968639138,HERITAGE BANK LIMITED,16/03/2024,UPI/DR/485339895128/Arpita Sen/8622403615@pay,0.0,0.0,0.0
55968639138,HERITAGE BANK LIMITED,18/03/2024,CLG-NETPULSE SYSTEMS,0.0,0.0,0.0
55968639138,HERITAGE BANK LIMITED,18/03/2024,ATM WDL-36484,0.0,0.0,0.0
55968639138,HERITAGE BANK LIMITED,19/03/2024,NEFT-745057978285-Sujit Mukherjee,0.0,0.0,0.0
55968639138,HERITAGE BANK LIMITED,20/03/2024,RTGS-ICICR268719067844-INDUSTRIAL COMPONENTS INDIA,0.0,0.0,0.0
55968639138,HERITAGE BANK LIMITED,20/03/2024,NEFT Dr-104100572806-GST PAYMENT-GSTIN 27C3214,0.0,0.0,0.0
55968639138,HERITAGE BANK LIMITED,20/03/2024,ATM WDL-94512,0.0,0.0,0.0
55968639138,HERITAGE BANK LIMITED,21/03/2024,CHQ PAID-Arpita Dutta-MICR,0.0,0.0,0.0
55968639138,HERITAGE BANK LIMITED,21/03/2024,NEFT-733715536636-PRECISION ENGINEERING WORKS,0.0,0.0,0.0
55968639138,HERITAGE BANK LIMITED,22/03/2024,CLG-FINANCE SOLUTIONS INDIA,0.0,0.0,0.0
55968639138,HERITAGE BANK LIMITED,22/03/2024,UPI/CR/940241571387/Amit Sen/7337823617@pay,0.0,0.0,0.0
55968639138,HERITAGE BANK LIMITED,22/03/2024,CASH WITHDRAWAL-Arpita Ghosh,0.0,0.0,0.0
55968639138,HERITAGE BANK LIMITED,23/03/2024,NEFT-260325074334-URBAN CONSTRUCTIONS,0.0,0.0,0.0
55968639138,HERITAGE BANK LIMITED,23/03/2024,CHQ PAID-Arpita Bose-MICR,0.0,0.0,0.0
55968639138,HERITAGE BANK LIMITED,26/03/2024,CHQ PAID-Debashis Banerjee-MICR,0.0,0.0,0.0
55968639138,HERITAGE BANK LIMITED,27/03/2024,CHQ PAID-Amit Chatterjee-MICR,0.0,0.0,0.0
55968639138,HERITAGE BANK LIMITED,27/03/2024,UPI/CR/946880651827/Moumita Dutta/6334877567@pay,0.0,0.0,0.0
55968639138,HERITAGE BANK LIMITED,27/03/2024,IMPS-111549569476-EXPRESS LOGISTICS INDIA,0.0,0.0,0.0
55968639138,HERITAGE BANK LIMITED,27/03/2024,NEFT-862592518821-Biplab Mukherjee,0.0,0.0,0.0
55968639138,HERITAGE BANK LIMITED,28/03/2024,CHQ PAID-Biplab Bose-MICR,0.0,0.0,0.0
55968639138,HERITAGE BANK LIMITED,28/03/2024,UPI/CR/578483134388/Sreya Banerjee/9009352948@pay,0.0,0.0,0.0
55968639138,HERITAGE BANK LIMITED,28/03/2024,FAILED-INSUFFICIENT FUNDS-IMPS-236099376758-Sreya Das,0.0,0.0,0.0
55968639138,HERITAGE BANK LIMITED,28/03/2024,Service Charges-Account Maintenance,0.0,0.0,0.0
55968639138,HERITAGE BANK LIMITED,28/03/2024,Service Charges-SMS Alert Charges,0.0,0.0,0.0
55968639138,HERITAGE BANK LIMITED,30/03/2024,REVERSAL-UPI/CR/578483134388/Sreya Banerjee/9009352948@pay,0.0,0.0,0.0
55968639138,HERITAGE BANK LIMITED,30/03/2024,NEFT-473939346600-FINANCE SOLUTIONS INDIA,0.0,0.0,0.0
97189968246,PROSPERITY BANK LIMITED,01/01/2024,RTGS-ICICR482598119340-URBAN ESTATES INDIA,0.0,0.0,0.0
97189968246,PROSPERITY BANK LIMITED,01/01/2024,CLG-SUPPLY CHAIN CORP,0.0,0.0,0.0
97189968246,PROSPERITY BANK LIMITED,02/01/2024,RTGS-ICICR884423770972-Rajesh Malhotra,0.0,0.0,0.0
97189968246,PROSPERITY BANK LIMITED,02/01/2024,NEFT-312907991076-Vikram Kumar,0.0,0.0,0.0
97189968246,PROSPERITY BANK LIMITED,02/01/2024,NEFT-214928826793-GATEWAY PROJECTS LTD,0.0,0.0,0.0
97189968246,PROSPERITY BANK LIMITED,02/01/2024,IMPS-548780246039-APEX HEAVY INDUSTRIES,0.0,0.0,0.0
97189968246,PROSPERITY BANK LIMITED,03/01/2024,UPI/CR/873562245367/Rajesh Singh/6958782847@pay,0.0,0.0,0.0
97189968246,PROSPERITY BANK LIMITED,04/01/2024,ATM WDL-27212,0.0,0.0,0.0
97189968246,PROSPERITY BANK LIMITED,04/01/2024,CLG-FINANCE SOLUTIONS INDIA,0.0,0.0,0.0
97189968246,PROSPERITY BANK LIMITED,05/01/2024,NEFT Dr-805498531524-INSURANCE SUBSCRIPTION,0.0,0.0,0.0
97189968246,PROSPERITY BANK LIMITED,05/01/2024,NEFT Dr-195778844015-SOFTWARE SUBSCRIPTION,0.0,0.0,0.0
97189968246,PROSPERITY BANK LIMITED,05/01/2024,NEFT Dr-597006831813-RENT PAYMENT-MONTHLY RENT,0.0,0.0,0.0
97189968246,PROSPERITY BANK LIMITED,06/01/2024,IMPS-112683799956-FOOD INDUSTRIES CORP,0.0,0.0,0.0
97189968246,PROSPERITY BANK LIMITED,06/01/2024,NEFT-797578033486-Rajesh Gupta,0.0,0.0,0.0
97189968246,PROSPERITY BANK LIMITED,08/01/2024,CHQ PAID-Anjali Mehta-MICR,0.0,0.0,0.0
97189968246,PROSPERITY BANK LIMITED,08/01/2024,NEFT-155564002896-CODEBASE SOLUTIONS,0.0,0.0,0.0
97189968246,PROSPERITY BANK LIMITED,09/01/2024,CLG-AUTOMOTIVE PARTS CORP,0.0,0.0,0.0
97189968246,PROSPERITY BANK LIMITED,10/01/2024,NEFT Dr-123330611087-LOAN EMI-MONTHLY INSTALLMENT,0.0,0.0,0.0
97189968246,PROSPERITY BANK LIMITED,10/01/2024,NEFT-754074055864-FABRIC INDUSTRIES INDIA,0.0,0.0,0.0
97189968246,PROSPERITY BANK LIMITED,10/01/2024,CHQ PAID-Vikram Kapoor-MICR,0.0,0.0,0.0
97189968246,PROSPERITY BANK LIMITED,10/01/2024,UPI/CR/462067659665/Rajesh Gupta/8813545609@pay,0.0,0.0,0.0
97189968246,PROSPERITY BANK LIMITED,10/01/2024,FAILED-INSUFFICIENT FUNDS-CHQ PAID-Neha Mehta-MICR,0.0,0.0,0.0
97189968246,PROSPERITY BANK LIMITED,11/01/2024,UPI/CR/936263989487/Simran Kumar/6130433341@pay,0.0,0.0,0.0
97189968246,PROSPERITY BANK LIMITED,11/01/2024,CASH WITHDRAWAL-Karan Joshi,0.0,0.0,0.0
97189968246,PROSPERITY BANK LIMITED,11/01/2024,UPI/DR/625272717016/Priya Verma/6915576912@pay,0.0,0.0,0.0
97189968246,PROSPERITY BANK LIMITED,12/01/2024,CHQ PAID-Rohit Singh-MICR,0.0,0.0,0.0
97189968246,PROSPERITY BANK LIMITED,12/01/2024,Service Charges-Cheque Bounce Charge-833846,0.0,0.0,0.0
97189968246,PROSPERITY BANK LIMITED,15/01/2024,RTGS-ICICR410024194839-CARGO SOLUTIONS LTD,0.0,0.0,0.0
97189968246,PROSPERITY BANK LIMITED,15/01/2024,NEFT-639624386642-URBAN ESTATES INDIA,0.0,0.0,0.0
97189968246,PROSPERITY BANK LIMITED,16/01/2024,NEFT-296573858612-Simran Kumar,0.0,0.0,0.0
97189968246,PROSPERITY BANK LIMITED,16/01/2024,IMPS-998048173582-Arun Verma,0.0,0.0,0.0
97189968246,PROSPERITY BANK LIMITED,16/01/2024,CHQ PAID-Priya Kumar-MICR,0.0,0.0,0.0
97189968246,PROSPERITY BANK LIMITED,16/01/2024,CASH DEPOSIT-Pooja Gupta,0.0,0.0,0.0
97189968246,PROSPERITY BANK LIMITED,17/01/2024,NEFT-237771636705-Priya Kapoor,0.0,0.0,0.0
97189968246,PROSPERITY BANK LIMITED,17/01/2024,NEFT-700265805370-CARGO SOLUTIONS LTD,0.0,0.0,0.0
97189968246,PROSPERITY BANK LIMITED,17/01/2024,IMPS-797401797423-NETPULSE SYSTEMS,0.0,0.0,0.0
97189968246,PROSPERITY BANK LIMITED,17/01/2024,SERVICE CHARGES-Demat Account AMC,0.0,0.0,0.0
97189968246,PROSPERITY BANK LIMITED,18/01/2024,CHQ PAID-Suresh Agarwal-MICR,0.0,0.0,0.0
97189968246,PROSPERITY BANK LIMITED,18/01/2024,NEFT-959691051380-Vikram Malhotra,0.0,0.0,0.0
97189968246,PROSPERITY BANK LIMITED,18/01/2024,ATM WDL-76597,0.0,0.0,0.0
97189968246,PROSPERITY BANK LIMITED,18/01/2024,CLG-CAPITAL VENTURES INDIA,0.0,0.0,0.0
97189968246,PROSPERITY BANK LIMITED,19/01/2024,CASH WITHDRAWAL-Priya Malhotra,0.0,0.0,0.0
97189968246,PROSPERITY BANK LIMITED,20/01/2024,UPI/DR/485490985822/Amit Sharma/6866760956@pay,0.0,0.0,0.0
97189968246,PROSPERITY BANK LIMITED,20/01/2024,NEFT Dr-576992510283-GST PAYMENT-GSTIN 98A2832,0.0,0.0,0.0
97189968246,PROSPERITY BANK LIMITED,22/01/2024,IMPS-439036425590-Rajesh Sharma,0.0,0.0,0.0
97189968246,PROSPERITY BANK LIMITED,22/01/2024,FAILED-INSUFFICIENT FUNDS-UPI/DR/275602432125/Kavita Kumar/8560927405@pay,0.0,0.0,0.0
97189968246,PROSPERITY BANK LIMITED,23/01/2024,NEFT-812937029410-CAPITAL VENTURES INDIA,0.0,0.0,0.0
97189968246,PROSPERITY BANK LIMITED,24/01/2024,IMPS-571290917123-PERSONAL CARE LTD,0.0,0.0,0.0
97189968246,PROSPERITY BANK LIMITED,24/01/2024,NEFT-445620597533-EXPRESS LOGISTICS INDIA,0.0,0.0,0.0
97189968246,PROSPERITY BANK LIMITED,29/01/2024,ATM WDL-84920,0.0,0.0,0.0
97189968246,PROSPERITY BANK LIMITED,29/01/2024,IMPS-258797712884-Simran Joshi,0.0,0.0,0.0
97189968246,PROSPERITY BANK LIMITED,30/01/2024,SERVICE CHARGES-Demat Account AMC,0.0,0.0,0.0
97189968246,PROSPERITY BANK LIMITED,30/01/2024,RTGS-ICICR979590602808-Rohit Sharma,0.0,0.0,0.0
97189968246,PROSPERITY BANK LIMITED,30/01/2024,CLG-HIGHWAY DEVELOPERS INDIA,0.0,0.0,0.0
97189968246,PROSPERITY BANK LIMITED,31/01/2024,CASH DEPOSIT-Anjali Sharma,0.0,0.0,0.0
97189968246,PROSPERITY BANK LIMITED,02/02/2024,UPI/DR/135611545434/Amit Joshi/7123952599@pay,0.0,0.0,0.0
97189968246,PROSPERITY BANK LIMITED,02/02/2024,NEFT-476510147225-MINDWAVE CONSULTING,0.0,0.0,0.0
97189968246,PROSPERITY BANK LIMITED,03/02/2024,CASH WITHDRAWAL-Anjali Mehta,0.0,0.0,0.0
97189968246,PROSPERITY BANK LIMITED,05/02/2024,NEFT Dr-441415608323-SOFTWARE SUBSCRIPTION,0.0,0.0,0.0
97189968246,PROSPERITY BANK LIMITED,05/02/2024,NEFT Dr-388421979294-CLOUD SUBSCRIPTION,0.0,0.0,0.0
97189968246,PROSPERITY BANK LIMITED,05/02/2024,NEFT Dr-335702715728-RENT PAYMENT-MONTHLY RENT,0.0,0.0,0.0
97189968246,PROSPERITY BANK LIMITED,05/02/2024,UPI/CR/746458439065/Priya Joshi/9857660723@pay,0.0,0.0,0.0
97189968246,PROSPERITY BANK LIMITED,06/02/2024,IMPS-336531600706-DAILY NEEDS LIMITED,0.0,0.0,0.0
97189968246,PROSPERITY BANK LIMITED,06/02/2024,NEFT-821519318103-Anjali Kumar,0.0,0.0,0.0
97189968246,PROSPERITY BANK LIMITED,06/02/2024,RTGS-ICICR786040817129-Rajesh Mehta,0.0,0.0,0.0
97189968246,PROSPERITY BANK LIMITED,06/02/2024,CASH DEPOSIT-Arun Gupta,0.0,0.0,0.0
97189968246,PROSPERITY BANK LIMITED,07/02/2024,ATM WDL-74578,0.0,0.0,0.0
97189968246,PROSPERITY BANK LIMITED,07/02/2024,UPI/DR/680383013514/Priya Kapoor/6582060535@pay,0.0,0.0,0.0
97189968246,PROSPERITY BANK LIMITED,07/02/2024,CASH WITHDRAWAL-Simran Gupta,0.0,0.0,0.0
97189968246,PROSPERITY BANK LIMITED,07/02/2024,NEFT-399297502313-METROPOLITAN BUILDERS,0.0,0.0,0.0
97189968246,PROSPERITY BANK LIMITED,07/02/2024,NEFT-253743810673-Vikram Agarwal,0.0,0.0,0.0
97189968246,PROSPERITY BANK LIMITED,07/02/2024,CLG-URBAN CONSTRUCTIONS,0.0,0.0,0.0
97189968246,PROSPERITY BANK LIMITED,07/02/2024,RTGS-ICICR321246192336-Amit Agarwal,0.0,0.0,0.0
97189968246,PROSPERITY BANK LIMITED,08/02/2024,UPI/CR/179418871160/Anjali Kumar/6871098571@pay,0.0,0.0,0.0
97189968246,PROSPERITY BANK LIMITED,08/02/2024,REVERSAL-UPI/CR/746458439065/Priya Joshi/9857660723@pay,0.0,0.0,0.0
97189968246,PROSPERITY BANK LIMITED,08/02/2024,IMPS-744462871275-DAILY NEEDS LIMITED,0.0,0.0,0.0
97189968246,PROSPERITY BANK LIMITED,08/02/2024,REVERSAL-CLG-URBAN CONSTRUCTIONS,0.0,0.0,0.0
97189968246,PROSPERITY BANK LIMITED,08/02/2024,UPI/DR/666720133290/Suresh Sharma/9303976625@pay,0.0,0.0,0.0
97189968246,PROSPERITY BANK LIMITED,09/02/2024,CLG-THERMAL SYSTEMS LTD,0.0,0.0,0.0
97189968246,PROSPERITY BANK LIMITED,10/02/2024,NEFT Dr-105310898786-LOAN EMI-MONTHLY INSTALLMENT,0.0,0.0,0.0
97189968246,PROSPERITY BANK LIMITED,10/02/2024,UPI/DR/796473470034/Pooja Sharma/7842411341@pay,0.0,0.0,0.0
97189968246,PROSPERITY BANK LIMITED,10/02/2024,CHQ PAID-Rajesh Singh-MICR,0.0,0.0,0.0
97189968246,PROSPERITY BANK LIMITED,12/02/2024,IMPS-637605990876-FOOD INDUSTRIES CORP,0.0,0.0,0.0
97189968246,PROSPERITY BANK LIMITED,13/02/2024,CHQ PAID-Vikram Joshi-MICR,0.0,0.0,0.0
97189968246,PROSPERITY BANK LIMITED,13/02/2024,CHQ PAID-Simran Mehta-MICR,0.0,0.0,0.0
97189968246,PROSPERITY BANK LIMITED,13/02/2024,RTGS-ICICR718395733298-INFOCORE TECHNOLOGIES,0.0,0.0,0.0
97189968246,PROSPERITY BANK LIMITED,14/02/2024,NEFT-536684291740-NETFORGE TECHNOLOGIES,0.0,0.0,0.0
97189968246,PROSPERITY BANK LIMITED,14/02/2024,CASH WITHDRAWAL-Neha Kumar,0.0,0.0,0.0
97189968246,PROSPERITY BANK LIMITED,15/02/2024,NEFT-568147638672-GST PAYMENT-GSTIN,0.0,0.0,0.0
97189968246,PROSPERITY BANK LIMITED,15/02/2024,ATM WDL-25509,0.0,0.0,0.0
97189968246,PROSPERITY BANK LIMITED,15/02/2024,RTGS-ICICR339557801397-Pooja Sharma,0.0,0.0,0.0
97189968246,PROSPERITY BANK LIMITED,15/02/2024,CASH WITHDRAWAL-Neha Agarwal,0.0,0.0,0.0
97189968246,PROSPERITY BANK LIMITED,16/02/2024,IMPS-466755065071-Karan Gupta,0.0,0.0,0.0
97189968246,PROSPERITY BANK LIMITED,20/02/2024,IMPS-278141417917-Karan Sharma,0.0,0.0,0.0
97189968246,PROSPERITY BANK LIMITED,20/02/2024,NEFT Dr-708002848817-GST PAYMENT-GSTIN 44C2935,0.0,0.0,0.0
97189968246,PROSPERITY BANK LIMITED,20/02/2024,UPI/CR/892719107661/Neha Agarwal/6171678209@pay,0.0,0.0,0.0
97189968246,PROSPERITY BANK LIMITED,22/02/2024,CHQ PAID-Suresh Kapoor-MICR,0.0,0.0,0.0
97189968246,PROSPERITY BANK LIMITED,22/02/2024,CHQ PAID-Neha Agarwal-MICR,0.0,0.0,0.0
97189968246,PROSPERITY BANK LIMITED,22/02/2024,RTGS-ICICR500902657395-MOTOR INDUSTRIES LTD,0.0,0.0,0.0
97189968246,PROSPERITY BANK LIMITED,22/02/2024,IMPS-159674479339-Kavita Kumar,0.0,0.0,0.0
97189968246,PROSPERITY BANK LIMITED,24/02/2024,CHQ PAID-Simran Mehta-MICR,0.0,0.0,0.0
97189968246,PROSPERITY BANK LIMITED,24/02/2024,UPI/CR/538538879103/Amit Kumar/7667627053@pay,0.0,0.0,0.0
97189968246,PROSPERITY BANK LIMITED,26/02/2024,NEFT-243825752305-Kavita Singh,0.0,0.0,0.0
97189968246,PROSPERITY BANK LIMITED,26/02/2024,RTGS-ICICR813418400736-Rohit Joshi,0.0,0.0,0.0
97189968246,PROSPERITY BANK LIMITED,27/02/2024,CLG-REALTY VENTURES LTD,0.0,0.0,0.0
97189968246,PROSPERITY BANK LIMITED,27/02/2024,RTGS-ICICR539556693300-EXPRESS LOGISTICS INDIA,0.0,0.0,0.0
97189968246,PROSPERITY BANK LIMITED,27/02/2024,UPI/CR/985473840034/Karan Malhotra/7271346117@pay,0.0,0.0,0.0
97189968246,PROSPERITY BANK LIMITED,27/02/2024,CLG-PREMIUM INFRASTRUCTURE,0.0,0.0,0.0
97189968246,PROSPERITY BANK LIMITED,28/02/2024,CHQ PAID-Suresh Singh-MICR,0.0,0.0,0.0
97189968246,PROSPERITY BANK LIMITED,28/02/2024,CLG-CAPITAL VENTURES INDIA,0.0,0.0,0.0
97189968246,PROSPERITY BANK LIMITED,28/02/2024,Service Charges-SMS Alert Charges,0.0,0.0,0.0
97189968246,PROSPERITY BANK LIMITED,29/02/2024,CASH DEPOSIT-Simran Joshi,0.0,0.0,0.0
97189968246,PROSPERITY BANK LIMITED,29/02/2024,UPI/CR/486851385746/Anjali Malhotra/9606286738@pay,0.0,0.0,0.0
97189968246,PROSPERITY BANK LIMITED,29/02/2024,IMPS-446231066297-DATABRIDGE INFOTECH,0.0,0.0,0.0
97189968246,PROSPERITY BANK LIMITED,01/03/2024,CLG-DATABRIDGE INFOTECH,0.0,0.0,0.0
97189968246,PROSPERITY BANK LIMITED,02/03/2024,NEFT-645718107020-Neha Kumar,0.0,0.0,0.0
97189968246,PROSPERITY BANK LIMITED,04/03/2024,CASH DEPOSIT-Simran Kumar,0.0,0.0,0.0
97189968246,PROSPERITY BANK LIMITED,04/03/2024,UPI/DR/520547183045/Suresh Kumar/6261542023@pay,0.0,0.0,0.0
97189968246,PROSPERITY BANK LIMITED,04/03/2024,RTGS-ICICR585944345353-Arun Sharma,0.0,0.0,0.0
97189968246,PROSPERITY BANK LIMITED,04/03/2024,RTGS-ICICR373843247954-WEBSTREAM LIMITED,0.0,0.0,0.0
97189968246,PROSPERITY BANK LIMITED,05/03/2024,NEFT Dr-637877809602-SOFTWARE SUBSCRIPTION,0.0,0.0,0.0
97189968246,PROSPERITY BANK LIMITED,05/03/2024,NEFT Dr-419009012825-INSURANCE SUBSCRIPTION,0.0,0.0,0.0
97189968246,PROSPERITY BANK LIMITED,05/03/2024,NEFT Dr-894001647221-RENT PAYMENT-MONTHLY RENT,0.0,0.0,0.0
97189968246,PROSPERITY BANK LIMITED,05/03/2024,IMPS-676615333982-FINANCE SOLUTIONS INDIA,0.0,0.0,0.0
97189968246,PROSPERITY BANK LIMITED,05/03/2024,RTGS-ICICR245652712107-PRECISION ENGINEERING WORKS,0.0,0.0,0.0
97189968246,PROSPERITY BANK LIMITED,06/03/2024,CASH DEPOSIT-Rohit Agarwal,0.0,0.0,0.0
97189968246,PROSPERITY BANK LIMITED,06/03/2024,CLG-CONSTRUCTION SOLUTIONS LTD,0.0,0.0,0.0
97189968246,PROSPERITY BANK LIMITED,06/03/2024,IMPS-620837304648-INDUSTRIAL COMPONENTS INDIA,0.0,0.0,0.0
97189968246,PROSPERITY BANK LIMITED,06/03/2024,IMPS-463150273706-Rajesh Agarwal,0.0,0.0,0.0
97189968246,PROSPERITY BANK LIMITED,07/03/2024,ATM WDL-51353,0.0,0.0,0.0
97189968246,PROSPERITY BANK LIMITED,07/03/2024,SERVICE CHARGES-Online Banking Charges,0.0,0.0,0.0
97189968246,PROSPERITY BANK LIMITED,07/03/2024,CASH WITHDRAWAL-Priya Kapoor,0.0,0.0,0.0
97189968246,PROSPERITY BANK LIMITED,11/03/2024,NEFT-864851806768-PRECISION ENGINEERING WORKS,0.0,0.0,0.0
97189968246,PROSPERITY BANK LIMITED,12/03/2024,NEFT-747203531443-LOAN DISBURSEMENT-SUPPLY CHAIN CORP,0.0,0.0,0.0
97189968246,PROSPERITY BANK LIMITED,13/03/2024,CLG-FOOD INDUSTRIES CORP,0.0,0.0,0.0
97189968246,PROSPERITY BANK LIMITED,13/03/2024,CLG-CARGO SOLUTIONS LTD,0.0,0.0,0.0
97189968246,PROSPERITY BANK LIMITED,14/03/2024,IMPS-516983407107-METROPOLITAN BUILDERS,0.0,0.0,0.0
97189968246,PROSPERITY BANK LIMITED,14/03/2024,UPI/CR/776573249232/Kavita Gupta/7644968584@pay,0.0,0.0,0.0
97189968246,PROSPERITY BANK LIMITED,15/03/2024,NEFT-564293897711-FASHION TEXTILES LTD,0.0,0.0,0.0
97189968246,PROSPERITY BANK LIMITED,15/03/2024,NEFT-921766326626-DATABRIDGE INFOTECH,0.0,0.0,0.0
97189968246,PROSPERITY BANK LIMITED,15/03/2024,UPI/CR/314654281110/Priya Agarwal/6639982136@pay,0.0,0.0,0.0
97189968246,PROSPERITY BANK LIMITED,15/03/2024,CHQ PAID-Arun Mehta-MICR,0.0,0.0,0.0
97189968246,PROSPERITY BANK LIMITED,15/03/2024,CASH DEPOSIT-Vikram Singh,0.0,0.0,0.0
97189968246,PROSPERITY BANK LIMITED,16/03/2024,ATM WDL-74053,0.0,0.0,0.0
97189968246,PROSPERITY BANK LIMITED,18/03/2024,CASH WITHDRAWAL-Priya Singh,0.0,0.0,0.0
97189968246,PROSPERITY BANK LIMITED,19/03/2024,NEFT-929781667394-CONSUMER PRODUCTS INDIA,0.0,0.0,0.0
97189968246,PROSPERITY BANK LIMITED,20/03/2024,NEFT-241078923305-Anjali Mehta,0.0,0.0,0.0
97189968246,PROSPERITY BANK LIMITED,20/03/2024,NEFT-124663260063-GST PAYMENT-GSTIN,0.0,0.0,0.0
97189968246,PROSPERITY BANK LIMITED,20/03/2024,NEFT Dr-435131127056-GST PAYMENT-GSTIN 62D3712,0.0,0.0,0.0
97189968246,PROSPERITY BANK LIMITED,20/03/2024,NEFT-550393929111-PERSONAL CARE LTD,0.0,0.0,0.0
97189968246,PROSPERITY BANK LIMITED,21/03/2024,CLG-CYBERCRAFT SYSTEMS,0.0,0.0,0.0
97189968246,PROSPERITY BANK LIMITED,21/03/2024,CASH WITHDRAWAL-Karan Kumar,0.0,0.0,0.0
97189968246,PROSPERITY BANK LIMITED,21/03/2024,NEFT-964631579060-Rajesh Gupta,0.0,0.0,0.0
97189968246,PROSPERITY BANK LIMITED,21/03/2024,CLG-SOFTWAVE TECHNOLOGIES,0.0,0.0,0.0
97189968246,PROSPERITY BANK LIMITED,21/03/2024,CLG-WELLNESS BRANDS INDIA,0.0,0.0,0.0
97189968246,PROSPERITY BANK LIMITED,22/03/2024,CASH WITHDRAWAL-Pooja Agarwal,0.0,0.0,0.0
97189968246,PROSPERITY BANK LIMITED,23/03/2024,IMPS-910391760104-Rajesh Gupta,0.0,0.0,0.0
97189968246,PROSPERITY BANK LIMITED,23/03/2024,IMPS-215509435392-INVESTMENT SERVICES INDIA,0.0,0.0,0.0
97189968246,PROSPERITY BANK LIMITED,26/03/2024,IMPS-695464878660-CODEBASE SOLUTIONS,0.0,0.0,0.0
97189968246,PROSPERITY BANK LIMITED,26/03/2024,RTGS-ICICR782380464794-WEBSTREAM LIMITED,0.0,0.0,0.0
97189968246,PROSPERITY BANK LIMITED,26/03/2024,NEFT-898259228807-LOAN DISBURSEMENT-PREMIUM PROPERTIES LTD,0.0,0.0,0.0
97189968246,PROSPERITY BANK LIMITED,26/03/2024,NEFT-524958061777-Simran Sharma,0.0,0.0,0.0
97189968246,PROSPERITY BANK LIMITED,27/03/2024,CHQ PAID-Kavita Kapoor-MICR,0.0,0.0,0.0
97189968246,PROSPERITY BANK LIMITED,28/03/2024,UPI/DR/777459565180/Arun Sharma/8351247560@pay,0.0,0.0,0.0
97189968246,PROSPERITY BANK LIMITED,28/03/2024,Service Charges-SMS Alert Charges,0.0,0.0,0.0
97189968246,PROSPERITY BANK LIMITED,30/03/2024,NEFT-175007863798-Anjali Singh,0.0,0.0,0.0
97189968246,PROSPERITY BANK LIMITED,30/03/2024,CASH WITHDRAWAL-Pooja Joshi,0.0,0.0,0.0
97189968246,PROSPERITY BANK LIMITED,30/03/2024,NEFT-283048897873-MINDWAVE CONSULTING,0.0,0.0,0.0
97189968246,PROSPERITY BANK LIMITED,30/03/2024,NEFT-728547528127-Priya Singh,0.0,0.0,0.0
14810748746,SYNERGY BANK LIMITED,02/01/2024,CASH DEPOSIT-Kavitha Krishnan,0.0,0.0,0.0
14810748746,SYNERGY BANK LIMITED,02/01/2024,Dividend Cr-MOTOR INDUSTRIES LTD-EQUITY SHARES,0.0,0.0,0.0
14810748746,SYNERGY BANK LIMITED,02/01/2024,IMPS-988611869707-NETFORGE TECHNOLOGIES,0.0,0.0,0.0
14810748746,SYNERGY BANK LIMITED,02/01/2024,UPI/DR/516779067267/Srinivas Krishnan/7105532370@pay,0.0,0.0,0.0
14810748746,SYNERGY BANK LIMITED,04/01/2024,NEFT Dr-695346278311-UTILITY SUBSCRIPTION,0.0,0.0,0.0
14810748746,SYNERGY BANK LIMITED,04/01/2024,CLG-CREDIT SERVICES LTD,0.0,0.0,0.0
14810748746,SYNERGY BANK LIMITED,04/01/2024,NEFT-274579076512-Karthik Menon,0.0,0.0,0.0
14810748746,SYNERGY BANK LIMITED,04/01/2024,NEFT-848860227728-SUPPLY CHAIN CORP,0.0,0.0,0.0
14810748746,SYNERGY BANK LIMITED,05/01/2024,NEFT Dr-573008661866-RENT PAYMENT-MONTHLY RENT,0.0,0.0,0.0
14810748746,SYNERGY BANK LIMITED,06/01/2024,REVERSAL-CLG-CREDIT SERVICES LTD,0.0,0.0,0.0
14810748746,SYNERGY BANK LIMITED,06/01/2024,CLG-INFOCORE TECHNOLOGIES,0.0,0.0,0.0
14810748746,SYNERGY BANK LIMITED,08/01/2024,NEFT-383901354909-CYBERCRAFT SYSTEMS,0.0,0.0,0.0
14810748746,SYNERGY BANK LIMITED,08/01/2024,IMPS-530462120575-Priya Nair,0.0,0.0,0.0
14810748746,SYNERGY BANK LIMITED,08/01/2024,REVERSAL-NEFT-848860227728-SUPPLY CHAIN CORP,0.0,0.0,0.0
14810748746,SYNERGY BANK LIMITED,09/01/2024,IMPS-450606717740-Priya Nair,0.0,0.0,0.0
14810748746,SYNERGY BANK LIMITED,09/01/2024,NEFT-617085411232-CODEBASE SOLUTIONS,0.0,0.0,0.0
14810748746,SYNERGY BANK LIMITED,09/01/2024,IMPS-964345542120-URBAN CONSTRUCTIONS,0.0,0.0,0.0
14810748746,SYNERGY BANK LIMITED,10/01/2024,NEFT-562165116978-DAILY NEEDS LIMITED,0.0,0.0,0.0
14810748746,SYNERGY BANK LIMITED,10/01/2024,UPI/CR/466639923702/Kavitha Murthy/9770713520@pay,0.0,0.0,0.0
14810748746,SYNERGY BANK LIMITED,10/01/2024,RTGS-ICICR860869128855-SOFTWAVE TECHNOLOGIES,0.0,0.0,0.0
14810748746,SYNERGY BANK LIMITED,12/01/2024,IMPS-428538302906-Venkatesh Murthy,0.0,0.0,0.0
14810748746,SYNERGY BANK LIMITED,12/01/2024,UPI/CR/173870637427/Anitha Nair/9561300047@pay,0.0,0.0,0.0
14810748746,SYNERGY BANK LIMITED,12/01/2024,RTGS-ICICR476307467666-Srinivas Murthy,0.0,0.0,0.0
14810748746,SYNERGY BANK LIMITED,12/01/2024,CLG-APEX HEAVY INDUSTRIES,0.0,0.0,0.0
14810748746,SYNERGY BANK LIMITED,12/01/2024,IMPS-228970526421-MEDCARE LABORATORIES,0.0,0.0,0.0
14810748746,SYNERGY BANK LIMITED,13/01/2024,NEFT-980994212333-Subramaniam Iyer,0.0,0.0,0.0
14810748746,SYNERGY BANK LIMITED,13/01/2024,NEFT-862968907410-MINDWAVE CONSULTING,0.0,0.0,0.0
14810748746,SYNERGY BANK LIMITED,16/01/2024,IMPS-784960482504-WEBSTREAM LIMITED,0.0,0.0,0.0
14810748746,SYNERGY BANK LIMITED,16/01/2024,CASH DEPOSIT-Priya Iyer,0.0,0.0,0.0
14810748746,SYNERGY BANK LIMITED,16/01/2024,RTGS-ICICR480293945597-Srinivas Pillai,0.0,0.0,0.0
14810748746,SYNERGY BANK LIMITED,17/01/2024,CASH DEPOSIT-Priya Krishnan,0.0,0.0,0.0
14810748746,SYNERGY BANK LIMITED,19/01/2024,CHQ PAID-Ramesh Iyer-MICR,0.0,0.0,0.0
14810748746,SYNERGY BANK LIMITED,19/01/2024,UPI/CR/863365734313/Venkatesh Rao/6146501046@pay,0.0,0.0,0.0
14810748746,SYNERGY BANK LIMITED,19/01/2024,CLG-SUPPLY CHAIN CORP,0.0,0.0,0.0
14810748746,SYNERGY BANK LIMITED,19/01/2024,CHQ PAID-Srinivas Naidu-MICR,0.0,0.0,0.0
14810748746,SYNERGY BANK LIMITED,20/01/2024,IMPS-741749349717-Subramaniam Naidu,0.0,0.0,0.0
14810748746,SYNERGY BANK LIMITED,20/01/2024,NEFT-559626118559-PERSONAL CARE LTD,0.0,0.0,0.0
14810748746,SYNERGY BANK LIMITED,20/01/2024,NEFT Dr-450305040222-GST PAYMENT-GSTIN 41A5138,0.0,0.0,0.0
14810748746,SYNERGY BANK LIMITED,20/01/2024,SERVICE CHARGES-Account Maintenance,0.0,0.0,0.0
14810748746,SYNERGY BANK LIMITED,23/01/2024,NEFT-150654312505-METROPOLITAN BUILDERS,0.0,0.0,0.0
14810748746,SYNERGY BANK LIMITED,24/01/2024,NEFT Dr-204729091488-SOFTWARE SUBSCRIPTION,0.0,0.0,0.0
14810748746,SYNERGY BANK LIMITED,25/01/2024,RTGS-ICICR209767057365-Priya Iyer,0.0,0.0,0.0
14810748746,SYNERGY BANK LIMITED,25/01/2024,RTGS-ICICR505624194473-Karthik Reddy,0.0,0.0,0.0
14810748746,SYNERGY BANK LIMITED,25/01/2024,NEFT-631358900721-Subramaniam Krishnan,0.0,0.0,0.0
14810748746,SYNERGY BANK LIMITED,27/01/2024,IMPS-226150273669-Venkatesh Menon,0.0,0.0,0.0
14810748746,SYNERGY BANK LIMITED,27/01/2024,UPI/CR/607124029551/Lakshmi Murthy/7975309300@pay,0.0,0.0,0.0
14810748746,SYNERGY BANK LIMITED,29/01/2024,RTGS-ICICR862484788989-Srinivas Rao,0.0,0.0,0.0
14810748746,SYNERGY BANK LIMITED,29/01/2024,IMPS-208499935473-WELLNESS BRANDS INDIA,0.0,0.0,0.0
14810748746,SYNERGY BANK LIMITED,30/01/2024,CHQ PAID-Anitha Pillai-MICR,0.0,0.0,0.0
14810748746,SYNERGY BANK LIMITED,30/01/2024,CLG-THERMAL SYSTEMS LTD,0.0,0.0,0.0
14810748746,SYNERGY BANK LIMITED,30/01/2024,UPI/DR/910652446835/Anitha Rao/8293277185@pay,0.0,0.0,0.0
14810748746,SYNERGY BANK LIMITED,31/01/2024,CLG-RETAIL SOLUTIONS INDIA,0.0,0.0,0.0
14810748746,SYNERGY BANK LIMITED,31/01/2024,CASH WITHDRAWAL-Ramesh Murthy,0.0,0.0,0.0
14810748746,SYNERGY BANK LIMITED,31/01/2024,UPI/DR/380537735717/Ganesh Reddy/7512259342@pay,0.0,0.0,0.0
14810748746,SYNERGY BANK LIMITED,01/02/2024,CLG-PRECISION ENGINEERING WORKS,0.0,0.0,0.0
14810748746,SYNERGY BANK LIMITED,02/02/2024,NEFT-283346760340-INVESTMENT SERVICES INDIA,0.0,0.0,0.0
14810748746,SYNERGY BANK LIMITED,03/02/2024,RTGS-ICICR154693124617-Srinivas Krishnan,0.0,0.0,0.0
14810748746,SYNERGY BANK LIMITED,03/02/2024,NEFT-881299749480-INDUSTRIAL COMPONENTS INDIA,0.0,0.0,0.0
14810748746,SYNERGY BANK LIMITED,03/02/2024,NEFT-177609503849-INFOCORE TECHNOLOGIES,0.0,0.0,0.0
14810748746,SYNERGY BANK LIMITED,03/02/2024,ATM WDL-25167,0.0,0.0,0.0
14810748746,SYNERGY BANK LIMITED,05/02/2024,NEFT Dr-821698402449-RENT PAYMENT-MONTHLY RENT,0.0,0.0,0.0
14810748746,SYNERGY BANK LIMITED,05/02/2024,Dividend Cr-DIGITAL SOLUTIONS INDIA-EQUITY SHARES,0.0,0.0,0.0
14810748746,SYNERGY BANK LIMITED,06/02/2024,NEFT-549102848171-FABRIC INDUSTRIES INDIA,0.0,0.0,0.0
14810748746,SYNERGY BANK LIMITED,06/02/2024,IMPS-293590642268-CONSUMER PRODUCTS INDIA,0.0,0.0,0.0
14810748746,SYNERGY BANK LIMITED,06/02/2024,IMPS-278276734043-HEALTHPLUS PHARMA LTD,0.0,0.0,0.0
14810748746,SYNERGY BANK LIMITED,07/02/2024,CASH WITHDRAWAL-Karthik Pillai,0.0,0.0,0.0
14810748746,SYNERGY BANK LIMITED,07/02/2024,RTGS-ICICR631875152619-Ramesh Murthy,0.0,0.0,0.0
14810748746,SYNERGY BANK LIMITED,07/02/2024,CASH DEPOSIT-Priya Pillai,0.0,0.0,0.0
14810748746,SYNERGY BANK LIMITED,07/02/2024,IMPS-975157117305-INFOCORE TECHNOLOGIES,0.0,0.0,0.0
14810748746,SYNERGY BANK LIMITED,07/02/2024,CASH DEPOSIT-Priya Reddy,0.0,0.0,0.0
14810748746,SYNERGY BANK LIMITED,07/02/2024,IMPS-764261316580-FINANCE SOLUTIONS INDIA,0.0,0.0,0.0
14810748746,SYNERGY BANK LIMITED,07/02/2024,CLG-PREMIUM INFRASTRUCTURE,0.0,0.0,0.0
14810748746,SYNERGY BANK LIMITED,08/02/2024,IMPS-811472493982-APEX HEAVY INDUSTRIES,0.0,0.0,0.0
14810748746,SYNERGY BANK LIMITED,09/02/2024,IMPS-920065726374-Priya Nair,0.0,0.0,0.0
14810748746,SYNERGY BANK LIMITED,10/02/2024,CASH WITHDRAWAL-Srinivas Menon,0.0,0.0,0.0
14810748746,SYNERGY BANK LIMITED,10/02/2024,NEFT-619996992000-Subramaniam Nair,0.0,0.0,0.0
14810748746,SYNERGY BANK LIMITED,12/02/2024,UPI/CR/649944372603/Srinivas Pillai/6786650983@pay,0.0,0.0,0.0
14810748746,SYNERGY BANK LIMITED,12/02/2024,CASH WITHDRAWAL-Ganesh Reddy,0.0,0.0,0.0
14810748746,SYNERGY BANK LIMITED,12/02/2024,CLG-WEBSTREAM LIMITED,0.0,0.0,0.0
14810748746,SYNERGY BANK LIMITED,12/02/2024,SERVICE CHARGES-Foreign Currency Markup,0.0,0.0,0.0
14810748746,SYNERGY BANK LIMITED,14/02/2024,CLG-LIFELINE PHARMACEUTICAL,0.0,0.0,0.0
14810748746,SYNERGY BANK LIMITED,15/02/2024,IMPS-983753085298-PERSONAL CARE LTD,0.0,0.0,0.0
14810748746,SYNERGY BANK LIMITED,15/02/2024,IMPS-255686041049-MINDWAVE CONSULTING,0.0,0.0,0.0
14810748746,SYNERGY BANK LIMITED,15/02/2024,SERVICE CHARGES-NEFT/RTGS Charges,0.0,0.0,0.0
14810748746,SYNERGY BANK LIMITED,16/02/2024,NEFT-299536666412-CREDIT SERVICES LTD,0.0,0.0,0.0
14810748746,SYNERGY BANK LIMITED,16/02/2024,CLG-GATEWAY PROJECTS LTD,0.0,0.0,0.0
14810748746,SYNERGY BANK LIMITED,16/02/2024,CLG-SUPPLY CHAIN CORP,0.0,0.0,0.0
14810748746,SYNERGY BANK LIMITED,16/02/2024,CASH DEPOSIT-Venkatesh Murthy,0.0,0.0,0.0
14810748746,SYNERGY BANK LIMITED,19/02/2024,IMPS-349169207864-INVESTMENT SERVICES INDIA,0.0,0.0,0.0
14810748746,SYNERGY BANK LIMITED,19/02/2024,CASH WITHDRAWAL-Lakshmi Iyer,0.0,0.0,0.0
14810748746,SYNERGY BANK LIMITED,20/02/2024,CLG-MOTOR INDUSTRIES LTD,0.0,0.0,0.0
14810748746,SYNERGY BANK LIMITED,20/02/2024,NEFT Dr-101471323609-GST PAYMENT-GSTIN 75C3836,0.0,0.0,0.0
14810748746,SYNERGY BANK LIMITED,21/02/2024,CHQ PAID-Kavitha Krishnan-MICR,0.0,0.0,0.0
14810748746,SYNERGY BANK LIMITED,21/02/2024,CHQ PAID-Subramaniam Nair-MICR,0.0,0.0,0.0
14810748746,SYNERGY BANK LIMITED,22/02/2024,UPI/CR/315933129905/Ganesh Rao/7133558236@pay,0.0,0.0,0.0
14810748746,SYNERGY BANK LIMITED,22/02/2024,IMPS-531667262515-NETFORGE TECHNOLOGIES,0.0,0.0,0.0
14810748746,SYNERGY BANK LIMITED,23/02/2024,ATM WDL-95961,0.0,0.0,0.0
14810748746,SYNERGY BANK LIMITED,23/02/2024,UPI/CR/669700261304/Priya Murthy/6624069102@pay,0.0,0.0,0.0
14810748746,SYNERGY BANK LIMITED,24/02/2024,NEFT Dr-372782911557-UTILITY SUBSCRIPTION,0.0,0.0,0.0
14810748746,SYNERGY BANK LIMITED,24/02/2024,CHQ PAID-Srinivas Naidu-MICR,0.0,0.0,0.0
14810748746,SYNERGY BANK LIMITED,24/02/2024,IMPS-370359422412-REALTY VENTURES LTD,0.0,0.0,0.0
14810748746,SYNERGY BANK LIMITED,26/02/2024,RTGS-ICICR765043642564-SUPPLY CHAIN CORP,0.0,0.0,0.0
14810748746,SYNERGY BANK LIMITED,26/02/2024,NEFT-819843923077-PRECISION ENGINEERING WORKS,0.0,0.0,0.0
14810748746,SYNERGY BANK LIMITED,27/02/2024,IMPS-609022909293-SUPPLY CHAIN CORP,0.0,0.0,0.0
14810748746,SYNERGY BANK LIMITED,27/02/2024,NEFT-163341946213-SOFTWAVE TECHNOLOGIES,0.0,0.0,0.0
14810748746,SYNERGY BANK LIMITED,27/02/2024,ATM WDL-69927,0.0,0.0,0.0
14810748746,SYNERGY BANK LIMITED,27/02/2024,RTGS-ICICR955550714816-Srinivas Iyer,0.0,0.0,0.0
14810748746,SYNERGY BANK LIMITED,27/02/2024,NEFT-147256788422-DAILY NEEDS LIMITED,0.0,0.0,0.0
14810748746,SYNERGY BANK LIMITED,28/02/2024,NEFT-885615478026-NETFORGE TECHNOLOGIES,0.0,0.0,0.0
14810748746,SYNERGY BANK LIMITED,28/02/2024,Service Charges-Foreign Currency Markup,0.0,0.0,0.0
14810748746,SYNERGY BANK LIMITED,28/02/2024,Service Charges-NEFT/RTGS Charges,0.0,0.0,0.0
14810748746,SYNERGY BANK LIMITED,01/03/2024,IMPS-122054197051-INFOCORE TECHNOLOGIES,0.0,0.0,0.0
14810748746,SYNERGY BANK LIMITED,01/03/2024,NEFT-608498376589-GST PAYMENT-GSTIN,0.0,0.0,0.0
14810748746,SYNERGY BANK LIMITED,01/03/2024,CHQ PAID-Subramaniam Pillai-MICR,0.0,0.0,0.0
14810748746,SYNERGY BANK LIMITED,04/03/2024,NEFT Dr-393975251427-SOFTWARE SUBSCRIPTION,0.0,0.0,0.0
14810748746,SYNERGY BANK LIMITED,04/03/2024,RTGS-ICICR967601212699-Venkatesh Iyer,0.0,0.0,0.0
14810748746,SYNERGY BANK LIMITED,05/03/2024,NEFT Dr-362704891413-RENT PAYMENT-MONTHLY RENT,0.0,0.0,0.0
14810748746,SYNERGY BANK LIMITED,05/03/2024,CASH DEPOSIT-Priya Pillai,0.0,0.0,0.0
14810748746,SYNERGY BANK LIMITED,05/03/2024,CLG-CODEBASE SOLUTIONS,0.0,0.0,0.0
14810748746,SYNERGY BANK LIMITED,07/03/2024,CLG-HEALTHCARE PRODUCTS LTD,0.0,0.0,0.0
14810748746,SYNERGY BANK LIMITED,07/03/2024,NEFT-859397660067-METROPOLITAN BUILDERS,0.0,0.0,0.0
14810748746,SYNERGY BANK LIMITED,07/03/2024,IMPS-354088211502-PRECISION ENGINEERING WORKS,0.0,0.0,0.0
14810748746,SYNERGY BANK LIMITED,07/03/2024,CASH WITHDRAWAL-Ramesh Pillai,0.0,0.0,0.0
14810748746,SYNERGY BANK LIMITED,07/03/2024,CLG-RETAIL SOLUTIONS INDIA,0.0,0.0,0.0
14810748746,SYNERGY BANK LIMITED,09/03/2024,CLG-APEX HEAVY INDUSTRIES,0.0,0.0,0.0
14810748746,SYNERGY BANK LIMITED,09/03/2024,CASH DEPOSIT-Anitha Iyer,0.0,0.0,0.0
14810748746,SYNERGY BANK LIMITED,11/03/2024,CLG-RETAIL SOLUTIONS INDIA,0.0,0.0,0.0
14810748746,SYNERGY BANK LIMITED,12/03/2024,NEFT-835729224447-Kavitha Reddy,0.0,0.0,0.0
14810748746,SYNERGY BANK LIMITED,12/03/2024,ATM WDL-45521,0.0,0.0,0.0
14810748746,SYNERGY BANK LIMITED,12/03/2024,CASH WITHDRAWAL-Ganesh Krishnan,0.0,0.0,0.0
14810748746,SYNERGY BANK LIMITED,12/03/2024,RTGS-ICICR269948549443-INDUSTRIAL COMPONENTS INDIA,0.0,0.0,0.0
14810748746,SYNERGY BANK LIMITED,13/03/2024,NEFT-303082762988-Priya Krishnan,0.0,0.0,0.0
14810748746,SYNERGY BANK LIMITED,13/03/2024,NEFT-569377710124-FASHION TEXTILES LTD,0.0,0.0,0.0
14810748746,SYNERGY BANK LIMITED,14/03/2024,CLG-REALTY VENTURES LTD,0.0,0.0,0.0
14810748746,SYNERGY BANK LIMITED,14/03/2024,UPI/CR/704445184611/Venkatesh Rao/7283232126@pay,0.0,0.0,0.0
14810748746,SYNERGY BANK LIMITED,15/03/2024,CLG-COTTON MILLS CORP,0.0,0.0,0.0
14810748746,SYNERGY BANK LIMITED,15/03/2024,NEFT-426954413231-FABRIC INDUSTRIES INDIA,0.0,0.0,0.0
14810748746,SYNERGY BANK LIMITED,15/03/2024,UPI/DR/969316670989/Srinivas Menon/9048816630@pay,0.0,0.0,0.0
14810748746,SYNERGY BANK LIMITED,15/03/2024,CLG-PREMIUM PROPERTIES LTD,0.0,0.0,0.0
14810748746,SYNERGY BANK LIMITED,16/03/2024,IMPS-655570740203-Ramesh Iyer,0.0,0.0,0.0
14810748746,SYNERGY BANK LIMITED,16/03/2024,IMPS-978227424196-Karthik Pillai,0.0,0.0,0.0
14810748746,SYNERGY BANK LIMITED,18/03/2024,CHQ PAID-Lakshmi Reddy-MICR,0.0,0.0,0.0
14810748746,SYNERGY BANK LIMITED,18/03/2024,UPI/DR/632666257329/Subramaniam Nair/7100383498@pay,0.0,0.0,0.0
14810748746,SYNERGY BANK LIMITED,19/03/2024,CHQ PAID-Subramaniam Menon-MICR,0.0,0.0,0.0
14810748746,SYNERGY BANK LIMITED,20/03/2024,CASH WITHDRAWAL-Anitha Iyer,0.0,0.0,0.0
14810748746,SYNERGY BANK LIMITED,20/03/2024,NEFT Dr-254436648581-GST PAYMENT-GSTIN 75C5508,0.0,0.0,0.0
14810748746,SYNERGY BANK LIMITED,20/03/2024,IMPS-704822283014-DIGITAL SOLUTIONS INDIA,0.0,0.0,0.0
14810748746,SYNERGY BANK LIMITED,21/03/2024,IMPS-878698902200-NETFORGE TECHNOLOGIES,0.0,0.0,0.0
14810748746,SYNERGY BANK LIMITED,21/03/2024,IMPS-893774000873-CONSTRUCTION SOLUTIONS LTD,0.0,0.0,0.0
14810748746,SYNERGY BANK LIMITED,22/03/2024,CASH WITHDRAWAL-Kavitha Murthy,0.0,0.0,0.0
14810748746,SYNERGY BANK LIMITED,22/03/2024,IMPS-112680972337-PRECISION ENGINEERING WORKS,0.0,0.0,0.0
14810748746,SYNERGY BANK LIMITED,22/03/2024,NEFT-214280648147-Kavitha Pillai,0.0,0.0,0.0
14810748746,SYNERGY BANK LIMITED,23/03/2024,NEFT-559436284643-METROPOLITAN BUILDERS,0.0,0.0,0.0
14810748746,SYNERGY BANK LIMITED,23/03/2024,IMPS-868287699604-FOOD INDUSTRIES CORP,0.0,0.0,0.0
14810748746,SYNERGY BANK LIMITED,23/03/2024,CLG-FOOD INDUSTRIES CORP,0.0,0.0,0.0
14810748746,SYNERGY BANK LIMITED,26/03/2024,IMPS-293307597794-RETAIL SOLUTIONS INDIA,0.0,0.0,0.0
14810748746,SYNERGY BANK LIMITED,27/03/2024,RTGS-ICICR960122915027-CARGO SOLUTIONS LTD,0.0,0.0,0.0
14810748746,SYNERGY BANK LIMITED,27/03/2024,UPI/CR/300619223996/Anitha Murthy/9016920720@pay,0.0,0.0,0.0
14810748746,SYNERGY BANK LIMITED,27/03/2024,ATM WDL-30289,0.0,0.0,0.0
14810748746,SYNERGY BANK LIMITED,27/03/2024,NEFT-181234720444-Priya Rao,0.0,0.0,0.0
14810748746,SYNERGY BANK LIMITED,27/03/2024,NEFT-949984738094-CONSUMER PRODUCTS INDIA,0.0,0.0,0.0
14810748746,SYNERGY BANK LIMITED,28/03/2024,Service Charges-Cheque Book Charges,0.0,0.0,0.0
14810748746,SYNERGY BANK LIMITED,28/03/2024,Service Charges-Demat Account AMC,0.0,0.0,0.0
14810748746,SYNERGY BANK LIMITED,30/03/2024,RTGS-ICICR223398104156-Venkatesh Pillai,0.0,0.0,0.0
14810748746,SYNERGY BANK LIMITED,30/03/2024,IMPS-591955379783-Venkatesh Rao,0.0,0.0,0.0
14810748746,SYNERGY BANK LIMITED,30/03/2024,RTGS-ICICR219504788514-MEDCARE LABORATORIES,0.0,0.0,0.0
93384223381,METROPOLITAN BANK,02/01/2024,ATM WDL-63687,0.0,0.0,0.0
93384223381,METROPOLITAN BANK,02/01/2024,UPI/CR/168836811086/Mehul Patel/9788640252@pay,0.0,0.0,0.0
93384223381,METROPOLITAN BANK,02/01/2024,ATM WDL-70709,0.0,0.0,0.0
93384223381,METROPOLITAN BANK,02/01/2024,ATM WDL-65708,0.0,0.0,0.0
93384223381,METROPOLITAN BANK,03/01/2024,CASH DEPOSIT-Jayesh Patel,0.0,0.0,0.0
93384223381,METROPOLITAN BANK,03/01/2024,IMPS-688844305503-APEX HEAVY INDUSTRIES,0.0,0.0,0.0
93384223381,METROPOLITAN BANK,03/01/2024,CLG-REALTY VENTURES LTD,0.0,0.0,0.0
93384223381,METROPOLITAN BANK,03/01/2024,NEFT-586689761962-WELLNESS BRANDS INDIA,0.0,0.0,0.0
93384223381,METROPOLITAN BANK,05/01/2024,NEFT Dr-633850025392-RENT PAYMENT-MONTHLY RENT,0.0,0.0,0.0
93384223381,METROPOLITAN BANK,05/01/2024,NEFT-443183501128-Nisha Trivedi,0.0,0.0,0.0
93384223381,METROPOLITAN BANK,05/01/2024,RTGS-ICICR501512457129-Paresh Vora,0.0,0.0,0.0
93384223381,METROPOLITAN BANK,06/01/2024,RTGS-ICICR508405464771-FABRIC INDUSTRIES INDIA,0.0,0.0,0.0
93384223381,METROPOLITAN BANK,06/01/2024,NEFT-608809214388-METROPOLITAN BUILDERS,0.0,0.0,0.0
93384223381,METROPOLITAN BANK,06/01/2024,NEFT-584326452017-DAILY NEEDS LIMITED,0.0,0.0,0.0
93384223381,METROPOLITAN BANK,06/01/2024,IMPS-685042189411-REALTY VENTURES LTD,0.0,0.0,0.0
93384223381,METROPOLITAN BANK,09/01/2024,IMPS-345209296893-Paresh Amin,0.0,0.0,0.0
93384223381,METROPOLITAN BANK,12/01/2024,RTGS-ICICR527427903026-REALTY VENTURES LTD,0.0,0.0,0.0
93384223381,METROPOLITAN BANK,12/01/2024,CHQ PAID-Ketan Vora-MICR,0.0,0.0,0.0
93384223381,METROPOLITAN BANK,12/01/2024,ATM WDL-62691,0.0,0.0,0.0
93384223381,METROPOLITAN BANK,13/01/2024,NEFT-129478689812-Mehul Vora,0.0,0.0,0.0
93384223381,METROPOLITAN BANK,13/01/2024,NEFT Dr-241814404359-CLOUD SUBSCRIPTION,0.0,0.0,0.0
93384223381,METROPOLITAN BANK,13/01/2024,IMPS-853763449819-Hitesh Trivedi,0.0,0.0,0.0
93384223381,METROPOLITAN BANK,15/01/2024,CASH WITHDRAWAL-Hitesh Modi,0.0,0.0,0.0
93384223381,METROPOLITAN BANK,15/01/2024,FAILED-INSUFFICIENT FUNDS-RTGS-ICICR974189514718-Mehul Shah,0.0,0.0,0.0
93384223381,METROPOLITAN BANK,16/01/2024,IMPS-792993856324-Nisha Patel,0.0,0.0,0.0
93384223381,METROPOLITAN BANK,16/01/2024,CASH WITHDRAWAL-Nilesh Amin,0.0,0.0,0.0
93384223381,METROPOLITAN BANK,17/01/2024,IMPS-984123926367-URBAN ESTATES INDIA,0.0,0.0,0.0
93384223381,METROPOLITAN BANK,17/01/2024,ATM WDL-85993,0.0,0.0,0.0
93384223381,METROPOLITAN BANK,18/01/2024,IMPS-204592013062-MINDWAVE CONSULTING,0.0,0.0,0.0
93384223381,METROPOLITAN BANK,18/01/2024,CHQ PAID-Mehul Patel-MICR,0.0,0.0,0.0
93384223381,METROPOLITAN BANK,18/01/2024,IMPS-742806040654-Nisha Desai,0.0,0.0,0.0
93384223381,METROPOLITAN BANK,18/01/2024,IMPS-555669270859-INDUSTRIAL COMPONENTS INDIA,0.0,0.0,0.0
93384223381,METROPOLITAN BANK,19/01/2024,CASH DEPOSIT-Nilesh Shah,0.0,0.0,0.0
93384223381,METROPOLITAN BANK,19/01/2024,UPI/CR/286023911451/Nisha Patel/8238729975@pay,0.0,0.0,0.0
93384223381,METROPOLITAN BANK,20/01/2024,CHQ PAID-Nilesh Modi-MICR,0.0,0.0,0.0
93384223381,METROPOLITAN BANK,20/01/2024,NEFT-720160605438-Bhavesh Vora,0.0,0.0,0.0
93384223381,METROPOLITAN BANK,20/01/2024,RTGS-ICICR680779464082-INVESTMENT SERVICES INDIA,0.0,0.0,0.0
93384223381,METROPOLITAN BANK,22/01/2024,CHQ PAID-Paresh Modi-MICR,0.0,0.0,0.0
93384223381,METROPOLITAN BANK,22/01/2024,CHQ PAID-Hitesh Patel-MICR,0.0,0.0,0.0
93384223381,METROPOLITAN BANK,22/01/2024,NEFT-451984712471-MEDCARE LABORATORIES,0.0,0.0,0.0
93384223381,METROPOLITAN BANK,24/01/2024,NEFT Dr-641117036582-CLOUD SUBSCRIPTION,0.0,0.0,0.0
93384223381,METROPOLITAN BANK,24/01/2024,IMPS-627586874598-Jayesh Parekh,0.0,0.0,0.0
93384223381,METROPOLITAN BANK,24/01/2024,SERVICE CHARGES-Account Maintenance,0.0,0.0,0.0
93384223381,METROPOLITAN BANK,25/01/2024,NEFT-449001084619-Jayesh Shah,0.0,0.0,0.0
93384223381,METROPOLITAN BANK,25/01/2024,IMPS-105462145638-Ketan Desai,0.0,0.0,0.0
93384223381,METROPOLITAN BANK,25/01/2024,RTGS-ICICR607261318610-Ketan Vora,0.0,0.0,0.0
93384223381,METROPOLITAN BANK,27/01/2024,IMPS-509371995378-WEBSTREAM LIMITED,0.0,0.0,0.0
93384223381,METROPOLITAN BANK,29/01/2024,RTGS-ICICR418360789355-EXPRESS LOGISTICS INDIA,0.0,0.0,0.0
93384223381,METROPOLITAN BANK,29/01/2024,RTGS-ICICR976663723871-Nilesh Modi,0.0,0.0,0.0
93384223381,METROPOLITAN BANK,30/01/2024,ATM WDL-20667,0.0,0.0,0.0
93384223381,METROPOLITAN BANK,30/01/2024,CASH DEPOSIT-Nilesh Trivedi,0.0,0.0,0.0
93384223381,METROPOLITAN BANK,30/01/2024,NEFT-672392742289-CLOUDTECH SERVICES,0.0,0.0,0.0
93384223381,METROPOLITAN BANK,31/01/2024,NEFT-308738645074-PREMIUM PROPERTIES LTD,0.0,0.0,0.0
93384223381,METROPOLITAN BANK,31/01/2024,CLG-MEDCARE LABORATORIES,0.0,0.0,0.0
93384223381,METROPOLITAN BANK,01/02/2024,CHQ PAID-Mehul Shah-MICR,0.0,0.0,0.0
93384223381,METROPOLITAN BANK,01/02/2024,CHQ PAID-Bhavesh Patel-MICR,0.0,0.0,0.0
93384223381,METROPOLITAN BANK,02/02/2024,RTGS-ICICR854708407975-Nisha Patel,0.0,0.0,0.0
93384223381,METROPOLITAN BANK,05/02/2024,CLG-NETFORGE TECHNOLOGIES,0.0,0.0,0.0
93384223381,METROPOLITAN BANK,05/02/2024,CHQ PAID-Paresh Patel-MICR,0.0,0.0,0.0
93384223381,METROPOLITAN BANK,05/02/2024,Dividend Cr-CREDIT SERVICES LTD-EQUITY SHARES,0.0,0.0,0.0
93384223381,METROPOLITAN BANK,06/02/2024,NEFT-983218290557-FABRIC INDUSTRIES INDIA,0.0,0.0,0.0
93384223381,METROPOLITAN BANK,06/02/2024,NEFT-842193713036-GST PAYMENT-GSTIN,0.0,0.0,0.0
93384223381,METROPOLITAN BANK,07/02/2024,Dividend Cr-INFOCORE TECHNOLOGIES-EQUITY SHARES,0.0,0.0,0.0
93384223381,METROPOLITAN BANK,07/02/2024,NEFT-141523733828-CREDIT SERVICES LTD,0.0,0.0,0.0
93384223381,METROPOLITAN BANK,08/02/2024,CASH DEPOSIT-Hitesh Parekh,0.0,0.0,0.0
93384223381,METROPOLITAN BANK,08/02/2024,NEFT-186438494812-FOOD INDUSTRIES CORP,0.0,0.0,0.0
93384223381,METROPOLITAN BANK,08/02/2024,UPI/CR/410711797551/Nilesh Shah/8813068972@pay,0.0,0.0,0.0
93384223381,METROPOLITAN BANK,09/02/2024,CHQ PAID-Paresh Vora-MICR,0.0,0.0,0.0
93384223381,METROPOLITAN BANK,09/02/2024,UPI/CR/894019811456/Nilesh Patel/6797789682@pay,0.0,0.0,0.0
93384223381,METROPOLITAN BANK,09/02/2024,NEFT-567457915672-PREMIUM INFRASTRUCTURE,0.0,0.0,0.0
93384223381,METROPOLITAN BANK,09/02/2024,NEFT-380882243790-CONSUMER PRODUCTS INDIA,0.0,0.0,0.0
93384223381,METROPOLITAN BANK,09/02/2024,NEFT-334731736848-TECHVISION SYSTEMS,0.0,0.0,0.0
93384223381,METROPOLITAN BANK,10/02/2024,NEFT-290983381125-CONSTRUCTION SOLUTIONS LTD,0.0,0.0,0.0
93384223381,METROPOLITAN BANK,10/02/2024,NEFT-754450007147-Paresh Desai,0.0,0.0,0.0
93384223381,METROPOLITAN BANK,12/02/2024,IMPS-275499867653-HEALTHPLUS PHARMA LTD,0.0,0.0,0.0
93384223381,METROPOLITAN BANK,12/02/2024,NEFT-909482995564-DIGITAL SOLUTIONS INDIA,0.0,0.0,0.0
93384223381,METROPOLITAN BANK,13/02/2024,NEFT Dr-215352240050-SOFTWARE SUBSCRIPTION,0.0,0.0,0.0
93384223381,METROPOLITAN BANK,14/02/2024,NEFT-145167901769-HEALTHPLUS PHARMA LTD,0.0,0.0,0.0
93384223381,METROPOLITAN BANK,16/02/2024,IMPS-587018214586-INFOCORE TECHNOLOGIES,0.0,0.0,0.0
93384223381,METROPOLITAN BANK,16/02/2024,CLG-HEALTHCARE PRODUCTS LTD,0.0,0.0,0.0
93384223381,METROPOLITAN BANK,16/02/2024,RTGS-ICICR757597662337-Jayesh Amin,0.0,0.0,0.0
93384223381,METROPOLITAN BANK,17/02/2024,CLG-DATABRIDGE INFOTECH,0.0,0.0,0.0
93384223381,METROPOLITAN BANK,17/02/2024,NEFT-970968982481-Nilesh Parekh,0.0,0.0,0.0
93384223381,METROPOLITAN BANK,17/02/2024,RTGS-ICICR364505571938-Jayesh Amin,0.0,0.0,0.0
93384223381,METROPOLITAN BANK,17/02/2024,IMPS-849845601013-SUPPLY CHAIN CORP,0.0,0.0,0.0
93384223381,METROPOLITAN BANK,19/02/2024,NEFT-389133035490-COTTON MILLS CORP,0.0,0.0,0.0
93384223381,METROPOLITAN BANK,19/02/2024,ATM WDL-84252,0.0,0.0,0.0
93384223381,METROPOLITAN BANK,19/02/2024,NEFT-616735310684-Jayesh Trivedi,0.0,0.0,0.0
93384223381,METROPOLITAN BANK,19/02/2024,CASH DEPOSIT-Hitesh Vora,0.0,0.0,0.0
93384223381,METROPOLITAN BANK,20/02/2024,REVERSAL-NEFT-389133035490-COTTON MILLS CORP,0.0,0.0,0.0
93384223381,METROPOLITAN BANK,20/02/2024,ATM WDL-95209,0.0,0.0,0.0
93384223381,METROPOLITAN BANK,22/02/2024,NEFT-279230595494-Mehul Vora,0.0,0.0,0.0
93384223381,METROPOLITAN BANK,22/02/2024,RTGS-ICICR704007154997-INDUSTRIAL COMPONENTS INDIA,0.0,0.0,0.0
93384223381,METROPOLITAN BANK,23/02/2024,CLG-RETAIL SOLUTIONS INDIA,0.0,0.0,0.0
93384223381,METROPOLITAN BANK,23/02/2024,NEFT-747774176162-CONSTRUCTION SOLUTIONS LTD,0.0,0.0,0.0
93384223381,METROPOLITAN BANK,24/02/2024,NEFT Dr-213425212214-UTILITY SUBSCRIPTION,0.0,0.0,0.0
93384223381,METROPOLITAN BANK,28/02/2024,Dividend Cr-RETAIL SOLUTIONS INDIA-EQUITY SHARES,0.0,0.0,0.0
93384223381,METROPOLITAN BANK,28/02/2024,CASH DEPOSIT-Nilesh Vora,0.0,0.0,0.0
93384223381,METROPOLITAN BANK,28/02/2024,NEFT-492320672897-Bhavesh Shah,0.0,0.0,0.0
93384223381,METROPOLITAN BANK,28/02/2024,Service Charges-Foreign Currency Markup,0.0,0.0,0.0
93384223381,METROPOLITAN BANK,28/02/2024,Service Charges-Cheque Book Charges,0.0,0.0,0.0
93384223381,METROPOLITAN BANK,29/02/2024,IMPS-433056836284-LIFELINE PHARMACEUTICAL,0.0,0.0,0.0
93384223381,METROPOLITAN BANK,29/02/2024,CLG-WELLNESS BRANDS INDIA,0.0,0.0,0.0
93384223381,METROPOLITAN BANK,01/03/2024,CHQ PAID-Ketan Trivedi-MICR,0.0,0.0,0.0
93384223381,METROPOLITAN BANK,04/03/2024,IMPS-106931519307-WEBSTREAM LIMITED,0.0,0.0,0.0
93384223381,METROPOLITAN BANK,04/03/2024,UPI/CR/914542152205/Jayesh Modi/8691639616@pay,0.0,0.0,0.0
93384223381,METROPOLITAN BANK,04/03/2024,IMPS-698817460861-CYBERCRAFT SYSTEMS,0.0,0.0,0.0
93384223381,METROPOLITAN BANK,05/03/2024,ATM WDL-82339,0.0,0.0,0.0
93384223381,METROPOLITAN BANK,05/03/2024,CASH DEPOSIT-Ketan Modi,0.0,0.0,0.0
93384223381,METROPOLITAN BANK,06/03/2024,CLG-NETPULSE SYSTEMS,0.0,0.0,0.0
93384223381,METROPOLITAN BANK,06/03/2024,CHQ PAID-Bhavesh Patel-MICR,0.0,0.0,0.0
93384223381,METROPOLITAN BANK,06/03/2024,CHQ PAID-Ketan Desai-MICR,0.0,0.0,0.0
93384223381,METROPOLITAN BANK,06/03/2024,NEFT-522907164709-METROPOLITAN BUILDERS,0.0,0.0,0.0
93384223381,METROPOLITAN BANK,06/03/2024,CASH DEPOSIT-Mehul Trivedi,0.0,0.0,0.0
93384223381,METROPOLITAN BANK,07/03/2024,IMPS-571279126562-REALTY VENTURES LTD,0.0,0.0,0.0
93384223381,METROPOLITAN BANK,07/03/2024,Dividend Cr-PREMIUM PROPERTIES LTD-EQUITY SHARES,0.0,0.0,0.0
93384223381,METROPOLITAN BANK,07/03/2024,IMPS-994655919479-DATABRIDGE INFOTECH,0.0,0.0,0.0
93384223381,METROPOLITAN BANK,09/03/2024,CLG-CAPITAL VENTURES INDIA,0.0,0.0,0.0
93384223381,METROPOLITAN BANK,11/03/2024,NEFT-961309725926-NETFORGE TECHNOLOGIES,0.0,0.0,0.0
93384223381,METROPOLITAN BANK,12/03/2024,UPI/CR/413585542599/Bhavesh Desai/7494845643@pay,0.0,0.0,0.0
93384223381,METROPOLITAN BANK,12/03/2024,CHQ PAID-Jayesh Patel-MICR,0.0,0.0,0.0
93384223381,METROPOLITAN BANK,13/03/2024,NEFT Dr-204788498346-INSURANCE SUBSCRIPTION,0.0,0.0,0.0
93384223381,METROPOLITAN BANK,13/03/2024,UPI/CR/823343505801/Ketan Shah/6274274804@pay,0.0,0.0,0.0
93384223381,METROPOLITAN BANK,13/03/2024,UPI/CR/459704163845/Mehul Desai/8108881085@pay,0.0,0.0,0.0
93384223381,METROPOLITAN BANK,13/03/2024,UPI/CR/535002010323/Bhavesh Vora/8163771775@pay,0.0,0.0,0.0
93384223381,METROPOLITAN BANK,14/03/2024,IMPS-566121552011-SUPPLY CHAIN CORP,0.0,0.0,0.0
93384223381,METROPOLITAN BANK,14/03/2024,IMPS-203046836607-SUPPLY CHAIN CORP,0.0,0.0,0.0
93384223381,METROPOLITAN BANK,15/03/2024,CLG-DIGITAL SOLUTIONS INDIA,0.0,0.0,0.0
93384223381,METROPOLITAN BANK,15/03/2024,Dividend Cr-EXPRESS LOGISTICS INDIA-EQUITY SHARES,0.0,0.0,0.0
93384223381,METROPOLITAN BANK,15/03/2024,CHQ PAID-Ketan Parekh-MICR,0.0,0.0,0.0
93384223381,METROPOLITAN BANK,15/03/2024,UPI/CR/291076737574/Nisha Patel/8941199799@pay,0.0,0.0,0.0
93384223381,METROPOLITAN BANK,16/03/2024,NEFT-347581877663-THERMAL SYSTEMS LTD,0.0,0.0,0.0
93384223381,METROPOLITAN BANK,16/03/2024,CHQ PAID-Mehul Shah-MICR,0.0,0.0,0.0
93384223381,METROPOLITAN BANK,19/03/2024,CLG-COTTON MILLS CORP,0.0,0.0,0.0
93384223381,METROPOLITAN BANK,19/03/2024,UPI/CR/916181536628/Nilesh Modi/8021647662@pay,0.0,0.0,0.0
93384223381,METROPOLITAN BANK,19/03/2024,IMPS-140352653407-INVESTMENT SERVICES INDIA,0.0,0.0,0.0
93384223381,METROPOLITAN BANK,20/03/2024,IMPS-638184256304-PREMIUM PROPERTIES LTD,0.0,0.0,0.0
93384223381,METROPOLITAN BANK,20/03/2024,IMPS-658372899443-METROPOLITAN BUILDERS,0.0,0.0,0.0
93384223381,METROPOLITAN BANK,20/03/2024,NEFT-283852917349-CONSTRUCTION SOLUTIONS LTD,0.0,0.0,0.0
93384223381,METROPOLITAN BANK,21/03/2024,ATM WDL-52500,0.0,0.0,0.0
93384223381,METROPOLITAN BANK,22/03/2024,UPI/DR/169231322184/Hitesh Desai/7157355361@pay,0.0,0.0,0.0
93384223381,METROPOLITAN BANK,22/03/2024,IMPS-554008839213-Ketan Parekh,0.0,0.0,0.0
93384223381,METROPOLITAN BANK,23/03/2024,CHQ PAID-Hitesh Modi-MICR,0.0,0.0,0.0
93384223381,METROPOLITAN BANK,23/03/2024,NEFT-849517460733-HOUSING DEVELOPERS CORP,0.0,0.0,0.0
93384223381,METROPOLITAN BANK,23/03/2024,CHQ PAID-Jayesh Parekh-MICR,0.0,0.0,0.0
93384223381,METROPOLITAN BANK,23/03/2024,CLG-CODEBASE SOLUTIONS,0.0,0.0,0.0
93384223381,METROPOLITAN BANK,26/03/2024,RTGS-ICICR941344384560-FINANCE SOLUTIONS INDIA,0.0,0.0,0.0
93384223381,METROPOLITAN BANK,26/03/2024,NEFT-750025655641-Hitesh Patel,0.0,0.0,0.0
93384223381,METROPOLITAN BANK,26/03/2024,CHQ PAID-Jayesh Modi-MICR,0.0,0.0,0.0
93384223381,METROPOLITAN BANK,28/03/2024,CHQ PAID-Bhavesh Parekh-MICR,0.0,0.0,0.0
93384223381,METROPOLITAN BANK,28/03/2024,NEFT-746320021533-APEX HEAVY INDUSTRIES,0.0,0.0,0.0
93384223381,METROPOLITAN BANK,28/03/2024,NEFT-422535771910-Mehul Trivedi,0.0,0.0,0.0
93384223381,METROPOLITAN BANK,28/03/2024,UPI/DR/703201722864/Nisha Trivedi/6980044256@pay,0.0,0.0,0.0
93384223381,METROPOLITAN BANK,28/03/2024,CLG-PREMIUM PROPERTIES LTD,0.0,0.0,0.0
93384223381,METROPOLITAN BANK,28/03/2024,SERVICE CHARGES-Account Maintenance,0.0,0.0,0.0
93384223381,METROPOLITAN BANK,28/03/2024,CLG-GATEWAY PROJECTS LTD,0.0,0.0,0.0
93384223381,METROPOLITAN BANK,28/03/2024,Service Charges-Online Banking Charges,0.0,0.0,0.0
93384223381,METROPOLITAN BANK,28/03/2024,Service Charges-Foreign Currency Markup,0.0,0.0,0.0
93384223381,METROPOLITAN BANK,28/03/2024,Service Charges-NEFT/RTGS Charges,0.0,0.0,0.0
93384223381,METROPOLITAN BANK,30/03/2024,REVERSAL-RTGS-ICICR941344384560-FINANCE SOLUTIONS INDIA,0.0,0.0,0.0
93384223381,METROPOLITAN BANK,30/03/2024,NEFT-410071288545-FINANCE SOLUTIONS INDIA,0.0,0.0,0.0
93384223381,METROPOLITAN BANK,30/03/2024,RTGS-ICICR254812571989-LIFELINE PHARMACEUTICAL,0.0,0.0,0.0
93384223381,METROPOLITAN BANK,30/03/2024,NEFT-861490453571-Ketan Parekh,0.0,0.0,0.0
93384223381,METROPOLITAN BANK,30/03/2024,NEFT-227891769376-URBAN ESTATES INDIA,0.0,0.0,0.0
84555911581,HERITAGE BANK LIMITED,01/01/2024,RTGS-ICICR134932765740-HEALTHCARE PRODUCTS LTD,0.0,0.0,0.0
84555911581,HERITAGE BANK LIMITED,03/01/2024,NEFT-320135225266-Bhavesh Modi,0.0,0.0,0.0
84555911581,HERITAGE BANK LIMITED,03/01/2024,UPI/DR/579051077178/Ketan Vora/7531090669@pay,0.0,0.0,0.0
84555911581,HERITAGE BANK LIMITED,03/01/2024,IMPS-795167666443-HIGHWAY DEVELOPERS INDIA,0.0,0.0,0.0
84555911581,HERITAGE BANK LIMITED,03/01/2024,UPI/CR/569759272807/Paresh Vora/7599504940@pay,0.0,0.0,0.0
84555911581,HERITAGE BANK LIMITED,03/01/2024,NEFT-595933507143-APEX HEAVY INDUSTRIES,0.0,0.0,0.0
84555911581,HERITAGE BANK LIMITED,03/01/2024,IMPS-320994946846-CYBERCRAFT SYSTEMS,0.0,0.0,0.0
84555911581,HERITAGE BANK LIMITED,04/01/2024,CHQ PAID-Paresh Amin-MICR,0.0,0.0,0.0
84555911581,HERITAGE BANK LIMITED,05/01/2024,UPI/DR/254566972165/Mehul Desai/6394121682@pay,0.0,0.0,0.0
84555911581,HERITAGE BANK LIMITED,05/01/2024,IMPS-764844829309-Mehul Vora,0.0,0.0,0.0
84555911581,HERITAGE BANK LIMITED,05/01/2024,IMPS-612812302371-Mehul Shah,0.0,0.0,0.0
84555911581,HERITAGE BANK LIMITED,06/01/2024,NEFT-415102476124-HIGHWAY DEVELOPERS INDIA,0.0,0.0,0.0
84555911581,HERITAGE BANK LIMITED,06/01/2024,Dividend Cr-CREDIT SERVICES LTD-EQUITY SHARES,0.0,0.0,0.0
84555911581,HERITAGE BANK LIMITED,08/01/2024,RTGS-ICICR100763671416-MINDWAVE CONSULTING,0.0,0.0,0.0
84555911581,HERITAGE BANK LIMITED,09/01/2024,IMPS-405603831414-Mehul Patel,0.0,0.0,0.0
84555911581,HERITAGE BANK LIMITED,09/01/2024,CASH WITHDRAWAL-Nisha Vora,0.0,0.0,0.0
84555911581,HERITAGE BANK LIMITED,09/01/2024,SERVICE CHARGES-Cheque Book Charges,0.0,0.0,0.0
84555911581,HERITAGE BANK LIMITED,09/01/2024,RTGS-ICICR805855721078-Nilesh Parekh,0.0,0.0,0.0
84555911581,HERITAGE BANK LIMITED,09/01/2024,NEFT-276271335484-LOAN DISBURSEMENT-HEALTHPLUS PHARMA LTD,0.0,0.0,0.0
84555911581,HERITAGE BANK LIMITED,10/01/2024,NEFT-737444752010-CONSTRUCTION SOLUTIONS LTD,0.0,0.0,0.0
84555911581,HERITAGE BANK LIMITED,10/01/2024,NEFT-837108629415-MOTOR INDUSTRIES LTD,0.0,0.0,0.0
84555911581,HERITAGE BANK LIMITED,10/01/2024,NEFT-900144160801-Paresh Patel,0.0,0.0,0.0
84555911581,HERITAGE BANK LIMITED,10/01/2024,CHQ PAID-Jayesh Parekh-MICR,0.0,0.0,0.0
84555911581,HERITAGE BANK LIMITED,11/01/2024,CHQ PAID-Nisha Amin-MICR,0.0,0.0,0.0
84555911581,HERITAGE BANK LIMITED,11/01/2024,SERVICE CHARGES-NEFT/RTGS Charges,0.0,0.0,0.0
84555911581,HERITAGE BANK LIMITED,12/01/2024,RTGS-ICICR265149850922-GATEWAY PROJECTS LTD,0.0,0.0,0.0
84555911581,HERITAGE BANK LIMITED,12/01/2024,IMPS-482851626387-MOTOR INDUSTRIES LTD,0.0,0.0,0.0
84555911581,HERITAGE BANK LIMITED,12/01/2024,NEFT-472085616587-Mehul Patel,0.0,0.0,0.0
84555911581,HERITAGE BANK LIMITED,13/01/2024,NEFT-377751885173-MOTOR INDUSTRIES LTD,0.0,0.0,0.0
84555911581,HERITAGE BANK LIMITED,13/01/2024,UPI/DR/495375083763/Paresh Patel/8606931640@pay,0.0,0.0,0.0
84555911581,HERITAGE BANK LIMITED,13/01/2024,CHQ PAID-Ketan Desai-MICR,0.0,0.0,0.0
84555911581,HERITAGE BANK LIMITED,15/01/2024,UPI/DR/139523115508/Nilesh Trivedi/6283772236@pay,0.0,0.0,0.0
84555911581,HERITAGE BANK LIMITED,15/01/2024,UPI/DR/370761508274/Paresh Vora/9706958293@pay,0.0,0.0,0.0
84555911581,HERITAGE BANK LIMITED,15/01/2024,CASH DEPOSIT-Nilesh Patel,0.0,0.0,0.0
84555911581,HERITAGE BANK LIMITED,15/01/2024,UPI/CR/691805172450/Nilesh Amin/9034349960@pay,0.0,0.0,0.0
84555911581,HERITAGE BANK LIMITED,15/01/2024,RTGS-ICICR858910110508-TECHVISION SYSTEMS,0.0,0.0,0.0
84555911581,HERITAGE BANK LIMITED,15/01/2024,NEFT-456521820351-SOFTWAVE TECHNOLOGIES,0.0,0.0,0.0
84555911581,HERITAGE BANK LIMITED,16/01/2024,NEFT Dr-708950012003-INSURANCE SUBSCRIPTION,0.0,0.0,0.0
84555911581,HERITAGE BANK LIMITED,16/01/2024,CHQ PAID-Jayesh Patel-MICR,0.0,0.0,0.0
84555911581,HERITAGE BANK LIMITED,16/01/2024,IMPS-145236187719-Bhavesh Desai,0.0,0.0,0.0
84555911581,HERITAGE BANK LIMITED,16/01/2024,NEFT-968036108570-PRECISION ENGINEERING WORKS,0.0,0.0,0.0
84555911581,HERITAGE BANK LIMITED,17/01/2024,NEFT-781952455681-Hitesh Patel,0.0,0.0,0.0
84555911581,HERITAGE BANK LIMITED,17/01/2024,CASH DEPOSIT-Jayesh Shah,0.0,0.0,0.0
84555911581,HERITAGE BANK LIMITED,17/01/2024,NEFT-291922687148-Nilesh Desai,0.0,0.0,0.0
84555911581,HERITAGE BANK LIMITED,18/01/2024,CASH WITHDRAWAL-Hitesh Trivedi,0.0,0.0,0.0
84555911581,HERITAGE BANK LIMITED,18/01/2024,IMPS-172475936260-Nilesh Trivedi,0.0,0.0,0.0
84555911581,HERITAGE BANK LIMITED,19/01/2024,NEFT Dr-802643716876-CLOUD SUBSCRIPTION,0.0,0.0,0.0
84555911581,HERITAGE BANK LIMITED,19/01/2024,NEFT-928575414668-Nilesh Vora,0.0,0.0,0.0
84555911581,HERITAGE BANK LIMITED,19/01/2024,NEFT-162295749981-Paresh Trivedi,0.0,0.0,0.0
84555911581,HERITAGE BANK LIMITED,20/01/2024,IMPS-468464476717-Nilesh Shah,0.0,0.0,0.0
84555911581,HERITAGE BANK LIMITED,20/01/2024,CHQ PAID-Paresh Trivedi-MICR,0.0,0.0,0.0
84555911581,HERITAGE BANK LIMITED,20/01/2024,CLG-INVESTMENT SERVICES INDIA,0.0,0.0,0.0
84555911581,HERITAGE BANK LIMITED,20/01/2024,NEFT Dr-182398348951-GST PAYMENT-GSTIN 62A1482,0.0,0.0,0.0
84555911581,HERITAGE BANK LIMITED,20/01/2024,IMPS-393840722512-CONSTRUCTION SOLUTIONS LTD,0.0,0.0,0.0
84555911581,HERITAGE BANK LIMITED,20/01/2024,IMPS-292696294907-HEALTHCARE PRODUCTS LTD,0.0,0.0,0.0
84555911581,HERITAGE BANK LIMITED,22/01/2024,CHQ PAID-Bhavesh Trivedi-MICR,0.0,0.0,0.0
84555911581,HERITAGE BANK LIMITED,23/01/2024,RTGS-ICICR123485844620-Bhavesh Parekh,0.0,0.0,0.0
84555911581,HERITAGE BANK LIMITED,24/01/2024,ATM WDL-75894,0.0,0.0,0.0
84555911581,HERITAGE BANK LIMITED,24/01/2024,CASH DEPOSIT-Mehul Patel,0.0,0.0,0.0
84555911581,HERITAGE BANK LIMITED,25/01/2024,NEFT-674469696834-Nilesh Shah,0.0,0.0,0.0
84555911581,HERITAGE BANK LIMITED,25/01/2024,CASH DEPOSIT-Nisha Vora,0.0,0.0,0.0
84555911581,HERITAGE BANK LIMITED,25/01/2024,NEFT-781259795302-HOUSING DEVELOPERS CORP,0.0,0.0,0.0
84555911581,HERITAGE BANK LIMITED,27/01/2024,UPI/CR/353390677098/Hitesh Amin/8105559647@pay,0.0,0.0,0.0
84555911581,HERITAGE BANK LIMITED,27/01/2024,CLG-CYBERCRAFT SYSTEMS,0.0,0.0,0.0
84555911581,HERITAGE BANK LIMITED,29/01/2024,UPI/CR/913805028803/Paresh Vora/8397687619@pay,0.0,0.0,0.0
84555911581,HERITAGE BANK LIMITED,29/01/2024,NEFT-681562197928-Bhavesh Patel,0.0,0.0,0.0
84555911581,HERITAGE BANK LIMITED,29/01/2024,CLG-PRECISION ENGINEERING WORKS,0.0,0.0,0.0
84555911581,HERITAGE BANK LIMITED,30/01/2024,IMPS-875219044447-PREMIUM PROPERTIES LTD,0.0,0.0,0.0
84555911581,HERITAGE BANK LIMITED,30/01/2024,IMPS-531810688228-DATABRIDGE INFOTECH,0.0,0.0,0.0
84555911581,HERITAGE BANK LIMITED,31/01/2024,IMPS-796228724528-WEBSTREAM LIMITED,0.0,0.0,0.0
84555911581,HERITAGE BANK LIMITED,31/01/2024,NEFT-972914529656-HEALTHCARE PRODUCTS LTD,0.0,0.0,0.0
84555911581,HERITAGE BANK LIMITED,01/02/2024,UPI/DR/197947498148/Nisha Patel/8719945314@pay,0.0,0.0,0.0
84555911581,HERITAGE BANK LIMITED,02/02/2024,UPI/CR/658425844894/Jayesh Shah/6196424766@pay,0.0,0.0,0.0
84555911581,HERITAGE BANK LIMITED,03/02/2024,NEFT-245392934918-Bhavesh Desai,0.0,0.0,0.0
84555911581,HERITAGE BANK LIMITED,03/02/2024,CASH DEPOSIT-Nisha Amin,0.0,0.0,0.0
84555911581,HERITAGE BANK LIMITED,05/02/2024,ATM WDL-23198,0.0,0.0,0.0
84555911581,HERITAGE BANK LIMITED,05/02/2024,NEFT-616495653606-Mehul Amin,0.0,0.0,0.0
84555911581,HERITAGE BANK LIMITED,05/02/2024,CASH DEPOSIT-Ketan Parekh,0.0,0.0,0.0
84555911581,HERITAGE BANK LIMITED,05/02/2024,CHQ PAID-Hitesh Shah-MICR,0.0,0.0,0.0
84555911581,HERITAGE BANK LIMITED,06/02/2024,IMPS-256180012018-CONSTRUCTION SOLUTIONS LTD,0.0,0.0,0.0
84555911581,HERITAGE BANK LIMITED,06/02/2024,CHQ PAID-Paresh Patel-MICR,0.0,0.0,0.0
84555911581,HERITAGE BANK LIMITED,07/02/2024,NEFT-662782615206-INVESTMENT SERVICES INDIA,0.0,0.0,0.0
84555911581,HERITAGE BANK LIMITED,07/02/2024,CLG-RETAIL SOLUTIONS INDIA,0.0,0.0,0.0
84555911581,HERITAGE BANK LIMITED,09/02/2024,NEFT-158437023567-NETFORGE TECHNOLOGIES,0.0,0.0,0.0
84555911581,HERITAGE BANK LIMITED,10/02/2024,CASH DEPOSIT-Hitesh Desai,0.0,0.0,0.0
84555911581,HERITAGE BANK LIMITED,13/02/2024,UPI/CR/411588343662/Jayesh Modi/6336125159@pay,0.0,0.0,0.0
84555911581,HERITAGE BANK LIMITED,13/02/2024,RTGS-ICICR676226771132-Nilesh Shah,0.0,0.0,0.0
84555911581,HERITAGE BANK LIMITED,13/02/2024,NEFT-321930510241-Mehul Modi,0.0,0.0,0.0
84555911581,HERITAGE BANK LIMITED,13/02/2024,IMPS-777165506543-HEALTHCARE PRODUCTS LTD,0.0,0.0,0.0
84555911581,HERITAGE BANK LIMITED,13/02/2024,RTGS-ICICR458535613995-METROPOLITAN BUILDERS,0.0,0.0,0.0
84555911581,HERITAGE BANK LIMITED,13/02/2024,IMPS-541787883889-PREMIUM PROPERTIES LTD,0.0,0.0,0.0
84555911581,HERITAGE BANK LIMITED,14/02/2024,CLG-CARGO SOLUTIONS LTD,0.0,0.0,0.0
84555911581,HERITAGE BANK LIMITED,14/02/2024,REVERSAL-IMPS-777165506543-HEALTHCARE PRODUCTS LTD,0.0,0.0,0.0
84555911581,HERITAGE BANK LIMITED,14/02/2024,CHQ PAID-Paresh Patel-MICR,0.0,0.0,0.0
84555911581,HERITAGE BANK LIMITED,15/02/2024,CLG-RETAIL SOLUTIONS INDIA,0.0,0.0,0.0
84555911581,HERITAGE BANK LIMITED,16/02/2024,NEFT Dr-752701092713-INSURANCE SUBSCRIPTION,0.0,0.0,0.0
84555911581,HERITAGE BANK LIMITED,16/02/2024,NEFT-731310765204-Nisha Modi,0.0,0.0,0.0
84555911581,HERITAGE BANK LIMITED,17/02/2024,CLG-FOOD INDUSTRIES CORP,0.0,0.0,0.0
84555911581,HERITAGE BANK LIMITED,17/02/2024,CASH WITHDRAWAL-Nilesh Modi,0.0,0.0,0.0
84555911581,HERITAGE BANK LIMITED,19/02/2024,NEFT Dr-775279176149-UTILITY SUBSCRIPTION,0.0,0.0,0.0
84555911581,HERITAGE BANK LIMITED,19/02/2024,SERVICE CHARGES-Cheque Book Charges,0.0,0.0,0.0
84555911581,HERITAGE BANK LIMITED,19/02/2024,CLG-DIGITAL SOLUTIONS INDIA,0.0,0.0,0.0
84555911581,HERITAGE BANK LIMITED,19/02/2024,CHQ PAID-Ketan Amin-MICR,0.0,0.0,0.0
84555911581,HERITAGE BANK LIMITED,19/02/2024,Dividend Cr-REALTY VENTURES LTD-EQUITY SHARES,0.0,0.0,0.0
84555911581,HERITAGE BANK LIMITED,20/02/2024,NEFT Dr-247627721206-GST PAYMENT-GSTIN 59B7707,0.0,0.0,0.0
84555911581,HERITAGE BANK LIMITED,20/02/2024,NEFT-730423517879-NETPULSE SYSTEMS,0.0,0.0,0.0
84555911581,HERITAGE BANK LIMITED,21/02/2024,REVERSAL-CLG-DIGITAL SOLUTIONS INDIA,0.0,0.0,0.0
84555911581,HERITAGE BANK LIMITED,21/02/2024,IMPS-414015558198-AUTOMOTIVE PARTS CORP,0.0,0.0,0.0
84555911581,HERITAGE BANK LIMITED,21/02/2024,NEFT-705603749160-Mehul Shah,0.0,0.0,0.0
84555911581,HERITAGE BANK LIMITED,22/02/2024,IMPS-518855012023-URBAN ESTATES INDIA,0.0,0.0,0.0
84555911581,HERITAGE BANK LIMITED,23/02/2024,RTGS-ICICR811108831269-Jayesh Shah,0.0,0.0,0.0
84555911581,HERITAGE BANK LIMITED,23/02/2024,CASH DEPOSIT-Ketan Parekh,0.0,0.0,0.0
84555911581,HERITAGE BANK LIMITED,24/02/2024,IMPS-261159117223-RETAIL SOLUTIONS INDIA,0.0,0.0,0.0
84555911581,HERITAGE BANK LIMITED,26/02/2024,SERVICE CHARGES-Cheque Book Charges,0.0,0.0,0.0
84555911581,HERITAGE BANK LIMITED,26/02/2024,CLG-HIGHWAY DEVELOPERS INDIA,0.0,0.0,0.0
84555911581,HERITAGE BANK LIMITED,26/02/2024,CLG-URBAN ESTATES INDIA,0.0,0.0,0.0
84555911581,HERITAGE BANK LIMITED,28/02/2024,Service Charges-Statement Charges,0.0,0.0,0.0
84555911581,HERITAGE BANK LIMITED,28/02/2024,Service Charges-Demat Account AMC,0.0,0.0,0.0
84555911581,HERITAGE BANK LIMITED,28/02/2024,Service Charges-Cheque Book Charges,0.0,0.0,0.0
84555911581,HERITAGE BANK LIMITED,29/02/2024,RTGS-ICICR301603514692-URBAN ESTATES INDIA,0.0,0.0,0.0
84555911581,HERITAGE BANK LIMITED,29/02/2024,CASH DEPOSIT-Mehul Trivedi,0.0,0.0,0.0
84555911581,HERITAGE BANK LIMITED,05/03/2024,UPI/CR/283389734672/Paresh Trivedi/9688114203@pay,0.0,0.0,0.0
84555911581,HERITAGE BANK LIMITED,05/03/2024,NEFT-432795260226-CONSUMER PRODUCTS INDIA,0.0,0.0,0.0
84555911581,HERITAGE BANK LIMITED,06/03/2024,UPI/CR/190183462759/Ketan Trivedi/8520139571@pay,0.0,0.0,0.0
84555911581,HERITAGE BANK LIMITED,06/03/2024,CLG-REALTY VENTURES LTD,0.0,0.0,0.0
84555911581,HERITAGE BANK LIMITED,06/03/2024,NEFT-314928910990-CODEBASE SOLUTIONS,0.0,0.0,0.0
84555911581,HERITAGE BANK LIMITED,07/03/2024,IMPS-643842665838-INFOCORE TECHNOLOGIES,0.0,0.0,0.0
84555911581,HERITAGE BANK LIMITED,09/03/2024,NEFT-917753757807-LOAN DISBURSEMENT-URBAN ESTATES INDIA,0.0,0.0,0.0
84555911581,HERITAGE BANK LIMITED,09/03/2024,CHQ PAID-Ketan Shah-MICR,0.0,0.0,0.0
84555911581,HERITAGE BANK LIMITED,09/03/2024,UPI/CR/611834688546/Nilesh Trivedi/9791369295@pay,0.0,0.0,0.0
84555911581,HERITAGE BANK LIMITED,11/03/2024,IMPS-522506828021-Bhavesh Parekh,0.0,0.0,0.0
84555911581,HERITAGE BANK LIMITED,11/03/2024,NEFT-178990329180-URBAN CONSTRUCTIONS,0.0,0.0,0.0
84555911581,HERITAGE BANK LIMITED,12/03/2024,NEFT-367780087236-INVESTMENT SERVICES INDIA,0.0,0.0,0.0
84555911581,HERITAGE BANK LIMITED,13/03/2024,CASH WITHDRAWAL-Nisha Parekh,0.0,0.0,0.0
84555911581,HERITAGE BANK LIMITED,14/03/2024,CLG-MINDWAVE CONSULTING,0.0,0.0,0.0
84555911581,HERITAGE BANK LIMITED,14/03/2024,IMPS-862421579830-Hitesh Trivedi,0.0,0.0,0.0
84555911581,HERITAGE BANK LIMITED,14/03/2024,IMPS-450024985540-APEX HEAVY INDUSTRIES,0.0,0.0,0.0
84555911581,HERITAGE BANK LIMITED,15/03/2024,Dividend Cr-AUTOMOTIVE PARTS CORP-EQUITY SHARES,0.0,0.0,0.0
84555911581,HERITAGE BANK LIMITED,15/03/2024,CHQ PAID-Nisha Desai-MICR,0.0,0.0,0.0
84555911581,HERITAGE BANK LIMITED,15/03/2024,RTGS-ICICR139666027295-LIFELINE PHARMACEUTICAL,0.0,0.0,0.0
84555911581,HERITAGE BANK LIMITED,16/03/2024,NEFT Dr-472954720209-UTILITY SUBSCRIPTION,0.0,0.0,0.0
84555911581,HERITAGE BANK LIMITED,16/03/2024,NEFT-891928156036-URBAN ESTATES INDIA,0.0,0.0,0.0
84555911581,HERITAGE BANK LIMITED,16/03/2024,CHQ PAID-Nilesh Modi-MICR,0.0,0.0,0.0
84555911581,HERITAGE BANK LIMITED,18/03/2024,NEFT-618066876562-Jayesh Desai,0.0,0.0,0.0
84555911581,HERITAGE BANK LIMITED,19/03/2024,NEFT Dr-248020150598-CLOUD SUBSCRIPTION,0.0,0.0,0.0
84555911581,HERITAGE BANK LIMITED,19/03/2024,CLG-COTTON MILLS CORP,0.0,0.0,0.0
84555911581,HERITAGE BANK LIMITED,20/03/2024,CLG-WELLNESS BRANDS INDIA,0.0,0.0,0.0
84555911581,HERITAGE BANK LIMITED,20/03/2024,RTGS-ICICR169356155535-CLOUDTECH SERVICES,0.0,0.0,0.0
84555911581,HERITAGE BANK LIMITED,20/03/2024,Dividend Cr-THERMAL SYSTEMS LTD-EQUITY SHARES,0.0,0.0,0.0
84555911581,HERITAGE BANK LIMITED,20/03/2024,IMPS-470396608670-INVESTMENT SERVICES INDIA,0.0,0.0,0.0
84555911581,HERITAGE BANK LIMITED,20/03/2024,CLG-INDUSTRIAL COMPONENTS INDIA,0.0,0.0,0.0
84555911581,HERITAGE BANK LIMITED,20/03/2024,NEFT Dr-224120104598-GST PAYMENT-GSTIN 89C5757,0.0,0.0,0.0
84555911581,HERITAGE BANK LIMITED,20/03/2024,CHQ PAID-Mehul Amin-MICR,0.0,0.0,0.0
84555911581,HERITAGE BANK LIMITED,21/03/2024,ATM WDL-99354,0.0,0.0,0.0
84555911581,HERITAGE BANK LIMITED,21/03/2024,RTGS-ICICR436926571926-Ketan Vora,0.0,0.0,0.0
84555911581,HERITAGE BANK LIMITED,21/03/2024,IMPS-432536957815-Ketan Trivedi,0.0,0.0,0.0
84555911581,HERITAGE BANK LIMITED,21/03/2024,IMPS-875770303029-Ketan Shah,0.0,0.0,0.0
84555911581,HERITAGE BANK LIMITED,23/03/2024,UPI/DR/273003559726/Nilesh Vora/6257333844@pay,0.0,0.0,0.0
84555911581,HERITAGE BANK LIMITED,23/03/2024,CHQ PAID-Nilesh Amin-MICR,0.0,0.0,0.0
84555911581,HERITAGE BANK LIMITED,26/03/2024,UPI/CR/354962663698/Nisha Modi/8046276090@pay,0.0,0.0,0.0
84555911581,HERITAGE BANK LIMITED,27/03/2024,CLG-GATEWAY PROJECTS LTD,0.0,0.0,0.0
84555911581,HERITAGE BANK LIMITED,28/03/2024,NEFT-145607746416-Nisha Desai,0.0,0.0,0.0
84555911581,HERITAGE BANK LIMITED,28/03/2024,CLG-COTTON MILLS CORP,0.0,0.0,0.0
84555911581,HERITAGE BANK LIMITED,28/03/2024,Service Charges-Account Maintenance,0.0,0.0,0.0
84555911581,HERITAGE BANK LIMITED,30/03/2024,NEFT-767797528400-Ketan Parekh,0.0,0.0,0.0
84555911581,HERITAGE BANK LIMITED,30/03/2024,NEFT-528895990225-Nisha Desai,0.0,0.0,0.0
90007491297,ZENITH BANK OF INDIA,01/01/2024,IMPS-844241580364-SOFTWAVE TECHNOLOGIES,0.0,0.0,0.0
90007491297,ZENITH BANK OF INDIA,03/01/2024,NEFT-306475076102-LOAN DISBURSEMENT-INVESTMENT SERVICES INDIA,0.0,0.0,0.0
90007491297,ZENITH BANK OF INDIA,03/01/2024,CHQ PAID-Hitesh Desai-MICR,0.0,0.0,0.0
90007491297,ZENITH BANK OF INDIA,03/01/2024,CLG-FASHION TEXTILES LTD,0.0,0.0,0.0
90007491297,ZENITH BANK OF INDIA,03/01/2024,NEFT-512143878961-INFOCORE TECHNOLOGIES,0.0,0.0,0.0
90007491297,ZENITH BANK OF INDIA,04/01/2024,IMPS-820067634234-FOOD INDUSTRIES CORP,0.0,0.0,0.0
90007491297,ZENITH BANK OF INDIA,04/01/2024,IMPS-317455667862-PERSONAL CARE LTD,0.0,0.0,0.0
90007491297,ZENITH BANK OF INDIA,05/01/2024,NEFT-565101426744-DIGITAL SOLUTIONS INDIA,0.0,0.0,0.0
90007491297,ZENITH BANK OF INDIA,06/01/2024,IMPS-353579424939-SUPPLY CHAIN CORP,0.0,0.0,0.0
90007491297,ZENITH BANK OF INDIA,06/01/2024,CHQ PAID-Nisha Shah-MICR,0.0,0.0,0.0
90007491297,ZENITH BANK OF INDIA,08/01/2024,CHQ PAID-Jayesh Vora-MICR,0.0,0.0,0.0
90007491297,ZENITH BANK OF INDIA,08/01/2024,CLG-URBAN ESTATES INDIA,0.0,0.0,0.0
90007491297,ZENITH BANK OF INDIA,08/01/2024,NEFT-993008135982-MOTOR INDUSTRIES LTD,0.0,0.0,0.0
90007491297,ZENITH BANK OF INDIA,08/01/2024,UPI/DR/293729941720/Nisha Desai/8714266173@pay,0.0,0.0,0.0
90007491297,ZENITH BANK OF INDIA,09/01/2024,CHQ PAID-Ketan Vora-MICR,0.0,0.0,0.0
90007491297,ZENITH BANK OF INDIA,09/01/2024,Dividend Cr-DATABRIDGE INFOTECH-EQUITY SHARES,0.0,0.0,0.0
90007491297,ZENITH BANK OF INDIA,10/01/2024,UPI/DR/555775526123/Nilesh Shah/7474895921@pay,0.0,0.0,0.0
90007491297,ZENITH BANK OF INDIA,10/01/2024,CHQ PAID-Mehul Vora-MICR,0.0,0.0,0.0
90007491297,ZENITH BANK OF INDIA,11/01/2024,NEFT-681201794266-Mehul Patel,0.0,0.0,0.0
90007491297,ZENITH BANK OF INDIA,12/01/2024,CHQ PAID-Nisha Desai-MICR,0.0,0.0,0.0
90007491297,ZENITH BANK OF INDIA,12/01/2024,NEFT-169812578027-PREMIUM PROPERTIES LTD,0.0,0.0,0.0
90007491297,ZENITH BANK OF INDIA,13/01/2024,CHQ PAID-Jayesh Shah-MICR,0.0,0.0,0.0
90007491297,ZENITH BANK OF INDIA,13/01/2024,NEFT-548807770340-CODEBASE SOLUTIONS,0.0,0.0,0.0
90007491297,ZENITH BANK OF INDIA,13/01/2024,RTGS-ICICR383207058717-LIFELINE PHARMACEUTICAL,0.0,0.0,0.0
90007491297,ZENITH BANK OF INDIA,13/01/2024,NEFT-896907646516-PERSONAL CARE LTD,0.0,0.0,0.0
90007491297,ZENITH BANK OF INDIA,15/01/2024,CASH DEPOSIT-Nisha Parekh,0.0,0.0,0.0
90007491297,ZENITH BANK OF INDIA,15/01/2024,NEFT-791396919996-Bhavesh Trivedi,0.0,0.0,0.0
90007491297,ZENITH BANK OF INDIA,15/01/2024,NEFT-415922446755-Ketan Desai,0.0,0.0,0.0
90007491297,ZENITH BANK OF INDIA,16/01/2024,IMPS-517267662488-INVESTMENT SERVICES INDIA,0.0,0.0,0.0
90007491297,ZENITH BANK OF INDIA,16/01/2024,NEFT-533584578389-INDUSTRIAL COMPONENTS INDIA,0.0,0.0,0.0
90007491297,ZENITH BANK OF INDIA,16/01/2024,CHQ PAID-Hitesh Parekh-MICR,0.0,0.0,0.0
90007491297,ZENITH BANK OF INDIA,16/01/2024,CLG-DIGITAL SOLUTIONS INDIA,0.0,0.0,0.0
90007491297,ZENITH BANK OF INDIA,17/01/2024,NEFT-572197478049-Nisha Desai,0.0,0.0,0.0
90007491297,ZENITH BANK OF INDIA,18/01/2024,IMPS-451023497075-DIGITAL SOLUTIONS INDIA,0.0,0.0,0.0
90007491297,ZENITH BANK OF INDIA,18/01/2024,RTGS-ICICR244643729430-PREMIUM INFRASTRUCTURE,0.0,0.0,0.0
90007491297,ZENITH BANK OF INDIA,19/01/2024,NEFT-363195238146-Bhavesh Shah,0.0,0.0,0.0
90007491297,ZENITH BANK OF INDIA,19/01/2024,UPI/CR/307156706209/Hitesh Modi/6322834268@pay,0.0,0.0,0.0
90007491297,ZENITH BANK OF INDIA,19/01/2024,IMPS-528356700374-Hitesh Parekh,0.0,0.0,0.0
90007491297,ZENITH BANK OF INDIA,19/01/2024,UPI/DR/942086456442/Hitesh Trivedi/9206633914@pay,0.0,0.0,0.0
90007491297,ZENITH BANK OF INDIA,20/01/2024,CASH WITHDRAWAL-Mehul Amin,0.0,0.0,0.0
90007491297,ZENITH BANK OF INDIA,20/01/2024,CLG-CARGO SOLUTIONS LTD,0.0,0.0,0.0
90007491297,ZENITH BANK OF INDIA,20/01/2024,NEFT Dr-862316836280-GST PAYMENT-GSTIN 82C5512,0.0,0.0,0.0
90007491297,ZENITH BANK OF INDIA,20/01/2024,NEFT-727914408985-HIGHWAY DEVELOPERS INDIA,0.0,0.0,0.0
90007491297,ZENITH BANK OF INDIA,22/01/2024,CLG-CAPITAL VENTURES INDIA,0.0,0.0,0.0
90007491297,ZENITH BANK OF INDIA,23/01/2024,CLG-MEDCARE LABORATORIES,0.0,0.0,0.0
90007491297,ZENITH BANK OF INDIA,23/01/2024,ATM WDL-29612,0.0,0.0,0.0
90007491297,ZENITH BANK OF INDIA,24/01/2024,CASH WITHDRAWAL-Bhavesh Shah,0.0,0.0,0.0
90007491297,ZENITH BANK OF INDIA,25/01/2024,IMPS-555001643028-APEX HEAVY INDUSTRIES,0.0,0.0,0.0
90007491297,ZENITH BANK OF INDIA,27/01/2024,NEFT-380622177775-GST PAYMENT-GSTIN,0.0,0.0,0.0
90007491297,ZENITH BANK OF INDIA,27/01/2024,ATM WDL-27065,0.0,0.0,0.0
90007491297,ZENITH BANK OF INDIA,27/01/2024,CLG-PREMIUM INFRASTRUCTURE,0.0,0.0,0.0
90007491297,ZENITH BANK OF INDIA,27/01/2024,NEFT-203381517743-Hitesh Trivedi,0.0,0.0,0.0
90007491297,ZENITH BANK OF INDIA,29/01/2024,CASH DEPOSIT-Hitesh Shah,0.0,0.0,0.0
90007491297,ZENITH BANK OF INDIA,29/01/2024,CASH DEPOSIT-Ketan Trivedi,0.0,0.0,0.0
90007491297,ZENITH BANK OF INDIA,29/01/2024,NEFT-972539149103-Nisha Patel,0.0,0.0,0.0
90007491297,ZENITH BANK OF INDIA,29/01/2024,IMPS-860352499279-INFOCORE TECHNOLOGIES,0.0,0.0,0.0
90007491297,ZENITH BANK OF INDIA,30/01/2024,IMPS-561345287094-MINDWAVE CONSULTING,0.0,0.0,0.0
90007491297,ZENITH BANK OF INDIA,30/01/2024,NEFT-940084678994-Jayesh Desai,0.0,0.0,0.0
90007491297,ZENITH BANK OF INDIA,30/01/2024,NEFT-404554224898-Ketan Parekh,0.0,0.0,0.0
90007491297,ZENITH BANK OF INDIA,31/01/2024,NEFT-282483286249-MEDCARE LABORATORIES,0.0,0.0,0.0
90007491297,ZENITH BANK OF INDIA,31/01/2024,REVERSAL-CASH DEPOSIT-Ketan Trivedi,0.0,0.0,0.0
90007491297,ZENITH BANK OF INDIA,31/01/2024,IMPS-421464233035-Nilesh Amin,0.0,0.0,0.0
90007491297,ZENITH BANK OF INDIA,31/01/2024,ATM WDL-43370,0.0,0.0,0.0
90007491297,ZENITH BANK OF INDIA,01/02/2024,UPI/CR/286400789063/Nilesh Vora/8620778985@pay,0.0,0.0,0.0
90007491297,ZENITH BANK OF INDIA,02/02/2024,CLG-HOUSING DEVELOPERS CORP,0.0,0.0,0.0
90007491297,ZENITH BANK OF INDIA,02/02/2024,NEFT-537803435752-LOAN DISBURSEMENT-FASHION TEXTILES LTD,0.0,0.0,0.0
90007491297,ZENITH BANK OF INDIA,02/02/2024,NEFT-277821119748-EXPRESS LOGISTICS INDIA,0.0,0.0,0.0
90007491297,ZENITH BANK OF INDIA,03/02/2024,CASH DEPOSIT-Hitesh Amin,0.0,0.0,0.0
90007491297,ZENITH BANK OF INDIA,03/02/2024,IMPS-616785271014-Paresh Patel,0.0,0.0,0.0
90007491297,ZENITH BANK OF INDIA,03/02/2024,CASH WITHDRAWAL-Ketan Parekh,0.0,0.0,0.0
90007491297,ZENITH BANK OF INDIA,05/02/2024,IMPS-915109237626-Mehul Amin,0.0,0.0,0.0
90007491297,ZENITH BANK OF INDIA,05/02/2024,CLG-THERMAL SYSTEMS LTD,0.0,0.0,0.0
90007491297,ZENITH BANK OF INDIA,05/02/2024,UPI/DR/724433897403/Nilesh Patel/6999011098@pay,0.0,0.0,0.0
90007491297,ZENITH BANK OF INDIA,07/02/2024,ATM WDL-81711,0.0,0.0,0.0
90007491297,ZENITH BANK OF INDIA,07/02/2024,CASH WITHDRAWAL-Paresh Trivedi,0.0,0.0,0.0
90007491297,ZENITH BANK OF INDIA,09/02/2024,NEFT-668608921651-Hitesh Vora,0.0,0.0,0.0
90007491297,ZENITH BANK OF INDIA,09/02/2024,UPI/DR/250298921553/Bhavesh Amin/8274385544@pay,0.0,0.0,0.0
90007491297,ZENITH BANK OF INDIA,09/02/2024,CLG-MINDWAVE CONSULTING,0.0,0.0,0.0
90007491297,ZENITH BANK OF INDIA,09/02/2024,CHQ PAID-Hitesh Modi-MICR,0.0,0.0,0.0
90007491297,ZENITH BANK OF INDIA,12/02/2024,UPI/DR/818371493539/Hitesh Trivedi/6761822931@pay,0.0,0.0,0.0
90007491297,ZENITH BANK OF INDIA,12/02/2024,ATM WDL-91406,0.0,0.0,0.0
90007491297,ZENITH BANK OF INDIA,12/02/2024,CASH DEPOSIT-Paresh Modi,0.0,0.0,0.0
90007491297,ZENITH BANK OF INDIA,13/02/2024,SERVICE CHARGES-Demat Account AMC,0.0,0.0,0.0
90007491297,ZENITH BANK OF INDIA,14/02/2024,UPI/CR/119045561851/Jayesh Desai/9037768689@pay,0.0,0.0,0.0
90007491297,ZENITH BANK OF INDIA,15/02/2024,ATM WDL-89901,0.0,0.0,0.0
90007491297,ZENITH BANK OF INDIA,15/02/2024,RTGS-ICICR734589952993-Hitesh Modi,0.0,0.0,0.0
90007491297,ZENITH BANK OF INDIA,16/02/2024,NEFT-900206357193-CYBERCRAFT SYSTEMS,0.0,0.0,0.0
90007491297,ZENITH BANK OF INDIA,16/02/2024,CASH WITHDRAWAL-Mehul Amin,0.0,0.0,0.0
90007491297,ZENITH BANK OF INDIA,17/02/2024,CHQ PAID-Nilesh Trivedi-MICR,0.0,0.0,0.0
90007491297,ZENITH BANK OF INDIA,19/02/2024,RTGS-ICICR623281746142-APEX HEAVY INDUSTRIES,0.0,0.0,0.0
90007491297,ZENITH BANK OF INDIA,19/02/2024,IMPS-545412582926-WELLNESS BRANDS INDIA,0.0,0.0,0.0
90007491297,ZENITH BANK OF INDIA,20/02/2024,IMPS-519329864333-Mehul Shah,0.0,0.0,0.0
90007491297,ZENITH BANK OF INDIA,20/02/2024,IMPS-218529711467-CREDIT SERVICES LTD,0.0,0.0,0.0
90007491297,ZENITH BANK OF INDIA,20/02/2024,UPI/DR/494971946340/Nilesh Patel/8880882788@pay,0.0,0.0,0.0
90007491297,ZENITH BANK OF INDIA,20/02/2024,ATM WDL-50586,0.0,0.0,0.0
90007491297,ZENITH BANK OF INDIA,20/02/2024,NEFT Dr-123065655781-GST PAYMENT-GSTIN 72D1786,0.0,0.0,0.0
90007491297,ZENITH BANK OF INDIA,20/02/2024,REVERSAL-IMPS-545412582926-WELLNESS BRANDS INDIA,0.0,0.0,0.0
90007491297,ZENITH BANK OF INDIA,21/02/2024,IMPS-904223010813-Bhavesh Amin,0.0,0.0,0.0
90007491297,ZENITH BANK OF INDIA,22/02/2024,CASH DEPOSIT-Hitesh Modi,0.0,0.0,0.0
90007491297,ZENITH BANK OF INDIA,22/02/2024,NEFT-426652084482-Paresh Modi,0.0,0.0,0.0
90007491297,ZENITH BANK OF INDIA,23/02/2024,CLG-DATABRIDGE INFOTECH,0.0,0.0,0.0
90007491297,ZENITH BANK OF INDIA,23/02/2024,IMPS-337194612317-GATEWAY PROJECTS LTD,0.0,0.0,0.0
90007491297,ZENITH BANK OF INDIA,23/02/2024,SERVICE CHARGES-Account Maintenance,0.0,0.0,0.0
90007491297,ZENITH BANK OF INDIA,24/02/2024,UPI/CR/648507161695/Jayesh Desai/7360890162@pay,0.0,0.0,0.0
90007491297,ZENITH BANK OF INDIA,27/02/2024,CHQ PAID-Paresh Modi-MICR,0.0,0.0,0.0
90007491297,ZENITH BANK OF INDIA,28/02/2024,CHQ PAID-Mehul Shah-MICR,0.0,0.0,0.0
90007491297,ZENITH BANK OF INDIA,28/02/2024,Service Charges-Statement Charges,0.0,0.0,0.0
90007491297,ZENITH BANK OF INDIA,01/03/2024,CASH WITHDRAWAL-Hitesh Parekh,0.0,0.0,0.0
90007491297,ZENITH BANK OF INDIA,01/03/2024,UPI/CR/617637136256/Paresh Amin/7079185255@pay,0.0,0.0,0.0
90007491297,ZENITH BANK OF INDIA,01/03/2024,CLG-FINANCE SOLUTIONS INDIA,0.0,0.0,0.0
90007491297,ZENITH BANK OF INDIA,02/03/2024,CLG-CLOUDTECH SERVICES,0.0,0.0,0.0
90007491297,ZENITH BANK OF INDIA,04/03/2024,CLG-INDUSTRIAL COMPONENTS INDIA,0.0,0.0,0.0
90007491297,ZENITH BANK OF INDIA,04/03/2024,IMPS-242676232013-CREDIT SERVICES LTD,0.0,0.0,0.0
90007491297,ZENITH BANK OF INDIA,04/03/2024,NEFT-152891493730-Hitesh Vora,0.0,0.0,0.0
90007491297,ZENITH BANK OF INDIA,05/03/2024,RTGS-ICICR903518157437-Hitesh Modi,0.0,0.0,0.0
90007491297,ZENITH BANK OF INDIA,06/03/2024,IMPS-310674462565-MOTOR INDUSTRIES LTD,0.0,0.0,0.0
90007491297,ZENITH BANK OF INDIA,06/03/2024,NEFT-313299644349-Nilesh Trivedi,0.0,0.0,0.0
90007491297,ZENITH BANK OF INDIA,06/03/2024,CHQ PAID-Bhavesh Desai-MICR,0.0,0.0,0.0
90007491297,ZENITH BANK OF INDIA,07/03/2024,IMPS-423616433268-FINANCE SOLUTIONS INDIA,0.0,0.0,0.0
90007491297,ZENITH BANK OF INDIA,07/03/2024,NEFT-414338340041-PREMIUM INFRASTRUCTURE,0.0,0.0,0.0
90007491297,ZENITH BANK OF INDIA,07/03/2024,UPI/CR/193985022572/Jayesh Amin/8542706296@pay,0.0,0.0,0.0
90007491297,ZENITH BANK OF INDIA,09/03/2024,CASH DEPOSIT-Mehul Vora,0.0,0.0,0.0
90007491297,ZENITH BANK OF INDIA,11/03/2024,CASH WITHDRAWAL-Nisha Desai,0.0,0.0,0.0
90007491297,ZENITH BANK OF INDIA,12/03/2024,NEFT-976813505145-CONSUMER PRODUCTS INDIA,0.0,0.0,0.0
90007491297,ZENITH BANK OF INDIA,15/03/2024,Dividend Cr-CODEBASE SOLUTIONS-EQUITY SHARES,0.0,0.0,0.0
90007491297,ZENITH BANK OF INDIA,15/03/2024,NEFT-918652326405-GATEWAY PROJECTS LTD,0.0,0.0,0.0
90007491297,ZENITH BANK OF INDIA,15/03/2024,IMPS-143499507691-WELLNESS BRANDS INDIA,0.0,0.0,0.0
90007491297,ZENITH BANK OF INDIA,16/03/2024,CASH DEPOSIT-Paresh Vora,0.0,0.0,0.0
90007491297,ZENITH BANK OF INDIA,16/03/2024,RTGS-ICICR457535843692-CAPITAL VENTURES INDIA,0.0,0.0,0.0
90007491297,ZENITH BANK OF INDIA,16/03/2024,RTGS-ICICR758471380543-CONSTRUCTION SOLUTIONS LTD,0.0,0.0,0.0
90007491297,ZENITH BANK OF INDIA,16/03/2024,IMPS-990744066070-Nilesh Modi,0.0,0.0,0.0
90007491297,ZENITH BANK OF INDIA,18/03/2024,NEFT-224082150719-COTTON MILLS CORP,0.0,0.0,0.0
90007491297,ZENITH BANK OF INDIA,19/03/2024,RTGS-ICICR212497085703-Mehul Patel,0.0,0.0,0.0
90007491297,ZENITH BANK OF INDIA,19/03/2024,CASH DEPOSIT-Jayesh Amin,0.0,0.0,0.0
90007491297,ZENITH BANK OF INDIA,19/03/2024,NEFT-395470035331-URBAN CONSTRUCTIONS,0.0,0.0,0.0
90007491297,ZENITH BANK OF INDIA,20/03/2024,NEFT Dr-605079369059-GST PAYMENT-GSTIN 68B7716,0.0,0.0,0.0
90007491297,ZENITH BANK OF INDIA,20/03/2024,ATM WDL-86277,0.0,0.0,0.0
90007491297,ZENITH BANK OF INDIA,21/03/2024,IMPS-405881474936-Ketan Patel,0.0,0.0,0.0
90007491297,ZENITH BANK OF INDIA,21/03/2024,NEFT-600040177206-COTTON MILLS CORP,0.0,0.0,0.0
90007491297,ZENITH BANK OF INDIA,22/03/2024,IMPS-942113497321-Hitesh Desai,0.0,0.0,0.0
90007491297,ZENITH BANK OF INDIA,22/03/2024,SERVICE CHARGES-Foreign Currency Markup,0.0,0.0,0.0
90007491297,ZENITH BANK OF INDIA,23/03/2024,CASH DEPOSIT-Nilesh Vora,0.0,0.0,0.0
90007491297,ZENITH BANK OF INDIA,26/03/2024,IMPS-592208735179-COTTON MILLS CORP,0.0,0.0,0.0
90007491297,ZENITH BANK OF INDIA,27/03/2024,IMPS-946904989592-Mehul Shah,0.0,0.0,0.0
90007491297,ZENITH BANK OF INDIA,27/03/2024,CHQ PAID-Jayesh Vora-MICR,0.0,0.0,0.0
90007491297,ZENITH BANK OF INDIA,27/03/2024,CHQ PAID-Paresh Shah-MICR,0.0,0.0,0.0
90007491297,ZENITH BANK OF INDIA,27/03/2024,CASH WITHDRAWAL-Hitesh Vora,0.0,0.0,0.0
90007491297,ZENITH BANK OF INDIA,27/03/2024,IMPS-746450624173-HEALTHCARE PRODUCTS LTD,0.0,0.0,0.0
90007491297,ZENITH BANK OF INDIA,28/03/2024,NEFT-422184594336-MEDCARE LABORATORIES,0.0,0.0,0.0
90007491297,ZENITH BANK OF INDIA,28/03/2024,CHQ PAID-Nisha Shah-MICR,0.0,0.0,0.0
90007491297,ZENITH BANK OF INDIA,28/03/2024,CHQ PAID-Jayesh Trivedi-MICR,0.0,0.0,0.0
90007491297,ZENITH BANK OF INDIA,28/03/2024,RTGS-ICICR732260882619-MOTOR INDUSTRIES LTD,0.0,0.0,0.0
90007491297,ZENITH BANK OF INDIA,28/03/2024,CASH WITHDRAWAL-Hitesh Trivedi,0.0,0.0,0.0
90007491297,ZENITH BANK OF INDIA,28/03/2024,Service Charges-NEFT/RTGS Charges,0.0,0.0,0.0
90007491297,ZENITH BANK OF INDIA,30/03/2024,CHQ PAID-Bhavesh Modi-MICR,0.0,0.0,0.0
90007491297,ZENITH BANK OF INDIA,30/03/2024,IMPS-241810579693-APEX HEAVY INDUSTRIES,0.0,0.0,0.0
90007491297,ZENITH BANK OF INDIA,30/03/2024,CLG-CODEBASE SOLUTIONS,0.0,0.0,0.0
90007491297,ZENITH BANK OF INDIA,30/03/2024,RTGS-ICICR658231909952-URBAN ESTATES INDIA,0.0,0.0,0.0
80462665678,PARAMOUNT BANKING CORPORATION,01/01/2024,ATM WDL-74908,0.0,0.0,0.0
80462665678,PARAMOUNT BANKING CORPORATION,02/01/2024,IMPS-218609159949-URBAN ESTATES INDIA,0.0,0.0,0.0
80462665678,PARAMOUNT BANKING CORPORATION,02/01/2024,CASH WITHDRAWAL-Anitha Rao,0.0,0.0,0.0
80462665678,PARAMOUNT BANKING CORPORATION,03/01/2024,RTGS-ICICR681332786033-FOOD INDUSTRIES CORP,0.0,0.0,0.0
80462665678,PARAMOUNT BANKING CORPORATION,03/01/2024,NEFT-823505650123-APEX HEAVY INDUSTRIES,0.0,0.0,0.0
80462665678,PARAMOUNT BANKING CORPORATION,04/01/2024,NEFT-166672442852-GST PAYMENT-GSTIN,0.0,0.0,0.0
80462665678,PARAMOUNT BANKING CORPORATION,04/01/2024,Dividend Cr-REALTY VENTURES LTD-EQUITY SHARES,0.0,0.0,0.0
80462665678,PARAMOUNT BANKING CORPORATION,04/01/2024,IMPS-857943100722-SUPPLY CHAIN CORP,0.0,0.0,0.0
80462665678,PARAMOUNT BANKING CORPORATION,04/01/2024,NEFT-253901879875-HEALTHPLUS PHARMA LTD,0.0,0.0,0.0
80462665678,PARAMOUNT BANKING CORPORATION,04/01/2024,IMPS-137179588266-Priya Murthy,0.0,0.0,0.0
80462665678,PARAMOUNT BANKING CORPORATION,04/01/2024,NEFT-753460999587-Subramaniam Iyer,0.0,0.0,0.0
80462665678,PARAMOUNT BANKING CORPORATION,05/01/2024,IMPS-635982414595-Karthik Rao,0.0,0.0,0.0
80462665678,PARAMOUNT BANKING CORPORATION,05/01/2024,NEFT-586461786733-CREDIT SERVICES LTD,0.0,0.0,0.0
80462665678,PARAMOUNT BANKING CORPORATION,05/01/2024,CLG-WELLNESS BRANDS INDIA,0.0,0.0,0.0
80462665678,PARAMOUNT BANKING CORPORATION,05/01/2024,RTGS-ICICR834693579126-HEALTHCARE PRODUCTS LTD,0.0,0.0,0.0
80462665678,PARAMOUNT BANKING CORPORATION,05/01/2024,IMPS-720790756387-TECHVISION SYSTEMS,0.0,0.0,0.0
80462665678,PARAMOUNT BANKING CORPORATION,06/01/2024,UPI/DR/815351235606/Priya Menon/9598328724@pay,0.0,0.0,0.0
80462665678,PARAMOUNT BANKING CORPORATION,08/01/2024,NEFT-632396587187-FASHION TEXTILES LTD,0.0,0.0,0.0
80462665678,PARAMOUNT BANKING CORPORATION,08/01/2024,ATM WDL-64604,0.0,0.0,0.0
80462665678,PARAMOUNT BANKING CORPORATION,09/01/2024,CASH DEPOSIT-Ganesh Menon,0.0,0.0,0.0
80462665678,PARAMOUNT BANKING CORPORATION,09/01/2024,CHQ PAID-Srinivas Rao-MICR,0.0,0.0,0.0
80462665678,PARAMOUNT BANKING CORPORATION,09/01/2024,CLG-MEDCARE LABORATORIES,0.0,0.0,0.0
80462665678,PARAMOUNT BANKING CORPORATION,09/01/2024,CASH DEPOSIT-Srinivas Murthy,0.0,0.0,0.0
80462665678,PARAMOUNT BANKING CORPORATION,09/01/2024,CASH DEPOSIT-Lakshmi Iyer,0.0,0.0,0.0
80462665678,PARAMOUNT BANKING CORPORATION,09/01/2024,RTGS-ICICR765942912739-Kavitha Naidu,0.0,0.0,0.0
80462665678,PARAMOUNT BANKING CORPORATION,09/01/2024,IMPS-113569708294-WELLNESS BRANDS INDIA,0.0,0.0,0.0
80462665678,PARAMOUNT BANKING CORPORATION,10/01/2024,IMPS-709401903378-HOUSING DEVELOPERS CORP,0.0,0.0,0.0
80462665678,PARAMOUNT BANKING CORPORATION,11/01/2024,UPI/DR/181250477003/Priya Naidu/8206960618@pay,0.0,0.0,0.0
80462665678,PARAMOUNT BANKING CORPORATION,12/01/2024,RTGS-ICICR253887660958-Priya Krishnan,0.0,0.0,0.0
80462665678,PARAMOUNT BANKING CORPORATION,13/01/2024,UPI/CR/493199179928/Subramaniam Krishnan/9586532368@pay,0.0,0.0,0.0
80462665678,PARAMOUNT BANKING CORPORATION,13/01/2024,UPI/CR/149116666211/Ramesh Murthy/7421248383@pay,0.0,0.0,0.0
80462665678,PARAMOUNT BANKING CORPORATION,13/01/2024,NEFT-536623986897-RETAIL SOLUTIONS INDIA,0.0,0.0,0.0
80462665678,PARAMOUNT BANKING CORPORATION,15/01/2024,CHQ PAID-Subramaniam Murthy-MICR,0.0,0.0,0.0
80462665678,PARAMOUNT BANKING CORPORATION,15/01/2024,CASH WITHDRAWAL-Karthik Nair,0.0,0.0,0.0
80462665678,PARAMOUNT BANKING CORPORATION,15/01/2024,UPI/CR/179648318052/Venkatesh Menon/9546508044@pay,0.0,0.0,0.0
80462665678,PARAMOUNT BANKING CORPORATION,17/01/2024,ATM WDL-43937,0.0,0.0,0.0
80462665678,PARAMOUNT BANKING CORPORATION,17/01/2024,CLG-GATEWAY PROJECTS LTD,0.0,0.0,0.0
80462665678,PARAMOUNT BANKING CORPORATION,17/01/2024,RTGS-ICICR271555028016-Kavitha Naidu,0.0,0.0,0.0
80462665678,PARAMOUNT BANKING CORPORATION,18/01/2024,NEFT-222541192800-METROPOLITAN BUILDERS,0.0,0.0,0.0
80462665678,PARAMOUNT BANKING CORPORATION,18/01/2024,NEFT-893377538912-Ramesh Iyer,0.0,0.0,0.0
80462665678,PARAMOUNT BANKING CORPORATION,18/01/2024,UPI/CR/106144118683/Anitha Naidu/7723170172@pay,0.0,0.0,0.0
80462665678,PARAMOUNT BANKING CORPORATION,18/01/2024,CASH DEPOSIT-Ramesh Iyer,0.0,0.0,0.0
80462665678,PARAMOUNT BANKING CORPORATION,20/01/2024,NEFT-400054557920-RETAIL SOLUTIONS INDIA,0.0,0.0,0.0
80462665678,PARAMOUNT BANKING CORPORATION,20/01/2024,UPI/DR/696835843817/Srinivas Murthy/7857554677@pay,0.0,0.0,0.0
80462665678,PARAMOUNT BANKING CORPORATION,22/01/2024,NEFT-733667751848-DATABRIDGE INFOTECH,0.0,0.0,0.0
80462665678,PARAMOUNT BANKING CORPORATION,23/01/2024,CASH WITHDRAWAL-Anitha Nair,0.0,0.0,0.0
80462665678,PARAMOUNT BANKING CORPORATION,23/01/2024,IMPS-882595947360-FOOD INDUSTRIES CORP,0.0,0.0,0.0
80462665678,PARAMOUNT BANKING CORPORATION,23/01/2024,IMPS-666817183246-MEDCARE LABORATORIES,0.0,0.0,0.0
80462665678,PARAMOUNT BANKING CORPORATION,24/01/2024,NEFT-742120950939-Ganesh Iyer,0.0,0.0,0.0
80462665678,PARAMOUNT BANKING CORPORATION,24/01/2024,SERVICE CHARGES-Account Maintenance,0.0,0.0,0.0
80462665678,PARAMOUNT BANKING CORPORATION,24/01/2024,UPI/CR/278426510814/Priya Murthy/9231960722@pay,0.0,0.0,0.0
80462665678,PARAMOUNT BANKING CORPORATION,24/01/2024,CLG-CODEBASE SOLUTIONS,0.0,0.0,0.0
80462665678,PARAMOUNT BANKING CORPORATION,24/01/2024,UPI/DR/911637478140/Karthik Murthy/6224827960@pay,0.0,0.0,0.0
80462665678,PARAMOUNT BANKING CORPORATION,25/01/2024,CLG-DATABRIDGE INFOTECH,0.0,0.0,0.0
80462665678,PARAMOUNT BANKING CORPORATION,25/01/2024,NEFT-452180977475-CYBERCRAFT SYSTEMS,0.0,0.0,0.0
80462665678,PARAMOUNT BANKING CORPORATION,27/01/2024,RTGS-ICICR239395211208-CLOUDTECH SERVICES,0.0,0.0,0.0
80462665678,PARAMOUNT BANKING CORPORATION,27/01/2024,CASH WITHDRAWAL-Kavitha Naidu,0.0,0.0,0.0
80462665678,PARAMOUNT BANKING CORPORATION,27/01/2024,CASH WITHDRAWAL-Srinivas Iyer,0.0,0.0,0.0
80462665678,PARAMOUNT BANKING CORPORATION,27/01/2024,UPI/CR/265162621277/Ramesh Reddy/8886420576@pay,0.0,0.0,0.0
80462665678,PARAMOUNT BANKING CORPORATION,27/01/2024,NEFT-115951658456-GST PAYMENT-GSTIN,0.0,0.0,0.0
80462665678,PARAMOUNT BANKING CORPORATION,29/01/2024,UPI/DR/449657914167/Priya Krishnan/9754401822@pay,0.0,0.0,0.0
80462665678,PARAMOUNT BANKING CORPORATION,29/01/2024,NEFT-985033191517-Subramaniam Nair,0.0,0.0,0.0
80462665678,PARAMOUNT BANKING CORPORATION,30/01/2024,IMPS-968371145492-DAILY NEEDS LIMITED,0.0,0.0,0.0
80462665678,PARAMOUNT BANKING CORPORATION,30/01/2024,RTGS-ICICR651558526819-Kavitha Nair,0.0,0.0,0.0
80462665678,PARAMOUNT BANKING CORPORATION,30/01/2024,NEFT-257327764044-LOAN DISBURSEMENT-DAILY NEEDS LIMITED,0.0,0.0,0.0
80462665678,PARAMOUNT BANKING CORPORATION,01/02/2024,ATM WDL-52851,0.0,0.0,0.0
80462665678,PARAMOUNT BANKING CORPORATION,02/02/2024,CASH DEPOSIT-Kavitha Menon,0.0,0.0,0.0
80462665678,PARAMOUNT BANKING CORPORATION,05/02/2024,CASH DEPOSIT-Ganesh Murthy,0.0,0.0,0.0
80462665678,PARAMOUNT BANKING CORPORATION,05/02/2024,NEFT-738940554180-Subramaniam Murthy,0.0,0.0,0.0
80462665678,PARAMOUNT BANKING CORPORATION,06/02/2024,IMPS-895182944678-Kavitha Reddy,0.0,0.0,0.0
80462665678,PARAMOUNT BANKING CORPORATION,07/02/2024,CHQ PAID-Venkatesh Nair-MICR,0.0,0.0,0.0
80462665678,PARAMOUNT BANKING CORPORATION,07/02/2024,CLG-INVESTMENT SERVICES INDIA,0.0,0.0,0.0
80462665678,PARAMOUNT BANKING CORPORATION,08/02/2024,CHQ PAID-Venkatesh Menon-MICR,0.0,0.0,0.0
80462665678,PARAMOUNT BANKING CORPORATION,08/02/2024,CHQ PAID-Venkatesh Murthy-MICR,0.0,0.0,0.0
80462665678,PARAMOUNT BANKING CORPORATION,10/02/2024,CASH DEPOSIT-Priya Murthy,0.0,0.0,0.0
80462665678,PARAMOUNT BANKING CORPORATION,10/02/2024,IMPS-698941028610-Subramaniam Krishnan,0.0,0.0,0.0
80462665678,PARAMOUNT BANKING CORPORATION,10/02/2024,IMPS-405282009886-Kavitha Reddy,0.0,0.0,0.0
80462665678,PARAMOUNT BANKING CORPORATION,10/02/2024,CASH DEPOSIT-Kavitha Naidu,0.0,0.0,0.0
80462665678,PARAMOUNT BANKING CORPORATION,12/02/2024,IMPS-951633508287-CREDIT SERVICES LTD,0.0,0.0,0.0
80462665678,PARAMOUNT BANKING CORPORATION,12/02/2024,CLG-MOTOR INDUSTRIES LTD,0.0,0.0,0.0
80462665678,PARAMOUNT BANKING CORPORATION,13/02/2024,CLG-CLOUDTECH SERVICES,0.0,0.0,0.0
80462665678,PARAMOUNT BANKING CORPORATION,13/02/2024,IMPS-449964961468-HOUSING DEVELOPERS CORP,0.0,0.0,0.0
80462665678,PARAMOUNT BANKING CORPORATION,13/02/2024,NEFT-546183881899-HIGHWAY DEVELOPERS INDIA,0.0,0.0,0.0
80462665678,PARAMOUNT BANKING CORPORATION,14/02/2024,REVERSAL-CLG-MOTOR INDUSTRIES LTD,0.0,0.0,0.0
80462665678,PARAMOUNT BANKING CORPORATION,15/02/2024,IMPS-984202595062-Subramaniam Murthy,0.0,0.0,0.0
80462665678,PARAMOUNT BANKING CORPORATION,16/02/2024,IMPS-406814730383-COTTON MILLS CORP,0.0,0.0,0.0
80462665678,PARAMOUNT BANKING CORPORATION,16/02/2024,IMPS-204312994727-EXPRESS LOGISTICS INDIA,0.0,0.0,0.0
80462665678,PARAMOUNT BANKING CORPORATION,16/02/2024,CLG-FINANCE SOLUTIONS INDIA,0.0,0.0,0.0
80462665678,PARAMOUNT BANKING CORPORATION,16/02/2024,RTGS-ICICR862807939075-Venkatesh Krishnan,0.0,0.0,0.0
80462665678,PARAMOUNT BANKING CORPORATION,17/02/2024,NEFT-168351251245-MEDCARE LABORATORIES,0.0,0.0,0.0
80462665678,PARAMOUNT BANKING CORPORATION,17/02/2024,NEFT-604642310405-LIFELINE PHARMACEUTICAL,0.0,0.0,0.0
80462665678,PARAMOUNT BANKING CORPORATION,19/02/2024,RTGS-ICICR351554514759-PERSONAL CARE LTD,0.0,0.0,0.0
80462665678,PARAMOUNT BANKING CORPORATION,19/02/2024,REVERSAL-IMPS-204312994727-EXPRESS LOGISTICS INDIA,0.0,0.0,0.0
80462665678,PARAMOUNT BANKING CORPORATION,19/02/2024,CLG-APEX HEAVY INDUSTRIES,0.0,0.0,0.0
80462665678,PARAMOUNT BANKING CORPORATION,19/02/2024,IMPS-500829513798-Ramesh Menon,0.0,0.0,0.0
80462665678,PARAMOUNT BANKING CORPORATION,20/02/2024,NEFT-545366220430-Subramaniam Iyer,0.0,0.0,0.0
80462665678,PARAMOUNT BANKING CORPORATION,20/02/2024,ATM WDL-43543,0.0,0.0,0.0
80462665678,PARAMOUNT BANKING CORPORATION,20/02/2024,CLG-HIGHWAY DEVELOPERS INDIA,0.0,0.0,0.0
80462665678,PARAMOUNT BANKING CORPORATION,22/02/2024,CHQ PAID-Ramesh Nair-MICR,0.0,0.0,0.0
80462665678,PARAMOUNT BANKING CORPORATION,23/02/2024,RTGS-ICICR237160382943-Ganesh Iyer,0.0,0.0,0.0
80462665678,PARAMOUNT BANKING CORPORATION,26/02/2024,NEFT-306622111612-Ramesh Krishnan,0.0,0.0,0.0
80462665678,PARAMOUNT BANKING CORPORATION,26/02/2024,NEFT-763971317570-Lakshmi Naidu,0.0,0.0,0.0
80462665678,PARAMOUNT BANKING CORPORATION,26/02/2024,UPI/CR/525669612840/Kavitha Menon/7163755248@pay,0.0,0.0,0.0
80462665678,PARAMOUNT BANKING CORPORATION,27/02/2024,CLG-WELLNESS BRANDS INDIA,0.0,0.0,0.0
80462665678,PARAMOUNT BANKING CORPORATION,28/02/2024,Service Charges-Foreign Currency Markup,0.0,0.0,0.0
80462665678,PARAMOUNT BANKING CORPORATION,29/02/2024,NEFT-606717664915-MEDCARE LABORATORIES,0.0,0.0,0.0
80462665678,PARAMOUNT BANKING CORPORATION,29/02/2024,UPI/DR/478330823611/Subramaniam Naidu/9990884440@pay,0.0,0.0,0.0
80462665678,PARAMOUNT BANKING CORPORATION,01/03/2024,NEFT-852776500063-Karthik Reddy,0.0,0.0,0.0
80462665678,PARAMOUNT BANKING CORPORATION,02/03/2024,CASH DEPOSIT-Kavitha Nair,0.0,0.0,0.0
80462665678,PARAMOUNT BANKING CORPORATION,04/03/2024,NEFT-143530521505-Srinivas Reddy,0.0,0.0,0.0
80462665678,PARAMOUNT BANKING CORPORATION,04/03/2024,NEFT-228468382457-Srinivas Rao,0.0,0.0,0.0
80462665678,PARAMOUNT BANKING CORPORATION,04/03/2024,IMPS-931030578573-PREMIUM PROPERTIES LTD,0.0,0.0,0.0
80462665678,PARAMOUNT BANKING CORPORATION,04/03/2024,UPI/CR/447277821411/Venkatesh Menon/9299185819@pay,0.0,0.0,0.0
80462665678,PARAMOUNT BANKING CORPORATION,04/03/2024,IMPS-785077632244-NETFORGE TECHNOLOGIES,0.0,0.0,0.0
80462665678,PARAMOUNT BANKING CORPORATION,05/03/2024,NEFT-272415559219-CODEBASE SOLUTIONS,0.0,0.0,0.0
80462665678,PARAMOUNT BANKING CORPORATION,05/03/2024,NEFT-982239077718-NETFORGE TECHNOLOGIES,0.0,0.0,0.0
80462665678,PARAMOUNT BANKING CORPORATION,05/03/2024,RTGS-ICICR816475334424-FABRIC INDUSTRIES INDIA,0.0,0.0,0.0
80462665678,PARAMOUNT BANKING CORPORATION,07/03/2024,CLG-CODEBASE SOLUTIONS,0.0,0.0,0.0
80462665678,PARAMOUNT BANKING CORPORATION,07/03/2024,Dividend Cr-HEALTHPLUS PHARMA LTD-EQUITY SHARES,0.0,0.0,0.0
80462665678,PARAMOUNT BANKING CORPORATION,09/03/2024,IMPS-116090387390-FOOD INDUSTRIES CORP,0.0,0.0,0.0
80462665678,PARAMOUNT BANKING CORPORATION,09/03/2024,NEFT-457002843704-COTTON MILLS CORP,0.0,0.0,0.0
80462665678,PARAMOUNT BANKING CORPORATION,09/03/2024,CASH WITHDRAWAL-Lakshmi Menon,0.0,0.0,0.0
80462665678,PARAMOUNT BANKING CORPORATION,13/03/2024,NEFT-777365794025-INDUSTRIAL COMPONENTS INDIA,0.0,0.0,0.0
80462665678,PARAMOUNT BANKING CORPORATION,14/03/2024,IMPS-381947107264-EXPRESS LOGISTICS INDIA,0.0,0.0,0.0
80462665678,PARAMOUNT BANKING CORPORATION,14/03/2024,CLG-FASHION TEXTILES LTD,0.0,0.0,0.0
80462665678,PARAMOUNT BANKING CORPORATION,14/03/2024,IMPS-410513866420-HIGHWAY DEVELOPERS INDIA,0.0,0.0,0.0
80462665678,PARAMOUNT BANKING CORPORATION,14/03/2024,NEFT-691271520167-LOAN DISBURSEMENT-MINDWAVE CONSULTING,0.0,0.0,0.0
80462665678,PARAMOUNT BANKING CORPORATION,15/03/2024,IMPS-877157588850-Priya Menon,0.0,0.0,0.0
80462665678,PARAMOUNT BANKING CORPORATION,16/03/2024,CHQ PAID-Srinivas Rao-MICR,0.0,0.0,0.0
80462665678,PARAMOUNT BANKING CORPORATION,16/03/2024,NEFT-171520954445-CREDIT SERVICES LTD,0.0,0.0,0.0
80462665678,PARAMOUNT BANKING CORPORATION,16/03/2024,UPI/CR/889704774511/Subramaniam Murthy/8919767883@pay,0.0,0.0,0.0
80462665678,PARAMOUNT BANKING CORPORATION,16/03/2024,NEFT-838039078968-HIGHWAY DEVELOPERS INDIA,0.0,0.0,0.0
80462665678,PARAMOUNT BANKING CORPORATION,16/03/2024,CHQ PAID-Anitha Krishnan-MICR,0.0,0.0,0.0
80462665678,PARAMOUNT BANKING CORPORATION,16/03/2024,SERVICE CHARGES-Online Banking Charges,0.0,0.0,0.0
80462665678,PARAMOUNT BANKING CORPORATION,19/03/2024,CLG-CAPITAL VENTURES INDIA,0.0,0.0,0.0
80462665678,PARAMOUNT BANKING CORPORATION,19/03/2024,CHQ PAID-Ramesh Reddy-MICR,0.0,0.0,0.0
80462665678,PARAMOUNT BANKING CORPORATION,20/03/2024,ATM WDL-33237,0.0,0.0,0.0
80462665678,PARAMOUNT BANKING CORPORATION,21/03/2024,NEFT-529221403283-NETFORGE TECHNOLOGIES,0.0,0.0,0.0
80462665678,PARAMOUNT BANKING CORPORATION,22/03/2024,RTGS-ICICR760683711543-INDUSTRIAL COMPONENTS INDIA,0.0,0.0,0.0
80462665678,PARAMOUNT BANKING CORPORATION,23/03/2024,UPI/CR/307965958249/Subramaniam Iyer/7659701524@pay,0.0,0.0,0.0
80462665678,PARAMOUNT BANKING CORPORATION,23/03/2024,CASH WITHDRAWAL-Karthik Pillai,0.0,0.0,0.0
80462665678,PARAMOUNT BANKING CORPORATION,23/03/2024,NEFT-265626003358-GST PAYMENT-GSTIN,0.0,0.0,0.0
80462665678,PARAMOUNT BANKING CORPORATION,26/03/2024,NEFT-724949873595-GST PAYMENT-GSTIN,0.0,0.0,0.0
80462665678,PARAMOUNT BANKING CORPORATION,27/03/2024,RTGS-ICICR973098671218-METROPOLITAN BUILDERS,0.0,0.0,0.0
80462665678,PARAMOUNT BANKING CORPORATION,27/03/2024,NEFT-696249720427-Kavitha Iyer,0.0,0.0,0.0
80462665678,PARAMOUNT BANKING CORPORATION,27/03/2024,NEFT-653561050386-Srinivas Pillai,0.0,0.0,0.0
80462665678,PARAMOUNT BANKING CORPORATION,28/03/2024,CHQ PAID-Anitha Krishnan-MICR,0.0,0.0,0.0
80462665678,PARAMOUNT BANKING CORPORATION,28/03/2024,IMPS-184687082114-Lakshmi Iyer,0.0,0.0,0.0
80462665678,PARAMOUNT BANKING CORPORATION,28/03/2024,IMPS-615907612689-Kavitha Pillai,0.0,0.0,0.0
80462665678,PARAMOUNT BANKING CORPORATION,28/03/2024,CHQ PAID-Ramesh Rao-MICR,0.0,0.0,0.0
80462665678,PARAMOUNT BANKING CORPORATION,28/03/2024,UPI/CR/107118513591/Priya Murthy/6699184450@pay,0.0,0.0,0.0
80462665678,PARAMOUNT BANKING CORPORATION,28/03/2024,CHQ PAID-Anitha Pillai-MICR,0.0,0.0,0.0
80462665678,PARAMOUNT BANKING CORPORATION,28/03/2024,RTGS-ICICR902605868261-AUTOMOTIVE PARTS CORP,0.0,0.0,0.0
80462665678,PARAMOUNT BANKING CORPORATION,28/03/2024,Service Charges-Statement Charges,0.0,0.0,0.0
