transaction_id,user_id,date,amount,type,category,narration,payment_mode
TXN_7515817A,1502,2025-01-02,74783.33,CREDIT,SALARY,ACH CR - INFOSYS LTD,ACH
TXN_5B211CD8,1502,2025-01-06,9283.6,DEBIT,RENT,UPI - RENT TO LANDLORD,UPI
TXN_DEA7EDC4,1502,2025-01-09,33091.62,DEBIT,INVESTMENT,KFINTECH MF SIP,ACH
TXN_2086135E,1502,2025-01-08,138.21,DEBIT,FOOD,UPI - SWIGGY BANGALORE,UPI
TXN_148DAD7B,1502,2025-01-22,365.89,DEBIT,FOOD,UPI - SWIGGY BANGALORE,UPI
TXN_6FB5D10D,1502,2025-01-19,225.65,DEBIT,FOOD,UPI - SWIGGY BANGALORE,UPI
TXN_B52910B5,1502,2025-01-03,136.2,DEBIT,FOOD,UPI - SWIGGY BANGALORE,UPI
TXN_2B655352,1502,2025-01-18,127.49,DEBIT,FOOD,ZEPTO MUMBAI,UPI
TXN_85806374,1502,2025-01-08,237.65,DEBIT,FOOD,BLINKIT GURGAON,UPI
TXN_28152A5F,1502,2025-01-26,422.49,DEBIT,FOOD,UPI - ZOMATO HYDERABAD,UPI
TXN_A1806B07,1502,2025-01-23,225.95,DEBIT,FOOD,BLINKIT GURGAON,UPI
TXN_9903D1F7,1502,2025-01-05,134.74,DEBIT,FOOD,BLINKIT GURGAON,UPI
TXN_B839D64F,1502,2025-01-04,80.81,DEBIT,FOOD,UPI - SWIGGY BANGALORE,UPI
TXN_895BF109,1502,2025-01-12,412.9,DEBIT,FOOD,BLINKIT GURGAON,UPI
TXN_BAF85474,1502,2025-01-26,59.12,DEBIT,FOOD,ZEPTO MUMBAI,UPI
TXN_18090676,1502,2025-01-18,94.92,DEBIT,FOOD,ZEPTO MUMBAI,UPI
TXN_5242C69E,1502,2025-01-03,282.9,DEBIT,FOOD,BLINKIT GURGAON,UPI
TXN_ED35C17D,1502,2025-01-19,124.61,DEBIT,FOOD,UPI - SWIGGY BANGALORE,UPI
TXN_04A7B682,1502,2025-01-02,330.96,DEBIT,FOOD,BLINKIT GURGAON,UPI
TXN_CA79D129,1502,2025-01-03,416.34,DEBIT,FOOD,UPI - SWIGGY BANGALORE,UPI
TXN_1BA37340,1502,2025-01-13,162.31,DEBIT,FOOD,BLINKIT GURGAON,UPI
TXN_5DEFA8CE,1502,2025-01-06,202.88,DEBIT,FOOD,UPI - ZOMATO HYDERABAD,UPI
TXN_11288324,1502,2025-01-22,157.47,DEBIT,FOOD,UPI - SWIGGY BANGALORE,UPI
TXN_40AA2226,1502,2025-01-20,319.39,DEBIT,FOOD,UPI - ZOMATO HYDERABAD,UPI
TXN_2826155C,1502,2025-01-06,243.39,DEBIT,FOOD,BLINKIT GURGAON,UPI
TXN_E17CB440,1502,2025-01-21,342.79,DEBIT,FOOD,UPI - ZOMATO HYDERABAD,UPI
TXN_2E5284B6,1502,2025-02-01,74783.33,CREDIT,SALARY,NEFT CR - GOOGLE INDIA,ACH
TXN_87EB632D,1502,2025-02-05,9283.6,DEBIT,RENT,UPI - RENT TO LANDLORD,UPI
TXN_428EE97E,1502,2025-02-08,33091.62,DEBIT,INVESTMENT,ACH DR - ZERODHA SIP,ACH
TXN_AF1C370E,1502,2025-02-26,178.8,DEBIT,FOOD,BLINKIT GURGAON,UPI
TXN_51103325,1502,2025-02-03,132.83,DEBIT,FOOD,BLINKIT GURGAON,UPI
TXN_1471D914,1502,2025-02-07,328.39,DEBIT,FOOD,ZEPTO MUMBAI,UPI
TXN_4CE2E286,1502,2025-02-21,241.89,DEBIT,FOOD,BLINKIT GURGAON,UPI
TXN_47C04661,1502,2025-02-05,148.52,DEBIT,FOOD,BLINKIT GURGAON,UPI
TXN_4EB0008E,1502,2025-02-24,297.22,DEBIT,FOOD,ZEPTO MUMBAI,UPI
TXN_E0BBB40B,1502,2025-02-12,136.5,DEBIT,FOOD,UPI - ZOMATO HYDERABAD,UPI
TXN_BBEB5532,1502,2025-02-17,257.15,DEBIT,FOOD,UPI - SWIGGY BANGALORE,UPI
TXN_8E1A0892,1502,2025-02-28,88.25,DEBIT,FOOD,UPI - ZOMATO HYDERABAD,UPI
TXN_9E24BBF1,1502,2025-02-26,339.41,DEBIT,FOOD,UPI - SWIGGY BANGALORE,UPI
TXN_1C887C63,1502,2025-02-13,207.91,DEBIT,FOOD,ZEPTO MUMBAI,UPI
TXN_37C3B7C8,1502,2025-02-17,150.62,DEBIT,FOOD,UPI - SWIGGY BANGALORE,UPI
TXN_6AE25F30,1502,2025-02-22,357.12,DEBIT,FOOD,BLINKIT GURGAON,UPI
TXN_A46E9275,1502,2025-02-25,322.02,DEBIT,FOOD,UPI - SWIGGY BANGALORE,UPI
TXN_1419BF22,1502,2025-02-10,231.3,DEBIT,FOOD,ZEPTO MUMBAI,UPI
TXN_95E8C07C,1502,2025-02-01,459.68,DEBIT,FOOD,BLINKIT GURGAON,UPI
TXN_0B499694,1502,2025-03-03,74783.33,CREDIT,SALARY,SALARY CREDIT - TCS CORP,ACH
TXN_C0109C4A,1502,2025-03-07,9283.6,DEBIT,RENT,CRED RENT PAY,UPI
TXN_E71CCB7C,1502,2025-03-10,33091.62,DEBIT,INVESTMENT,ACH DR - ZERODHA SIP,ACH
TXN_3BC39F3D,1502,2025-03-27,321.14,DEBIT,FOOD,UPI - ZOMATO HYDERABAD,UPI
TXN_C0D20887,1502,2025-03-05,204.52,DEBIT,FOOD,UPI - ZOMATO HYDERABAD,UPI
TXN_B6C638A4,1502,2025-03-18,459.54,DEBIT,FOOD,UPI - SWIGGY BANGALORE,UPI
TXN_609D2380,1502,2025-03-20,182.63,DEBIT,FOOD,UPI - SWIGGY BANGALORE,UPI
TXN_F7EA4C03,1502,2025-03-04,448.8,DEBIT,FOOD,BLINKIT GURGAON,UPI
TXN_14569961,1502,2025-03-08,65.49,DEBIT,FOOD,UPI - SWIGGY BANGALORE,UPI
TXN_B6314E3A,1502,2025-03-03,362.04,DEBIT,FOOD,UPI - SWIGGY BANGALORE,UPI
TXN_F9FCD453,1502,2025-03-25,274.39,DEBIT,FOOD,UPI - ZOMATO HYDERABAD,UPI
TXN_BB1689D1,1502,2025-03-05,330.29,DEBIT,FOOD,UPI - ZOMATO HYDERABAD,UPI
TXN_BABEA4FE,1502,2025-03-09,272.18,DEBIT,FOOD,ZEPTO MUMBAI,UPI
TXN_54C45046,1502,2025-03-07,448.72,DEBIT,FOOD,UPI - ZOMATO HYDERABAD,UPI
TXN_D882DDEC,1502,2025-03-23,177.16,DEBIT,FOOD,BLINKIT GURGAON,UPI
TXN_7EFE9420,1502,2025-03-15,435.83,DEBIT,FOOD,ZEPTO MUMBAI,UPI
TXN_E163CD7A,1502,2025-03-04,149.08,DEBIT,FOOD,UPI - SWIGGY BANGALORE,UPI
TXN_246717AE,1502,2025-03-11,49.26,DEBIT,FOOD,UPI - ZOMATO HYDERABAD,UPI
TXN_588C1FC0,1502,2025-03-19,136.9,DEBIT,FOOD,UPI - SWIGGY BANGALORE,UPI
TXN_1F429F93,1502,2025-03-23,317.69,DEBIT,FOOD,UPI - ZOMATO HYDERABAD,UPI
TXN_D4CCB2FE,1502,2025-03-03,438.38,DEBIT,FOOD,BLINKIT GURGAON,UPI
TXN_334CCFB1,1502,2025-03-03,266.23,DEBIT,FOOD,BLINKIT GURGAON,UPI
TXN_B6070338,1502,2025-03-22,253.58,DEBIT,FOOD,UPI - ZOMATO HYDERABAD,UPI
TXN_BC2A8DAC,1502,2025-03-24,451.63,DEBIT,FOOD,ZEPTO MUMBAI,UPI
TXN_93BF5E01,1502,2025-03-08,385.23,DEBIT,FOOD,ZEPTO MUMBAI,UPI
TXN_62A4B673,1502,2025-03-07,81.5,DEBIT,FOOD,ZEPTO MUMBAI,UPI
TXN_DEE12393,1502,2025-03-12,226.37,DEBIT,FOOD,ZEPTO MUMBAI,UPI
TXN_518A27C0,1502,2025-04-02,74783.33,CREDIT,SALARY,ACH CR - INFOSYS LTD,ACH
TXN_AC9C5643,1502,2025-04-06,9283.6,DEBIT,RENT,CRED RENT PAY,UPI
TXN_0A6D8F04,1502,2025-04-09,33091.62,DEBIT,INVESTMENT,KFINTECH MF SIP,ACH
TXN_0CBDD2F0,1502,2025-04-02,217.15,DEBIT,FOOD,BLINKIT GURGAON,UPI
TXN_18D0F5A0,1502,2025-04-26,419.14,DEBIT,FOOD,UPI - ZOMATO HYDERABAD,UPI
TXN_1CE45368,1502,2025-04-07,123.69,DEBIT,FOOD,ZEPTO MUMBAI,UPI
TXN_39CF7BC6,1502,2025-04-05,225.63,DEBIT,FOOD,BLINKIT GURGAON,UPI
TXN_B7B8827B,1502,2025-04-15,149.91,DEBIT,FOOD,UPI - SWIGGY BANGALORE,UPI
TXN_C2E1902F,1502,2025-04-15,395.53,DEBIT,FOOD,UPI - SWIGGY BANGALORE,UPI
TXN_7815AC49,1502,2025-04-02,326.94,DEBIT,FOOD,UPI - SWIGGY BANGALORE,UPI
TXN_6383630B,1502,2025-04-03,447.6,DEBIT,FOOD,UPI - ZOMATO HYDERABAD,UPI
TXN_B7613DBF,1502,2025-04-06,218.82,DEBIT,FOOD,ZEPTO MUMBAI,UPI
TXN_D065FE35,1502,2025-04-07,420.45,DEBIT,FOOD,UPI - SWIGGY BANGALORE,UPI
TXN_6625B52F,1502,2025-04-06,206.75,DEBIT,FOOD,ZEPTO MUMBAI,UPI
TXN_E9B5CEBD,1502,2025-04-09,447.67,DEBIT,FOOD,ZEPTO MUMBAI,UPI
TXN_E2D82DBB,1502,2025-04-10,226.12,DEBIT,FOOD,ZEPTO MUMBAI,UPI
TXN_A076E7B1,1502,2025-04-05,123.56,DEBIT,FOOD,UPI - ZOMATO HYDERABAD,UPI
TXN_6518EF38,1502,2025-04-02,294.84,DEBIT,FOOD,UPI - SWIGGY BANGALORE,UPI
TXN_44EC735E,1502,2025-04-24,177.99,DEBIT,FOOD,UPI - SWIGGY BANGALORE,UPI
TXN_7013F040,1502,2025-04-19,249.79,DEBIT,FOOD,UPI - ZOMATO HYDERABAD,UPI
TXN_AEA4A578,1502,2025-04-02,462.74,DEBIT,FOOD,UPI - SWIGGY BANGALORE,UPI
TXN_0F53E22B,1502,2025-05-02,74783.33,CREDIT,SALARY,SALARY CREDIT - TCS CORP,ACH
TXN_07157854,1502,2025-05-06,9283.6,DEBIT,RENT,UPI - RENT TO LANDLORD,UPI
TXN_D5842A20,1502,2025-05-09,33091.62,DEBIT,INVESTMENT,KFINTECH MF SIP,ACH
TXN_1C47A668,1502,2025-05-22,419.2,DEBIT,FOOD,ZEPTO MUMBAI,UPI
TXN_C40369F5,1502,2025-05-04,454.3,DEBIT,FOOD,UPI - ZOMATO HYDERABAD,UPI
TXN_6785B639,1502,2025-05-19,301.59,DEBIT,FOOD,UPI - SWIGGY BANGALORE,UPI
TXN_249D6AE9,1502,2025-05-14,329.24,DEBIT,FOOD,BLINKIT GURGAON,UPI
TXN_75A5A208,1502,2025-05-09,129.87,DEBIT,FOOD,BLINKIT GURGAON,UPI
TXN_BFCBD8D1,1502,2025-05-08,156.87,DEBIT,FOOD,UPI - ZOMATO HYDERABAD,UPI
TXN_0B87A44E,1502,2025-05-22,324.02,DEBIT,FOOD,ZEPTO MUMBAI,UPI
TXN_A5C146D1,1502,2025-05-11,448.77,DEBIT,FOOD,UPI - SWIGGY BANGALORE,UPI
TXN_83D322AD,1502,2025-05-01,241.65,DEBIT,FOOD,UPI - SWIGGY BANGALORE,UPI
TXN_83E05D99,1502,2025-05-03,276.56,DEBIT,FOOD,BLINKIT GURGAON,UPI
TXN_684CAA54,1502,2025-05-05,450.63,DEBIT,FOOD,UPI - SWIGGY BANGALORE,UPI
TXN_92B1E4DC,1502,2025-05-08,202.59,DEBIT,FOOD,UPI - ZOMATO HYDERABAD,UPI
TXN_24B43812,1502,2025-05-15,406.85,DEBIT,FOOD,BLINKIT GURGAON,UPI
TXN_EACCC284,1502,2025-05-20,472.9,DEBIT,FOOD,UPI - SWIGGY BANGALORE,UPI
TXN_308006FB,1502,2025-05-22,399.53,DEBIT,FOOD,BLINKIT GURGAON,UPI
TXN_45E3F616,1502,2025-05-22,85.58,DEBIT,FOOD,UPI - ZOMATO HYDERABAD,UPI
TXN_6714B735,1502,2025-05-09,90.79,DEBIT,FOOD,UPI - SWIGGY BANGALORE,UPI
TXN_5FB8DFE2,1502,2025-06-01,74783.33,CREDIT,SALARY,SALARY CREDIT - TCS CORP,ACH
TXN_310E315F,1502,2025-06-05,9283.6,DEBIT,RENT,NEFT - NOBROKER RENT,UPI
TXN_32C34704,1502,2025-06-08,33091.62,DEBIT,INVESTMENT,GROWW MUTUAL FUND,ACH
TXN_5F5512FB,1502,2025-06-23,190.87,DEBIT,FOOD,BLINKIT GURGAON,UPI
TXN_1DEC7CDC,1502,2025-06-17,254.95,DEBIT,FOOD,UPI - SWIGGY BANGALORE,UPI
TXN_1F004E95,1502,2025-06-03,319.09,DEBIT,FOOD,BLINKIT GURGAON,UPI
TXN_0BAD8629,1502,2025-06-02,41.56,DEBIT,FOOD,UPI - ZOMATO HYDERABAD,UPI
TXN_38E7F0CD,1502,2025-06-21,471.11,DEBIT,FOOD,UPI - ZOMATO HYDERABAD,UPI
TXN_8B4D10AE,1502,2025-06-24,234.41,DEBIT,FOOD,ZEPTO MUMBAI,UPI
TXN_BDB224E3,1502,2025-06-18,44.25,DEBIT,FOOD,UPI - SWIGGY BANGALORE,UPI
TXN_BCEE4968,1502,2025-06-23,437.73,DEBIT,FOOD,UPI - SWIGGY BANGALORE,UPI
TXN_3F533576,1502,2025-06-27,202.46,DEBIT,FOOD,UPI - ZOMATO HYDERABAD,UPI
TXN_C5BAD186,1502,2025-06-14,96.08,DEBIT,FOOD,BLINKIT GURGAON,UPI
TXN_AA82E9ED,1502,2025-06-12,435.55,DEBIT,FOOD,UPI - SWIGGY BANGALORE,UPI
TXN_6B731722,1502,2025-06-12,132.43,DEBIT,FOOD,UPI - ZOMATO HYDERABAD,UPI
TXN_4629076C,1502,2025-06-22,85.23,DEBIT,FOOD,ZEPTO MUMBAI,UPI
TXN_E411AEFC,1502,2025-06-20,369.77,DEBIT,FOOD,UPI - ZOMATO HYDERABAD,UPI
TXN_934B2C36,1502,2025-06-28,111.5,DEBIT,FOOD,UPI - ZOMATO HYDERABAD,UPI
TXN_3CB3F26B,1502,2025-06-14,50.91,DEBIT,FOOD,BLINKIT GURGAON,UPI
TXN_B31C8FCC,1502,2025-06-26,449.56,DEBIT,FOOD,UPI - ZOMATO HYDERABAD,UPI
TXN_3B0F12E5,1502,2025-06-09,110.05,DEBIT,FOOD,UPI - SWIGGY BANGALORE,UPI
TXN_92F06D46,1502,2025-06-13,423.75,DEBIT,FOOD,ZEPTO MUMBAI,UPI
TXN_C4A4987C,1502,2025-06-08,127.81,DEBIT,FOOD,ZEPTO MUMBAI,UPI
TXN_571B7568,1502,2025-06-12,174.28,DEBIT,FOOD,UPI - ZOMATO HYDERABAD,UPI
TXN_BB6405A9,1502,2025-07-01,74783.33,CREDIT,SALARY,SALARY CREDIT - TCS CORP,ACH
TXN_AD8F653E,1502,2025-07-05,9283.6,DEBIT,RENT,UPI - RENT TO LANDLORD,UPI
TXN_5DF5739F,1502,2025-07-08,33091.62,DEBIT,INVESTMENT,KFINTECH MF SIP,ACH
TXN_5D6B89F2,1502,2025-07-13,184.44,DEBIT,FOOD,UPI - SWIGGY BANGALORE,UPI
TXN_F4F5ED0C,1502,2025-07-25,162.81,DEBIT,FOOD,ZEPTO MUMBAI,UPI
TXN_3BEAEA8C,1502,2025-07-22,471.71,DEBIT,FOOD,BLINKIT GURGAON,UPI
TXN_3643DD54,1502,2025-07-01,90.75,DEBIT,FOOD,BLINKIT GURGAON,UPI
TXN_FC2D80B3,1502,2025-07-06,295.46,DEBIT,FOOD,BLINKIT GURGAON,UPI
TXN_DF306BD8,1502,2025-07-02,87.7,DEBIT,FOOD,ZEPTO MUMBAI,UPI
TXN_95506F88,1502,2025-07-12,360.56,DEBIT,FOOD,BLINKIT GURGAON,UPI
TXN_AE396F45,1502,2025-07-14,306.73,DEBIT,FOOD,UPI - SWIGGY BANGALORE,UPI
TXN_8988349A,1502,2025-07-13,435.78,DEBIT,FOOD,UPI - ZOMATO HYDERABAD,UPI
TXN_13E18D6B,1502,2025-07-09,59.53,DEBIT,FOOD,ZEPTO MUMBAI,UPI
TXN_AE31661F,1502,2025-07-01,268.76,DEBIT,FOOD,UPI - ZOMATO HYDERABAD,UPI
TXN_649EF202,1502,2025-07-12,229.77,DEBIT,FOOD,BLINKIT GURGAON,UPI
TXN_F2F8761B,1502,2025-07-20,178.12,DEBIT,FOOD,UPI - SWIGGY BANGALORE,UPI
TXN_FF486EFB,1502,2025-07-24,436.02,DEBIT,FOOD,BLINKIT GURGAON,UPI
TXN_B0F421AC,1502,2025-07-22,219.69,DEBIT,FOOD,ZEPTO MUMBAI,UPI
TXN_44CC22D3,1502,2025-07-23,170.09,DEBIT,FOOD,UPI - ZOMATO HYDERABAD,UPI
TXN_58A2C573,1502,2025-07-07,225.0,DEBIT,FOOD,ZEPTO MUMBAI,UPI
TXN_5DEFD39A,1502,2025-07-22,369.18,DEBIT,FOOD,UPI - ZOMATO HYDERABAD,UPI
TXN_B517C301,1502,2025-07-20,290.41,DEBIT,FOOD,ZEPTO MUMBAI,UPI
TXN_518E670A,1502,2025-07-18,406.84,DEBIT,FOOD,BLINKIT GURGAON,UPI
TXN_F007C611,1502,2025-07-10,132.48,DEBIT,FOOD,BLINKIT GURGAON,UPI
TXN_169C5129,1502,2025-07-31,74783.33,CREDIT,SALARY,CMS SALARY CR - WIPRO,ACH
TXN_CF5DA0C1,1502,2025-08-04,9283.6,DEBIT,RENT,NEFT - NOBROKER RENT,UPI
TXN_1E3B5875,1502,2025-08-07,33091.62,DEBIT,INVESTMENT,GROWW MUTUAL FUND,ACH
TXN_2389829A,1502,2025-07-17,248.2,DEBIT,FOOD,UPI - ZOMATO HYDERABAD,UPI
TXN_4BA2CEA6,1502,2025-07-22,77.31,DEBIT,FOOD,BLINKIT GURGAON,UPI
TXN_DCC136AC,1502,2025-07-03,400.11,DEBIT,FOOD,UPI - ZOMATO HYDERABAD,UPI
TXN_5054E836,1502,2025-07-22,176.58,DEBIT,FOOD,UPI - ZOMATO HYDERABAD,UPI
TXN_3E10D663,1502,2025-07-05,50.75,DEBIT,FOOD,UPI - ZOMATO HYDERABAD,UPI
TXN_C0B19EA7,1502,2025-07-16,308.96,DEBIT,FOOD,UPI - SWIGGY BANGALORE,UPI
TXN_B482CAC1,1502,2025-07-15,222.35,DEBIT,FOOD,UPI - ZOMATO HYDERABAD,UPI
TXN_9A38D7C1,1502,2025-07-23,346.4,DEBIT,FOOD,ZEPTO MUMBAI,UPI
TXN_3978BB6A,1502,2025-07-13,147.35,DEBIT,FOOD,UPI - SWIGGY BANGALORE,UPI
TXN_A0CA214F,1502,2025-07-25,418.59,DEBIT,FOOD,UPI - SWIGGY BANGALORE,UPI
TXN_8B252522,1502,2025-07-25,227.06,DEBIT,FOOD,UPI - ZOMATO HYDERABAD,UPI
TXN_0611D8BA,1502,2025-07-26,461.51,DEBIT,FOOD,ZEPTO MUMBAI,UPI
TXN_E622E0B4,1502,2025-07-02,285.26,DEBIT,FOOD,UPI - SWIGGY BANGALORE,UPI
TXN_831B6D13,1502,2025-07-15,98.67,DEBIT,FOOD,ZEPTO MUMBAI,UPI
TXN_23F99851,1502,2025-07-22,273.7,DEBIT,FOOD,BLINKIT GURGAON,UPI
TXN_4CB34F60,1502,2025-07-25,432.23,DEBIT,FOOD,ZEPTO MUMBAI,UPI
TXN_852E4FD7,1502,2025-07-27,439.02,DEBIT,FOOD,ZEPTO MUMBAI,UPI
TXN_B6C3B54C,1502,2025-07-06,367.21,DEBIT,FOOD,ZEPTO MUMBAI,UPI
TXN_80A0B9D2,1502,2025-07-15,154.04,DEBIT,FOOD,UPI - ZOMATO HYDERABAD,UPI
TXN_904992E2,1502,2025-07-27,320.57,DEBIT,FOOD,ZEPTO MUMBAI,UPI
TXN_BE2FD6A8,1502,2025-07-21,145.27,DEBIT,FOOD,ZEPTO MUMBAI,UPI
TXN_D7791768,1502,2025-08-30,74783.33,CREDIT,SALARY,ACH CR - INFOSYS LTD,ACH
TXN_C7224A8E,1502,2025-09-03,9283.6,DEBIT,RENT,CRED RENT PAY,UPI
TXN_1D3631E2,1502,2025-09-06,33091.62,DEBIT,INVESTMENT,GROWW MUTUAL FUND,ACH
TXN_715807FD,1502,2025-08-09,187.77,DEBIT,FOOD,UPI - SWIGGY BANGALORE,UPI
TXN_527D13CB,1502,2025-08-05,106.37,DEBIT,FOOD,ZEPTO MUMBAI,UPI
TXN_8B11CC11,1502,2025-08-23,107.23,DEBIT,FOOD,UPI - ZOMATO HYDERABAD,UPI
TXN_889DF56D,1502,2025-08-03,222.54,DEBIT,FOOD,BLINKIT GURGAON,UPI
TXN_A0662A7F,1502,2025-08-18,245.01,DEBIT,FOOD,UPI - SWIGGY BANGALORE,UPI
TXN_D034B6A2,1502,2025-08-07,406.47,DEBIT,FOOD,ZEPTO MUMBAI,UPI
TXN_87C396D4,1502,2025-08-25,296.99,DEBIT,FOOD,UPI - SWIGGY BANGALORE,UPI
TXN_DE93FEC7,1502,2025-08-28,427.49,DEBIT,FOOD,ZEPTO MUMBAI,UPI
TXN_A4EAA63B,1502,2025-08-16,42.59,DEBIT,FOOD,BLINKIT GURGAON,UPI
TXN_218A49F4,1502,2025-08-10,371.53,DEBIT,FOOD,ZEPTO MUMBAI,UPI
TXN_1DAD7229,1502,2025-08-18,368.91,DEBIT,FOOD,UPI - ZOMATO HYDERABAD,UPI
TXN_AA30CBBB,1502,2025-08-16,136.55,DEBIT,FOOD,ZEPTO MUMBAI,UPI
TXN_3A3D5756,1502,2025-08-16,52.77,DEBIT,FOOD,BLINKIT GURGAON,UPI
TXN_492885EA,1502,2025-08-22,338.82,DEBIT,FOOD,ZEPTO MUMBAI,UPI
TXN_1BEFCAD3,1502,2025-08-24,112.62,DEBIT,FOOD,ZEPTO MUMBAI,UPI
TXN_6DCBB7B6,1502,2025-08-05,471.52,DEBIT,FOOD,UPI - SWIGGY BANGALORE,UPI
TXN_1F9C4849,1502,2025-08-13,300.43,DEBIT,FOOD,UPI - SWIGGY BANGALORE,UPI
TXN_A31BE05F,1502,2025-08-03,322.81,DEBIT,FOOD,UPI - ZOMATO HYDERABAD,UPI
TXN_EFD7B9BE,1502,2025-08-28,243.15,DEBIT,FOOD,UPI - SWIGGY BANGALORE,UPI
TXN_193BF02C,1502,2025-08-09,206.81,DEBIT,FOOD,UPI - ZOMATO HYDERABAD,UPI
TXN_876267B3,1502,2025-08-15,183.81,DEBIT,FOOD,ZEPTO MUMBAI,UPI
TXN_5977F26F,1502,2025-08-09,370.88,DEBIT,FOOD,ZEPTO MUMBAI,UPI
TXN_1C1DB355,1502,2025-09-29,74783.33,CREDIT,SALARY,NEFT CR - GOOGLE INDIA,ACH
TXN_31BAE589,1502,2025-10-03,9283.6,DEBIT,RENT,UPI - RENT TO LANDLORD,UPI
TXN_23AF0F13,1502,2025-10-06,33091.62,DEBIT,INVESTMENT,GROWW MUTUAL FUND,ACH
TXN_F259AAEA,1502,2025-09-24,277.34,DEBIT,FOOD,BLINKIT GURGAON,UPI
TXN_3D6854DC,1502,2025-09-08,326.06,DEBIT,FOOD,UPI - SWIGGY BANGALORE,UPI
TXN_FD07F59C,1502,2025-09-25,53.65,DEBIT,FOOD,UPI - ZOMATO HYDERABAD,UPI
TXN_A336264B,1502,2025-09-07,409.26,DEBIT,FOOD,UPI - ZOMATO HYDERABAD,UPI
TXN_67D81C7B,1502,2025-09-08,95.54,DEBIT,FOOD,UPI - SWIGGY BANGALORE,UPI
TXN_5B2BDD62,1502,2025-09-19,457.01,DEBIT,FOOD,ZEPTO MUMBAI,UPI
TXN_39A805FE,1502,2025-09-23,152.75,DEBIT,FOOD,BLINKIT GURGAON,UPI
TXN_0F593A8F,1502,2025-09-06,306.59,DEBIT,FOOD,UPI - SWIGGY BANGALORE,UPI
TXN_B7E5AADA,1502,2025-09-25,400.49,DEBIT,FOOD,BLINKIT GURGAON,UPI
TXN_AF435B97,1502,2025-09-04,294.62,DEBIT,FOOD,BLINKIT GURGAON,UPI
TXN_0D9CA8C3,1502,2025-09-19,338.03,DEBIT,FOOD,ZEPTO MUMBAI,UPI
TXN_88B633E9,1502,2025-09-13,454.25,DEBIT,FOOD,UPI - ZOMATO HYDERABAD,UPI
TXN_81E35C7F,1502,2025-09-03,300.52,DEBIT,FOOD,UPI - ZOMATO HYDERABAD,UPI
TXN_ABA03731,1502,2025-09-04,346.76,DEBIT,FOOD,BLINKIT GURGAON,UPI
TXN_BCF55D73,1502,2025-09-28,341.07,DEBIT,FOOD,UPI - SWIGGY BANGALORE,UPI
TXN_D7D88C38,1502,2025-10-29,74783.33,CREDIT,SALARY,ACH CR - INFOSYS LTD,ACH
TXN_3249E4F9,1502,2025-11-02,9283.6,DEBIT,RENT,NEFT - NOBROKER RENT,UPI
TXN_F5CB999F,1502,2025-11-05,33091.62,DEBIT,INVESTMENT,KFINTECH MF SIP,ACH
TXN_B07780FB,1502,2025-10-22,203.05,DEBIT,FOOD,BLINKIT GURGAON,UPI
TXN_A5B22120,1502,2025-10-01,413.81,DEBIT,FOOD,ZEPTO MUMBAI,UPI
TXN_8D852EE4,1502,2025-10-04,230.75,DEBIT,FOOD,BLINKIT GURGAON,UPI
TXN_F63DEACD,1502,2025-10-21,432.29,DEBIT,FOOD,ZEPTO MUMBAI,UPI
TXN_4890EC6F,1502,2025-10-23,107.32,DEBIT,FOOD,UPI - ZOMATO HYDERABAD,UPI
TXN_BB33677D,1502,2025-10-24,269.57,DEBIT,FOOD,BLINKIT GURGAON,UPI
TXN_D8D62E08,1502,2025-10-20,395.61,DEBIT,FOOD,ZEPTO MUMBAI,UPI
TXN_C9FC4E8B,1502,2025-10-15,231.65,DEBIT,FOOD,BLINKIT GURGAON,UPI
TXN_0C1095E6,1502,2025-10-11,414.75,DEBIT,FOOD,UPI - SWIGGY BANGALORE,UPI
TXN_F2F2F0E8,1502,2025-10-09,427.92,DEBIT,FOOD,UPI - ZOMATO HYDERABAD,UPI
TXN_FADD3D5E,1502,2025-10-25,244.47,DEBIT,FOOD,ZEPTO MUMBAI,UPI
TXN_EAA4560D,1502,2025-10-11,52.63,DEBIT,FOOD,BLINKIT GURGAON,UPI
TXN_5B094758,1502,2025-10-06,254.52,DEBIT,FOOD,BLINKIT GURGAON,UPI
TXN_4F708DD0,1502,2025-10-26,153.68,DEBIT,FOOD,BLINKIT GURGAON,UPI
TXN_FAEF5F67,1502,2025-10-20,348.52,DEBIT,FOOD,BLINKIT GURGAON,UPI
TXN_21FD6D26,1502,2025-10-18,44.47,DEBIT,FOOD,UPI - ZOMATO HYDERABAD,UPI
TXN_78862A55,1502,2025-10-03,146.2,DEBIT,FOOD,ZEPTO MUMBAI,UPI
TXN_DDA954E0,1502,2025-10-16,284.28,DEBIT,FOOD,UPI - ZOMATO HYDERABAD,UPI
TXN_1A065118,1502,2025-10-23,249.48,DEBIT,FOOD,ZEPTO MUMBAI,UPI
TXN_742B69DA,1502,2025-10-15,388.89,DEBIT,FOOD,UPI - SWIGGY BANGALORE,UPI
TXN_25059459,1502,2025-10-10,137.5,DEBIT,FOOD,UPI - ZOMATO HYDERABAD,UPI
TXN_B5F2131D,1502,2025-10-10,332.14,DEBIT,FOOD,BLINKIT GURGAON,UPI
TXN_E41D9DCA,1502,2025-10-16,283.53,DEBIT,FOOD,BLINKIT GURGAON,UPI
TXN_2BA84C78,1502,2025-10-14,478.52,DEBIT,FOOD,BLINKIT GURGAON,UPI
TXN_11054893,1502,2025-10-12,349.26,DEBIT,FOOD,BLINKIT GURGAON,UPI
TXN_5F63E731,1502,2025-10-10,150.62,DEBIT,FOOD,UPI - SWIGGY BANGALORE,UPI
TXN_2297BC4F,1502,2025-10-24,124.74,DEBIT,FOOD,UPI - SWIGGY BANGALORE,UPI
TXN_1D662B55,1502,2025-10-24,275.78,DEBIT,FOOD,UPI - ZOMATO HYDERABAD,UPI
TXN_0C54CEC6,1502,2025-11-28,74783.33,CREDIT,SALARY,SALARY CREDIT - TCS CORP,ACH
TXN_ECBFD69F,1502,2025-12-02,9283.6,DEBIT,RENT,UPI - RENT TO LANDLORD,UPI
TXN_F89F8EDA,1502,2025-12-05,33091.62,DEBIT,INVESTMENT,KFINTECH MF SIP,ACH
TXN_19EF0F4C,1502,2025-11-09,358.82,DEBIT,FOOD,BLINKIT GURGAON,UPI
TXN_4157B072,1502,2025-11-04,406.36,DEBIT,FOOD,BLINKIT GURGAON,UPI
TXN_2A3B1358,1502,2025-11-08,198.79,DEBIT,FOOD,BLINKIT GURGAON,UPI
TXN_81391991,1502,2025-11-01,351.53,DEBIT,FOOD,UPI - ZOMATO HYDERABAD,UPI
TXN_A6CC35E0,1502,2025-11-09,60.03,DEBIT,FOOD,UPI - SWIGGY BANGALORE,UPI
TXN_F38510B1,1502,2025-11-18,168.54,DEBIT,FOOD,UPI - ZOMATO HYDERABAD,UPI
TXN_48BC8AC5,1502,2025-11-21,422.12,DEBIT,FOOD,ZEPTO MUMBAI,UPI
TXN_48EE6D75,1502,2025-11-04,424.0,DEBIT,FOOD,BLINKIT GURGAON,UPI
TXN_DA9183FF,1502,2025-11-16,250.63,DEBIT,FOOD,BLINKIT GURGAON,UPI
TXN_A653AF22,1502,2025-11-06,464.82,DEBIT,FOOD,BLINKIT GURGAON,UPI
TXN_83BEF963,1502,2025-11-28,250.2,DEBIT,FOOD,UPI - SWIGGY BANGALORE,UPI
TXN_A9F50A38,1502,2025-11-13,256.37,DEBIT,FOOD,UPI - SWIGGY BANGALORE,UPI
TXN_7B1377F6,1502,2025-11-05,105.65,DEBIT,FOOD,BLINKIT GURGAON,UPI
TXN_1AFF38A8,1502,2025-11-03,477.32,DEBIT,FOOD,UPI - SWIGGY BANGALORE,UPI
TXN_B19C397D,1502,2025-11-18,376.36,DEBIT,FOOD,UPI - ZOMATO HYDERABAD,UPI
TXN_1ADA6EC0,1502,2025-11-25,269.93,DEBIT,FOOD,ZEPTO MUMBAI,UPI
TXN_59B47212,1502,2025-11-15,170.84,DEBIT,FOOD,ZEPTO MUMBAI,UPI
TXN_3BF3E576,1502,2025-11-10,290.2,DEBIT,FOOD,UPI - SWIGGY BANGALORE,UPI
TXN_FCFDE917,1502,2025-11-20,462.45,DEBIT,FOOD,UPI - SWIGGY BANGALORE,UPI
TXN_048A719C,1502,2025-11-25,131.43,DEBIT,FOOD,UPI - ZOMATO HYDERABAD,UPI
TXN_F6FE0118,1502,2025-11-09,330.59,DEBIT,FOOD,UPI - ZOMATO HYDERABAD,UPI
TXN_FC279AF2,1502,2025-11-08,116.48,DEBIT,FOOD,UPI - SWIGGY BANGALORE,UPI
TXN_3C86AF87,1502,2025-11-06,41.18,DEBIT,FOOD,ZEPTO MUMBAI,UPI
TXN_50783D5D,1502,2025-11-23,301.28,DEBIT,FOOD,BLINKIT GURGAON,UPI
TXN_12D52322,1502,2025-11-02,141.85,DEBIT,FOOD,BLINKIT GURGAON,UPI
TXN_49A1DC4B,1502,2025-11-23,418.23,DEBIT,FOOD,UPI - SWIGGY BANGALORE,UPI
TXN_A7B3D250,1502,2025-11-22,142.71,DEBIT,FOOD,BLINKIT GURGAON,UPI
TXN_6E008B02,1502,2025-11-26,388.15,DEBIT,FOOD,UPI - ZOMATO HYDERABAD,UPI
TXN_EB61F237,1502,2025-11-14,90.5,DEBIT,FOOD,UPI - ZOMATO HYDERABAD,UPI
TXN_409BA128,1502,2025-11-21,105.56,DEBIT,FOOD,BLINKIT GURGAON,UPI
TXN_AE59C389,2587,2025-01-02,170475.0,CREDIT,SALARY,SALARY CREDIT - TCS CORP,ACH
TXN_AE2A2313,2587,2025-01-06,34756.44,DEBIT,RENT,UPI - RENT TO LANDLORD,UPI
TXN_C8B1DEDD,2587,2025-01-09,13416.38,DEBIT,INVESTMENT,ACH DR - ZERODHA SIP,ACH
TXN_CDB58407,2587,2025-01-26,175.35,DEBIT,FOOD,BLINKIT GURGAON,UPI
TXN_B8B4D3FD,2587,2025-01-15,94.72,DEBIT,FOOD,BLINKIT GURGAON,UPI
TXN_01DFB438,2587,2025-01-23,217.1,DEBIT,FOOD,BLINKIT GURGAON,UPI
TXN_49B4D398,2587,2025-01-17,277.59,DEBIT,FOOD,ZEPTO MUMBAI,UPI
TXN_4E788D9E,2587,2025-01-03,303.14,DEBIT,FOOD,ZEPTO MUMBAI,UPI
TXN_53C8F5D6,2587,2025-01-24,181.82,DEBIT,FOOD,BLINKIT GURGAON,UPI
TXN_087ACBB7,2587,2025-01-01,80.18,DEBIT,FOOD,UPI - SWIGGY BANGALORE,UPI
TXN_6125CE87,2587,2025-01-25,335.8,DEBIT,FOOD,BLINKIT GURGAON,UPI
TXN_F4A70BED,2587,2025-01-19,57.7,DEBIT,FOOD,UPI - ZOMATO HYDERABAD,UPI
TXN_F1137766,2587,2025-01-16,268.34,DEBIT,FOOD,ZEPTO MUMBAI,UPI
TXN_F43F766B,2587,2025-01-09,119.86,DEBIT,FOOD,ZEPTO MUMBAI,UPI
TXN_07EF9BEA,2587,2025-01-21,398.27,DEBIT,FOOD,UPI - SWIGGY BANGALORE,UPI
TXN_3815E1C7,2587,2025-01-16,193.1,DEBIT,FOOD,BLINKIT GURGAON,UPI
TXN_DFCB307E,2587,2025-01-11,334.86,DEBIT,FOOD,UPI - ZOMATO HYDERABAD,UPI
TXN_26A4B1A4,2587,2025-01-11,221.12,DEBIT,FOOD,ZEPTO MUMBAI,UPI
TXN_A2338CC1,2587,2025-01-10,331.54,DEBIT,FOOD,ZEPTO MUMBAI,UPI
TXN_84BF3CF2,2587,2025-01-27,374.62,DEBIT,FOOD,UPI - SWIGGY BANGALORE,UPI
TXN_097891A6,2587,2025-01-15,78.75,DEBIT,FOOD,BLINKIT GURGAON,UPI
TXN_51E2AC03,2587,2025-01-11,91.01,DEBIT,FOOD,ZEPTO MUMBAI,UPI
TXN_A83F213A,2587,2025-01-28,266.42,DEBIT,FOOD,UPI - SWIGGY BANGALORE,UPI
TXN_D66C9C50,2587,2025-02-01,170475.0,CREDIT,SALARY,CMS SALARY CR - WIPRO,ACH
TXN_6E598B08,2587,2025-02-05,34756.44,DEBIT,RENT,NEFT - NOBROKER RENT,UPI
TXN_EA4BAA98,2587,2025-02-08,13416.38,DEBIT,INVESTMENT,ACH DR - ZERODHA SIP,ACH
TXN_BEDDC4A6,2587,2025-02-17,199.18,DEBIT,FOOD,ZEPTO MUMBAI,UPI
TXN_ABB24082,2587,2025-02-21,234.5,DEBIT,FOOD,UPI - SWIGGY BANGALORE,UPI
TXN_1E96D14A,2587,2025-02-07,157.5,DEBIT,FOOD,UPI - ZOMATO HYDERABAD,UPI
TXN_E30EA63B,2587,2025-02-10,232.77,DEBIT,FOOD,ZEPTO MUMBAI,UPI
TXN_DCBD38D3,2587,2025-02-04,52.7,DEBIT,FOOD,UPI - ZOMATO HYDERABAD,UPI
TXN_DBD752E8,2587,2025-02-23,109.69,DEBIT,FOOD,UPI - SWIGGY BANGALORE,UPI
TXN_47CDCB71,2587,2025-02-18,219.52,DEBIT,FOOD,UPI - ZOMATO HYDERABAD,UPI
TXN_E95ED402,2587,2025-02-27,441.69,DEBIT,FOOD,ZEPTO MUMBAI,UPI
TXN_2D0A2B11,2587,2025-02-04,324.99,DEBIT,FOOD,UPI - ZOMATO HYDERABAD,UPI
TXN_52E795C4,2587,2025-02-16,450.37,DEBIT,FOOD,BLINKIT GURGAON,UPI
TXN_ED876C06,2587,2025-02-17,350.38,DEBIT,FOOD,ZEPTO MUMBAI,UPI
TXN_D4207892,2587,2025-02-27,252.3,DEBIT,FOOD,ZEPTO MUMBAI,UPI
TXN_C6639FF4,2587,2025-02-08,240.99,DEBIT,FOOD,UPI - ZOMATO HYDERABAD,UPI
TXN_87EB3351,2587,2025-02-13,123.87,DEBIT,FOOD,UPI - ZOMATO HYDERABAD,UPI
TXN_CE1C52F7,2587,2025-02-28,70.72,DEBIT,FOOD,ZEPTO MUMBAI,UPI
TXN_C343DFCD,2587,2025-02-11,451.07,DEBIT,FOOD,BLINKIT GURGAON,UPI
TXN_2D24B53F,2587,2025-02-27,41.13,DEBIT,FOOD,BLINKIT GURGAON,UPI
TXN_34ED1C0D,2587,2025-02-27,298.25,DEBIT,FOOD,ZEPTO MUMBAI,UPI
TXN_49D155CB,2587,2025-02-28,105.38,DEBIT,FOOD,ZEPTO MUMBAI,UPI
TXN_53770339,2587,2025-02-12,186.27,DEBIT,FOOD,ZEPTO MUMBAI,UPI
TXN_E2069B62,2587,2025-02-15,450.45,DEBIT,FOOD,UPI - ZOMATO HYDERABAD,UPI
TXN_5807791B,2587,2025-03-03,170475.0,CREDIT,SALARY,SALARY CREDIT - TCS CORP,ACH
TXN_01F15A52,2587,2025-03-07,34756.44,DEBIT,RENT,CRED RENT PAY,UPI
TXN_B0528D61,2587,2025-03-10,13416.38,DEBIT,INVESTMENT,GROWW MUTUAL FUND,ACH
TXN_D325E171,2587,2025-03-28,381.24,DEBIT,FOOD,UPI - SWIGGY BANGALORE,UPI
TXN_26082EFF,2587,2025-03-11,367.67,DEBIT,FOOD,ZEPTO MUMBAI,UPI
TXN_FE069507,2587,2025-03-13,474.9,DEBIT,FOOD,UPI - ZOMATO HYDERABAD,UPI
TXN_BD2FF129,2587,2025-03-16,464.52,DEBIT,FOOD,UPI - ZOMATO HYDERABAD,UPI
TXN_0C2101FB,2587,2025-03-17,464.76,DEBIT,FOOD,BLINKIT GURGAON,UPI
TXN_0738A3B2,2587,2025-03-28,84.16,DEBIT,FOOD,ZEPTO MUMBAI,UPI
TXN_94A59B1F,2587,2025-03-04,271.42,DEBIT,FOOD,ZEPTO MUMBAI,UPI
TXN_26351FDD,2587,2025-03-01,357.88,DEBIT,FOOD,ZEPTO MUMBAI,UPI
TXN_A5B4BAC0,2587,2025-03-28,328.1,DEBIT,FOOD,UPI - ZOMATO HYDERABAD,UPI
TXN_04EDDA0A,2587,2025-03-03,246.58,DEBIT,FOOD,BLINKIT GURGAON,UPI
TXN_A92B35CF,2587,2025-03-11,314.23,DEBIT,FOOD,ZEPTO MUMBAI,UPI
TXN_4BFECAC2,2587,2025-03-21,75.34,DEBIT,FOOD,BLINKIT GURGAON,UPI
TXN_7F0260CF,2587,2025-03-28,336.72,DEBIT,FOOD,ZEPTO MUMBAI,UPI
TXN_CAA0837B,2587,2025-03-11,315.79,DEBIT,FOOD,ZEPTO MUMBAI,UPI
TXN_CDDF889B,2587,2025-03-28,278.05,DEBIT,FOOD,UPI - SWIGGY BANGALORE,UPI
TXN_68CD2B60,2587,2025-03-08,317.71,DEBIT,FOOD,BLINKIT GURGAON,UPI
TXN_2CE01E84,2587,2025-03-08,368.58,DEBIT,FOOD,ZEPTO MUMBAI,UPI
TXN_A913E6DD,2587,2025-03-04,374.56,DEBIT,FOOD,UPI - SWIGGY BANGALORE,UPI
TXN_D84D14C9,2587,2025-03-15,113.2,DEBIT,FOOD,BLINKIT GURGAON,UPI
TXN_70609FB3,2587,2025-03-01,60.24,DEBIT,FOOD,UPI - SWIGGY BANGALORE,UPI
TXN_381DE961,2587,2025-03-10,197.72,DEBIT,FOOD,ZEPTO MUMBAI,UPI
TXN_3D47D462,2587,2025-03-05,147.45,DEBIT,FOOD,ZEPTO MUMBAI,UPI
TXN_E6C14EF2,2587,2025-04-02,170475.0,CREDIT,SALARY,SALARY CREDIT - TCS CORP,ACH
TXN_C8C69D5C,2587,2025-04-06,34756.44,DEBIT,RENT,UPI - RENT TO LANDLORD,UPI
TXN_C4EE6BA7,2587,2025-04-09,13416.38,DEBIT,INVESTMENT,ACH DR - ZERODHA SIP,ACH
TXN_853E1B9E,2587,2025-04-20,423.17,DEBIT,FOOD,UPI - ZOMATO HYDERABAD,UPI
TXN_99BCFC39,2587,2025-04-16,441.64,DEBIT,FOOD,UPI - ZOMATO HYDERABAD,UPI
TXN_80BE828B,2587,2025-04-08,242.91,DEBIT,FOOD,BLINKIT GURGAON,UPI
TXN_633151BF,2587,2025-04-15,152.34,DEBIT,FOOD,UPI - SWIGGY BANGALORE,UPI
TXN_456A92CA,2587,2025-04-26,244.71,DEBIT,FOOD,BLINKIT GURGAON,UPI
TXN_FE2DD225,2587,2025-04-22,280.5,DEBIT,FOOD,UPI - SWIGGY BANGALORE,UPI
TXN_15B99B25,2587,2025-04-15,455.9,DEBIT,FOOD,BLINKIT GURGAON,UPI
TXN_F0499F0C,2587,2025-04-21,463.29,DEBIT,FOOD,BLINKIT GURGAON,UPI
TXN_BCB7DFF7,2587,2025-04-15,411.93,DEBIT,FOOD,UPI - ZOMATO HYDERABAD,UPI
TXN_ACD22039,2587,2025-04-13,415.47,DEBIT,FOOD,UPI - SWIGGY BANGALORE,UPI
TXN_BA0C91C3,2587,2025-04-08,207.8,DEBIT,FOOD,BLINKIT GURGAON,UPI
TXN_3F8EF63A,2587,2025-04-19,170.18,DEBIT,FOOD,BLINKIT GURGAON,UPI
TXN_BD109B6A,2587,2025-04-01,470.3,DEBIT,FOOD,ZEPTO MUMBAI,UPI
TXN_263A702D,2587,2025-04-09,43.56,DEBIT,FOOD,UPI - SWIGGY BANGALORE,UPI
TXN_9703FD9D,2587,2025-04-20,367.88,DEBIT,FOOD,BLINKIT GURGAON,UPI
TXN_74F72C8E,2587,2025-04-25,391.5,DEBIT,FOOD,BLINKIT GURGAON,UPI
TXN_558E8056,2587,2025-04-08,320.11,DEBIT,FOOD,BLINKIT GURGAON,UPI
TXN_4CB9F5C2,2587,2025-05-02,170475.0,CREDIT,SALARY,SALARY CREDIT - TCS CORP,ACH
TXN_0D3E11F0,2587,2025-05-06,34756.44,DEBIT,RENT,CRED RENT PAY,UPI
TXN_73BC4BE1,2587,2025-05-09,13416.38,DEBIT,INVESTMENT,ACH DR - ZERODHA SIP,ACH
TXN_F202FFE9,2587,2025-05-10,386.99,DEBIT,FOOD,UPI - SWIGGY BANGALORE,UPI
TXN_448E9B3C,2587,2025-05-19,200.54,DEBIT,FOOD,UPI - ZOMATO HYDERABAD,UPI
TXN_44CCFE35,2587,2025-05-03,440.24,DEBIT,FOOD,BLINKIT GURGAON,UPI
TXN_8610167B,2587,2025-05-24,222.82,DEBIT,FOOD,UPI - ZOMATO HYDERABAD,UPI
TXN_2391B598,2587,2025-05-05,386.07,DEBIT,FOOD,BLINKIT GURGAON,UPI
TXN_629F1048,2587,2025-05-17,260.79,DEBIT,FOOD,BLINKIT GURGAON,UPI
TXN_295EA047,2587,2025-05-27,112.4,DEBIT,FOOD,ZEPTO MUMBAI,UPI
TXN_BC0132D8,2587,2025-05-26,169.86,DEBIT,FOOD,BLINKIT GURGAON,UPI
TXN_0F8C7318,2587,2025-05-26,90.67,DEBIT,FOOD,UPI - SWIGGY BANGALORE,UPI
TXN_A5B30E73,2587,2025-05-05,371.83,DEBIT,FOOD,UPI - ZOMATO HYDERABAD,UPI
TXN_B26CF3F6,2587,2025-05-28,337.58,DEBIT,FOOD,ZEPTO MUMBAI,UPI
TXN_B65BF18D,2587,2025-05-28,394.02,DEBIT,FOOD,BLINKIT GURGAON,UPI
TXN_5EE5734B,2587,2025-05-03,387.9,DEBIT,FOOD,UPI - SWIGGY BANGALORE,UPI
TXN_ED135FFA,2587,2025-05-09,276.09,DEBIT,FOOD,ZEPTO MUMBAI,UPI
TXN_CA66E363,2587,2025-05-12,336.04,DEBIT,FOOD,BLINKIT GURGAON,UPI
TXN_2EA5C50A,2587,2025-05-19,207.65,DEBIT,FOOD,BLINKIT GURGAON,UPI
TXN_4949E431,2587,2025-06-01,170475.0,CREDIT,SALARY,ACH CR - INFOSYS LTD,ACH
TXN_ECF054D2,2587,2025-06-05,34756.44,DEBIT,RENT,CRED RENT PAY,UPI
TXN_080BFF39,2587,2025-06-08,13416.38,DEBIT,INVESTMENT,ACH DR - ZERODHA SIP,ACH
TXN_F051B48C,2587,2025-06-01,312.6,DEBIT,FOOD,BLINKIT GURGAON,UPI
TXN_6DA4A56A,2587,2025-06-20,137.4,DEBIT,FOOD,UPI - SWIGGY BANGALORE,UPI
TXN_4F0B3362,2587,2025-06-21,402.5,DEBIT,FOOD,BLINKIT GURGAON,UPI
TXN_E39DFC58,2587,2025-06-21,219.65,DEBIT,FOOD,UPI - ZOMATO HYDERABAD,UPI
TXN_6FCC99DC,2587,2025-06-02,456.36,DEBIT,FOOD,BLINKIT GURGAON,UPI
TXN_33217396,2587,2025-06-16,91.09,DEBIT,FOOD,UPI - ZOMATO HYDERABAD,UPI
TXN_DE4F99E0,2587,2025-06-18,99.69,DEBIT,FOOD,ZEPTO MUMBAI,UPI
TXN_EB4E6892,2587,2025-06-12,335.01,DEBIT,FOOD,ZEPTO MUMBAI,UPI
TXN_165540DC,2587,2025-06-19,366.6,DEBIT,FOOD,UPI - ZOMATO HYDERABAD,UPI
TXN_4DEC04CE,2587,2025-06-14,328.17,DEBIT,FOOD,ZEPTO MUMBAI,UPI
TXN_530C6DD3,2587,2025-06-20,219.57,DEBIT,FOOD,BLINKIT GURGAON,UPI
TXN_5ACA4359,2587,2025-06-02,343.72,DEBIT,FOOD,UPI - ZOMATO HYDERABAD,UPI
TXN_E6387326,2587,2025-06-15,235.67,DEBIT,FOOD,UPI - ZOMATO HYDERABAD,UPI
TXN_212A59C4,2587,2025-06-28,199.58,DEBIT,FOOD,BLINKIT GURGAON,UPI
TXN_8F880FD4,2587,2025-06-18,436.75,DEBIT,FOOD,BLINKIT GURGAON,UPI
TXN_5F280329,2587,2025-06-02,215.18,DEBIT,FOOD,UPI - ZOMATO HYDERABAD,UPI
TXN_5ADA0BEA,2587,2025-06-04,457.56,DEBIT,FOOD,ZEPTO MUMBAI,UPI
TXN_A5C5C449,2587,2025-06-03,331.62,DEBIT,FOOD,UPI - SWIGGY BANGALORE,UPI
TXN_38A76291,2587,2025-06-02,386.19,DEBIT,FOOD,UPI - ZOMATO HYDERABAD,UPI
TXN_4E75067E,2587,2025-06-05,386.27,DEBIT,FOOD,UPI - ZOMATO HYDERABAD,UPI
TXN_AD99A42A,2587,2025-06-03,405.12,DEBIT,FOOD,UPI - ZOMATO HYDERABAD,UPI
TXN_1711C1A1,2587,2025-06-19,135.02,DEBIT,FOOD,UPI - ZOMATO HYDERABAD,UPI
TXN_ECD1853B,2587,2025-06-11,380.72,DEBIT,FOOD,UPI - SWIGGY BANGALORE,UPI
TXN_B99F89CA,2587,2025-06-09,417.7,DEBIT,FOOD,UPI - ZOMATO HYDERABAD,UPI
TXN_9A9DCF20,2587,2025-06-05,277.69,DEBIT,FOOD,UPI - ZOMATO HYDERABAD,UPI
TXN_766195DE,2587,2025-06-04,330.87,DEBIT,FOOD,UPI - SWIGGY BANGALORE,UPI
TXN_58FD1F93,2587,2025-06-05,46.54,DEBIT,FOOD,UPI - ZOMATO HYDERABAD,UPI
TXN_232C8A76,2587,2025-06-19,182.46,DEBIT,FOOD,UPI - ZOMATO HYDERABAD,UPI
TXN_68591A52,2587,2025-06-09,63.06,DEBIT,FOOD,ZEPTO MUMBAI,UPI
TXN_C6A0DD9A,2587,2025-06-17,90.01,DEBIT,FOOD,UPI - SWIGGY BANGALORE,UPI
TXN_831454A0,2587,2025-07-01,170475.0,CREDIT,SALARY,CMS SALARY CR - WIPRO,ACH
TXN_52F6CED2,2587,2025-07-05,34756.44,DEBIT,RENT,NEFT - NOBROKER RENT,UPI
TXN_00D4FC13,2587,2025-07-08,13416.38,DEBIT,INVESTMENT,GROWW MUTUAL FUND,ACH
TXN_8FACF01A,2587,2025-07-15,261.69,DEBIT,FOOD,UPI - SWIGGY BANGALORE,UPI
TXN_CEBA4AB1,2587,2025-07-24,384.62,DEBIT,FOOD,BLINKIT GURGAON,UPI
TXN_61F39752,2587,2025-07-15,323.07,DEBIT,FOOD,UPI - SWIGGY BANGALORE,UPI
TXN_DA1EDE0A,2587,2025-07-02,479.38,DEBIT,FOOD,ZEPTO MUMBAI,UPI
TXN_FD91C327,2587,2025-07-14,341.88,DEBIT,FOOD,ZEPTO MUMBAI,UPI
TXN_184AF527,2587,2025-07-23,440.27,DEBIT,FOOD,UPI - SWIGGY BANGALORE,UPI
TXN_29E7F05D,2587,2025-07-03,181.73,DEBIT,FOOD,UPI - ZOMATO HYDERABAD,UPI
TXN_BA52905A,2587,2025-07-03,95.52,DEBIT,FOOD,BLINKIT GURGAON,UPI
TXN_C7ABC951,2587,2025-07-13,477.64,DEBIT,FOOD,BLINKIT GURGAON,UPI
TXN_D54FFE5E,2587,2025-07-15,262.44,DEBIT,FOOD,ZEPTO MUMBAI,UPI
TXN_B4FED815,2587,2025-07-04,388.96,DEBIT,FOOD,UPI - SWIGGY BANGALORE,UPI
TXN_AF7F38E4,2587,2025-07-28,328.07,DEBIT,FOOD,UPI - ZOMATO HYDERABAD,UPI
TXN_6335D739,2587,2025-07-14,238.68,DEBIT,FOOD,UPI - ZOMATO HYDERABAD,UPI
TXN_5721E022,2587,2025-07-14,189.13,DEBIT,FOOD,ZEPTO MUMBAI,UPI
TXN_74AF6CB3,2587,2025-07-13,223.04,DEBIT,FOOD,UPI - SWIGGY BANGALORE,UPI
TXN_A93D9D18,2587,2025-07-11,227.78,DEBIT,FOOD,BLINKIT GURGAON,UPI
TXN_83E542DE,2587,2025-07-12,459.58,DEBIT,FOOD,ZEPTO MUMBAI,UPI
TXN_E22A02D5,2587,2025-07-03,80.14,DEBIT,FOOD,UPI - SWIGGY BANGALORE,UPI
TXN_6AD8DEA2,2587,2025-07-31,170475.0,CREDIT,SALARY,ACH CR - INFOSYS LTD,ACH
TXN_19E68F4C,2587,2025-08-04,34756.44,DEBIT,RENT,NEFT - NOBROKER RENT,UPI
TXN_1114876A,2587,2025-08-07,13416.38,DEBIT,INVESTMENT,ACH DR - ZERODHA SIP,ACH
TXN_68A68E8C,2587,2025-07-26,97.25,DEBIT,FOOD,UPI - SWIGGY BANGALORE,UPI
TXN_C2704D52,2587,2025-07-19,460.91,DEBIT,FOOD,BLINKIT GURGAON,UPI
TXN_2BB4BC19,2587,2025-07-22,93.78,DEBIT,FOOD,BLINKIT GURGAON,UPI
TXN_5911FFF2,2587,2025-07-28,332.75,DEBIT,FOOD,ZEPTO MUMBAI,UPI
TXN_CF6C6EE8,2587,2025-07-28,442.97,DEBIT,FOOD,UPI - SWIGGY BANGALORE,UPI
TXN_A1D95084,2587,2025-07-10,304.18,DEBIT,FOOD,BLINKIT GURGAON,UPI
TXN_D13EC07E,2587,2025-07-04,294.28,DEBIT,FOOD,UPI - ZOMATO HYDERABAD,UPI
TXN_9E849C84,2587,2025-07-05,328.96,DEBIT,FOOD,UPI - ZOMATO HYDERABAD,UPI
TXN_36A83D6C,2587,2025-07-28,87.62,DEBIT,FOOD,BLINKIT GURGAON,UPI
TXN_76E656F9,2587,2025-07-04,375.55,DEBIT,FOOD,UPI - ZOMATO HYDERABAD,UPI
TXN_38062071,2587,2025-07-26,228.81,DEBIT,FOOD,UPI - SWIGGY BANGALORE,UPI
TXN_49776617,2587,2025-07-20,448.8,DEBIT,FOOD,BLINKIT GURGAON,UPI
TXN_CD07F7AA,2587,2025-07-01,119.38,DEBIT,FOOD,BLINKIT GURGAON,UPI
TXN_A143ABE5,2587,2025-07-11,194.45,DEBIT,FOOD,UPI - ZOMATO HYDERABAD,UPI
TXN_6075C0B4,2587,2025-07-28,103.03,DEBIT,FOOD,ZEPTO MUMBAI,UPI
TXN_798F0189,2587,2025-07-03,102.42,DEBIT,FOOD,UPI - SWIGGY BANGALORE,UPI
TXN_D11D5087,2587,2025-07-03,368.29,DEBIT,FOOD,UPI - ZOMATO HYDERABAD,UPI
TXN_53E69E8D,2587,2025-07-13,224.73,DEBIT,FOOD,BLINKIT GURGAON,UPI
TXN_B0F1FB58,2587,2025-07-06,202.82,DEBIT,FOOD,BLINKIT GURGAON,UPI
TXN_0F67E3D1,2587,2025-07-25,454.22,DEBIT,FOOD,UPI - SWIGGY BANGALORE,UPI
TXN_3F40523E,2587,2025-07-02,108.46,DEBIT,FOOD,UPI - SWIGGY BANGALORE,UPI
TXN_760133ED,2587,2025-07-22,75.9,DEBIT,FOOD,ZEPTO MUMBAI,UPI
TXN_25B8AB01,2587,2025-07-22,226.57,DEBIT,FOOD,ZEPTO MUMBAI,UPI
TXN_DCD52F55,2587,2025-07-14,160.19,DEBIT,FOOD,UPI - SWIGGY BANGALORE,UPI
TXN_AB41C63A,2587,2025-07-12,229.16,DEBIT,FOOD,BLINKIT GURGAON,UPI
TXN_21BD06AC,2587,2025-07-22,338.53,DEBIT,FOOD,ZEPTO MUMBAI,UPI
TXN_9B8EB31E,2587,2025-08-30,170475.0,CREDIT,SALARY,NEFT CR - GOOGLE INDIA,ACH
TXN_77815C03,2587,2025-09-03,34756.44,DEBIT,RENT,UPI - RENT TO LANDLORD,UPI
TXN_8245E896,2587,2025-09-06,13416.38,DEBIT,INVESTMENT,ACH DR - ZERODHA SIP,ACH
TXN_5B6B57D3,2587,2025-08-20,64.1,DEBIT,FOOD,UPI - ZOMATO HYDERABAD,UPI
TXN_A2D49C55,2587,2025-08-10,455.94,DEBIT,FOOD,UPI - ZOMATO HYDERABAD,UPI
TXN_4BC989C9,2587,2025-08-25,152.43,DEBIT,FOOD,BLINKIT GURGAON,UPI
TXN_FE1CFEE2,2587,2025-08-04,43.4,DEBIT,FOOD,ZEPTO MUMBAI,UPI
TXN_68D9D001,2587,2025-08-06,96.84,DEBIT,FOOD,UPI - ZOMATO HYDERABAD,UPI
TXN_873329C9,2587,2025-08-17,285.84,DEBIT,FOOD,BLINKIT GURGAON,UPI
TXN_1DA1D8F2,2587,2025-08-03,214.71,DEBIT,FOOD,UPI - SWIGGY BANGALORE,UPI
TXN_9C2049C5,2587,2025-08-14,48.25,DEBIT,FOOD,UPI - SWIGGY BANGALORE,UPI
TXN_29BC43DD,2587,2025-08-28,177.75,DEBIT,FOOD,ZEPTO MUMBAI,UPI
TXN_B0044DB2,2587,2025-08-19,217.95,DEBIT,FOOD,ZEPTO MUMBAI,UPI
TXN_81F04022,2587,2025-08-10,90.68,DEBIT,FOOD,UPI - SWIGGY BANGALORE,UPI
TXN_1D31983E,2587,2025-08-11,115.62,DEBIT,FOOD,ZEPTO MUMBAI,UPI
TXN_F8D5BC7E,2587,2025-08-27,343.43,DEBIT,FOOD,BLINKIT GURGAON,UPI
TXN_A5F2A3FA,2587,2025-08-03,232.15,DEBIT,FOOD,UPI - SWIGGY BANGALORE,UPI
TXN_DD6E6372,2587,2025-08-08,231.7,DEBIT,FOOD,ZEPTO MUMBAI,UPI
TXN_C43FB2ED,2587,2025-08-17,74.6,DEBIT,FOOD,BLINKIT GURGAON,UPI
TXN_B03AE204,2587,2025-08-24,189.39,DEBIT,FOOD,BLINKIT GURGAON,UPI
TXN_A0737A06,2587,2025-08-25,113.98,DEBIT,FOOD,UPI - SWIGGY BANGALORE,UPI
TXN_E004BA06,2587,2025-08-17,264.38,DEBIT,FOOD,BLINKIT GURGAON,UPI
TXN_6D10A171,2587,2025-08-12,360.05,DEBIT,FOOD,UPI - ZOMATO HYDERABAD,UPI
TXN_D849D463,2587,2025-08-08,85.23,DEBIT,FOOD,BLINKIT GURGAON,UPI
TXN_73345165,2587,2025-08-07,116.34,DEBIT,FOOD,UPI - ZOMATO HYDERABAD,UPI
TXN_6B50E952,2587,2025-08-25,374.03,DEBIT,FOOD,UPI - SWIGGY BANGALORE,UPI
TXN_80953E6D,2587,2025-08-06,458.57,DEBIT,FOOD,ZEPTO MUMBAI,UPI
TXN_47382E99,2587,2025-08-15,371.96,DEBIT,FOOD,ZEPTO MUMBAI,UPI
TXN_FFAC78F4,2587,2025-08-22,446.63,DEBIT,FOOD,BLINKIT GURGAON,UPI
TXN_A0179DF1,2587,2025-08-28,467.23,DEBIT,FOOD,BLINKIT GURGAON,UPI
TXN_CB0168A4,2587,2025-09-29,170475.0,CREDIT,SALARY,SALARY CREDIT - TCS CORP,ACH
TXN_BF91D3DF,2587,2025-10-03,34756.44,DEBIT,RENT,NEFT - NOBROKER RENT,UPI
TXN_64968B42,2587,2025-10-06,13416.38,DEBIT,INVESTMENT,ACH DR - ZERODHA SIP,ACH
TXN_A183D502,2587,2025-09-15,317.81,DEBIT,FOOD,BLINKIT GURGAON,UPI
TXN_0248611D,2587,2025-09-19,64.72,DEBIT,FOOD,UPI - SWIGGY BANGALORE,UPI
TXN_18BA860F,2587,2025-09-10,243.17,DEBIT,FOOD,UPI - SWIGGY BANGALORE,UPI
TXN_001283B4,2587,2025-09-02,202.24,DEBIT,FOOD,BLINKIT GURGAON,UPI
TXN_A5C408DE,2587,2025-09-03,323.65,DEBIT,FOOD,UPI - SWIGGY BANGALORE,UPI
TXN_841E2486,2587,2025-09-20,301.4,DEBIT,FOOD,ZEPTO MUMBAI,UPI
TXN_19509F61,2587,2025-09-15,295.34,DEBIT,FOOD,UPI - SWIGGY BANGALORE,UPI
TXN_BCF6421E,2587,2025-09-15,439.98,DEBIT,FOOD,UPI - ZOMATO HYDERABAD,UPI
TXN_923FCDCE,2587,2025-09-11,306.2,DEBIT,FOOD,UPI - ZOMATO HYDERABAD,UPI
TXN_2DE9C04C,2587,2025-09-02,238.23,DEBIT,FOOD,BLINKIT GURGAON,UPI
TXN_2C73D9B5,2587,2025-09-23,77.1,DEBIT,FOOD,UPI - ZOMATO HYDERABAD,UPI
TXN_67C28C93,2587,2025-09-02,149.01,DEBIT,FOOD,ZEPTO MUMBAI,UPI
TXN_F69FD189,2587,2025-09-15,270.59,DEBIT,FOOD,UPI - ZOMATO HYDERABAD,UPI
TXN_FA285E7B,2587,2025-09-12,204.05,DEBIT,FOOD,BLINKIT GURGAON,UPI
TXN_2F9C7BB8,2587,2025-09-13,219.86,DEBIT,FOOD,BLINKIT GURGAON,UPI
TXN_619320F3,2587,2025-09-22,303.07,DEBIT,FOOD,BLINKIT GURGAON,UPI
TXN_7BC4DF63,2587,2025-09-03,185.06,DEBIT,FOOD,ZEPTO MUMBAI,UPI
TXN_5E981F71,2587,2025-09-10,150.88,DEBIT,FOOD,UPI - ZOMATO HYDERABAD,UPI
TXN_D44361AE,2587,2025-09-11,75.86,DEBIT,FOOD,UPI - ZOMATO HYDERABAD,UPI
TXN_E8959E23,2587,2025-09-12,176.5,DEBIT,FOOD,ZEPTO MUMBAI,UPI
TXN_E138CD5C,2587,2025-09-05,301.82,DEBIT,FOOD,UPI - SWIGGY BANGALORE,UPI
TXN_5A634A68,2587,2025-09-10,285.93,DEBIT,FOOD,BLINKIT GURGAON,UPI
TXN_122E7081,2587,2025-09-27,96.23,DEBIT,FOOD,UPI - SWIGGY BANGALORE,UPI
TXN_68C1C1D3,2587,2025-09-21,335.0,DEBIT,FOOD,BLINKIT GURGAON,UPI
TXN_25181C93,2587,2025-09-01,199.54,DEBIT,FOOD,UPI - ZOMATO HYDERABAD,UPI
TXN_5DE7DCCF,2587,2025-09-07,190.36,DEBIT,FOOD,ZEPTO MUMBAI,UPI
TXN_DAF5076F,2587,2025-09-07,139.68,DEBIT,FOOD,UPI - ZOMATO HYDERABAD,UPI
TXN_5B531A64,2587,2025-09-05,73.95,DEBIT,FOOD,UPI - SWIGGY BANGALORE,UPI
TXN_F42FAC75,2587,2025-09-17,379.18,DEBIT,FOOD,UPI - SWIGGY BANGALORE,UPI
TXN_939D738B,2587,2025-09-22,188.18,DEBIT,FOOD,UPI - ZOMATO HYDERABAD,UPI
TXN_1196D2AA,2587,2025-10-29,170475.0,CREDIT,SALARY,CMS SALARY CR - WIPRO,ACH
TXN_63A4F903,2587,2025-11-02,34756.44,DEBIT,RENT,UPI - RENT TO LANDLORD,UPI
TXN_7ACF7052,2587,2025-11-05,13416.38,DEBIT,INVESTMENT,ACH DR - ZERODHA SIP,ACH
TXN_9D327A07,2587,2025-10-27,344.85,DEBIT,FOOD,UPI - ZOMATO HYDERABAD,UPI
TXN_A1D45928,2587,2025-10-24,232.58,DEBIT,FOOD,ZEPTO MUMBAI,UPI
TXN_42821665,2587,2025-10-12,337.6,DEBIT,FOOD,UPI - ZOMATO HYDERABAD,UPI
TXN_B8FF4F1E,2587,2025-10-15,308.66,DEBIT,FOOD,ZEPTO MUMBAI,UPI
TXN_5F376FBB,2587,2025-10-08,274.96,DEBIT,FOOD,BLINKIT GURGAON,UPI
TXN_4139B46D,2587,2025-10-26,385.12,DEBIT,FOOD,UPI - ZOMATO HYDERABAD,UPI
TXN_FEE8F10F,2587,2025-10-12,338.46,DEBIT,FOOD,ZEPTO MUMBAI,UPI
TXN_4400801F,2587,2025-10-15,378.55,DEBIT,FOOD,ZEPTO MUMBAI,UPI
TXN_8FC1A141,2587,2025-10-17,272.08,DEBIT,FOOD,UPI - ZOMATO HYDERABAD,UPI
TXN_8428A4C5,2587,2025-10-27,127.87,DEBIT,FOOD,UPI - ZOMATO HYDERABAD,UPI
TXN_B1B00368,2587,2025-10-28,150.0,DEBIT,FOOD,ZEPTO MUMBAI,UPI
TXN_C9474424,2587,2025-10-28,203.33,DEBIT,FOOD,UPI - SWIGGY BANGALORE,UPI
TXN_EB8FB61F,2587,2025-10-23,412.19,DEBIT,FOOD,UPI - SWIGGY BANGALORE,UPI
TXN_72860BE3,2587,2025-10-10,76.91,DEBIT,FOOD,UPI - ZOMATO HYDERABAD,UPI
TXN_DA504807,2587,2025-10-09,237.7,DEBIT,FOOD,UPI - ZOMATO HYDERABAD,UPI
TXN_DC3844D9,2587,2025-10-27,232.49,DEBIT,FOOD,UPI - ZOMATO HYDERABAD,UPI
TXN_E06AF285,2587,2025-10-27,238.5,DEBIT,FOOD,BLINKIT GURGAON,UPI
TXN_2991340F,2587,2025-10-01,222.55,DEBIT,FOOD,ZEPTO MUMBAI,UPI
TXN_40A30214,2587,2025-10-17,204.54,DEBIT,FOOD,ZEPTO MUMBAI,UPI
TXN_ADD984D8,2587,2025-10-03,204.96,DEBIT,FOOD,UPI - SWIGGY BANGALORE,UPI
TXN_3C241566,2587,2025-11-28,170475.0,CREDIT,SALARY,NEFT CR - GOOGLE INDIA,ACH
TXN_52D37EE0,2587,2025-12-02,34756.44,DEBIT,RENT,UPI - RENT TO LANDLORD,UPI
TXN_A770CAD8,2587,2025-12-05,13416.38,DEBIT,INVESTMENT,KFINTECH MF SIP,ACH
TXN_20408BB9,2587,2025-11-26,104.26,DEBIT,FOOD,UPI - SWIGGY BANGALORE,UPI
TXN_EA84B176,2587,2025-11-10,443.65,DEBIT,FOOD,ZEPTO MUMBAI,UPI
TXN_FD66FB57,2587,2025-11-23,405.69,DEBIT,FOOD,ZEPTO MUMBAI,UPI
TXN_1A489F22,2587,2025-11-15,310.75,DEBIT,FOOD,UPI - SWIGGY BANGALORE,UPI
TXN_02DE5FA9,2587,2025-11-01,152.61,DEBIT,FOOD,UPI - ZOMATO HYDERABAD,UPI
TXN_87DB436C,2587,2025-11-18,453.7,DEBIT,FOOD,ZEPTO MUMBAI,UPI
TXN_1D66869E,2587,2025-11-04,381.52,DEBIT,FOOD,UPI - ZOMATO HYDERABAD,UPI
TXN_DFCE7DEC,2587,2025-11-10,93.61,DEBIT,FOOD,UPI - ZOMATO HYDERABAD,UPI
TXN_380F66A3,2587,2025-11-14,321.14,DEBIT,FOOD,ZEPTO MUMBAI,UPI
TXN_93CDFC27,2587,2025-11-03,88.78,DEBIT,FOOD,ZEPTO MUMBAI,UPI
TXN_E9EC774B,2587,2025-11-20,275.86,DEBIT,FOOD,UPI - ZOMATO HYDERABAD,UPI
TXN_DE742CE3,2587,2025-11-23,103.17,DEBIT,FOOD,ZEPTO MUMBAI,UPI
TXN_2CFF145A,2587,2025-11-01,310.52,DEBIT,FOOD,UPI - ZOMATO HYDERABAD,UPI
TXN_2A2F9FEB,2587,2025-11-19,223.29,DEBIT,FOOD,UPI - SWIGGY BANGALORE,UPI
TXN_480B17F1,2587,2025-11-17,468.85,DEBIT,FOOD,UPI - SWIGGY BANGALORE,UPI
TXN_D7533628,2587,2025-11-17,279.4,DEBIT,FOOD,UPI - SWIGGY BANGALORE,UPI
TXN_1E997828,2587,2025-11-13,424.27,DEBIT,FOOD,UPI - SWIGGY BANGALORE,UPI
TXN_382EFEA5,2587,2025-11-21,210.23,DEBIT,FOOD,BLINKIT GURGAON,UPI
TXN_8455BB84,2587,2025-11-09,368.82,DEBIT,FOOD,BLINKIT GURGAON,UPI
TXN_D08118FD,2587,2025-11-26,69.73,DEBIT,FOOD,UPI - ZOMATO HYDERABAD,UPI
TXN_10721D4C,2587,2025-11-24,329.13,DEBIT,FOOD,UPI - SWIGGY BANGALORE,UPI
TXN_E97248D8,2587,2025-11-25,296.04,DEBIT,FOOD,BLINKIT GURGAON,UPI
TXN_5692190D,2587,2025-11-05,59.51,DEBIT,FOOD,BLINKIT GURGAON,UPI
TXN_53271892,2587,2025-11-27,322.83,DEBIT,FOOD,ZEPTO MUMBAI,UPI
TXN_E8938AD7,2587,2025-11-23,250.55,DEBIT,FOOD,UPI - ZOMATO HYDERABAD,UPI
TXN_5AD08E3C,2654,2025-01-02,85533.33,CREDIT,SALARY,SALARY CREDIT - TCS CORP,ACH
TXN_B25D0832,2654,2025-01-06,16807.3,DEBIT,RENT,UPI - RENT TO LANDLORD,UPI
TXN_BABCA07F,2654,2025-01-09,15986.18,DEBIT,INVESTMENT,KFINTECH MF SIP,ACH
TXN_6E236241,2654,2025-01-02,169.11,DEBIT,FOOD,UPI - SWIGGY BANGALORE,UPI
TXN_B8C67E3A,2654,2025-01-26,127.77,DEBIT,FOOD,UPI - SWIGGY BANGALORE,UPI
TXN_B880612E,2654,2025-01-11,450.68,DEBIT,FOOD,ZEPTO MUMBAI,UPI
TXN_FEC35D6C,2654,2025-01-27,278.93,DEBIT,FOOD,BLINKIT GURGAON,UPI
TXN_7AF3031E,2654,2025-01-02,371.45,DEBIT,FOOD,UPI - ZOMATO HYDERABAD,UPI
TXN_D285A580,2654,2025-01-10,197.07,DEBIT,FOOD,UPI - SWIGGY BANGALORE,UPI
TXN_56A49CB4,2654,2025-01-28,328.52,DEBIT,FOOD,BLINKIT GURGAON,UPI
TXN_D2A385E5,2654,2025-01-04,391.71,DEBIT,FOOD,ZEPTO MUMBAI,UPI
TXN_B1BA06A5,2654,2025-01-13,367.06,DEBIT,FOOD,ZEPTO MUMBAI,UPI
TXN_1DCB6948,2654,2025-01-11,468.44,DEBIT,FOOD,ZEPTO MUMBAI,UPI
TXN_3680D3B4,2654,2025-01-23,258.91,DEBIT,FOOD,BLINKIT GURGAON,UPI
TXN_F8AFA448,2654,2025-01-26,76.35,DEBIT,FOOD,ZEPTO MUMBAI,UPI
TXN_50E07F40,2654,2025-01-03,229.47,DEBIT,FOOD,UPI - ZOMATO HYDERABAD,UPI
TXN_00FC9B60,2654,2025-01-18,169.26,DEBIT,FOOD,UPI - SWIGGY BANGALORE,UPI
TXN_6A515B67,2654,2025-01-03,184.28,DEBIT,FOOD,BLINKIT GURGAON,UPI
TXN_A98023A7,2654,2025-01-10,236.2,DEBIT,FOOD,ZEPTO MUMBAI,UPI
TXN_6C06EE80,2654,2025-01-06,343.5,DEBIT,FOOD,BLINKIT GURGAON,UPI
TXN_258475C4,2654,2025-01-15,58.64,DEBIT,FOOD,BLINKIT GURGAON,UPI
TXN_8146EF67,2654,2025-01-20,479.19,DEBIT,FOOD,BLINKIT GURGAON,UPI
TXN_A6231B4B,2654,2025-01-21,471.21,DEBIT,FOOD,UPI - SWIGGY BANGALORE,UPI
TXN_C79DB266,2654,2025-01-03,335.32,DEBIT,FOOD,ZEPTO MUMBAI,UPI
TXN_37AA7BCC,2654,2025-01-12,265.76,DEBIT,FOOD,UPI - ZOMATO HYDERABAD,UPI
TXN_AF8A841F,2654,2025-01-01,102.82,DEBIT,FOOD,ZEPTO MUMBAI,UPI
TXN_3C333B51,2654,2025-01-02,95.54,DEBIT,FOOD,UPI - ZOMATO HYDERABAD,UPI
TXN_9568AB77,2654,2025-01-25,323.87,DEBIT,FOOD,BLINKIT GURGAON,UPI
TXN_3F7CFC33,2654,2025-01-13,457.77,DEBIT,FOOD,UPI - SWIGGY BANGALORE,UPI
TXN_B30D3728,2654,2025-01-20,107.51,DEBIT,FOOD,ZEPTO MUMBAI,UPI
TXN_977BD2E4,2654,2025-01-12,203.69,DEBIT,FOOD,UPI - SWIGGY BANGALORE,UPI
TXN_9FEBF8D3,2654,2025-01-19,100.59,DEBIT,FOOD,BLINKIT GURGAON,UPI
TXN_6441C609,2654,2025-02-01,85533.33,CREDIT,SALARY,CMS SALARY CR - WIPRO,ACH
TXN_8E2D7C2F,2654,2025-02-05,16807.3,DEBIT,RENT,NEFT - NOBROKER RENT,UPI
TXN_293EAB77,2654,2025-02-08,15986.18,DEBIT,INVESTMENT,KFINTECH MF SIP,ACH
TXN_C99FEF15,2654,2025-02-08,462.63,DEBIT,FOOD,UPI - SWIGGY BANGALORE,UPI
TXN_12137E0B,2654,2025-02-24,121.86,DEBIT,FOOD,ZEPTO MUMBAI,UPI
TXN_00BB91FA,2654,2025-02-18,91.81,DEBIT,FOOD,BLINKIT GURGAON,UPI
TXN_47AFE461,2654,2025-02-23,236.36,DEBIT,FOOD,BLINKIT GURGAON,UPI
TXN_7B1833CE,2654,2025-02-23,443.25,DEBIT,FOOD,ZEPTO MUMBAI,UPI
TXN_F754B678,2654,2025-02-07,93.96,DEBIT,FOOD,UPI - SWIGGY BANGALORE,UPI
TXN_200E25FC,2654,2025-02-15,115.97,DEBIT,FOOD,ZEPTO MUMBAI,UPI
TXN_A805E9D4,2654,2025-02-03,396.63,DEBIT,FOOD,BLINKIT GURGAON,UPI
TXN_D0B3225F,2654,2025-02-22,192.87,DEBIT,FOOD,UPI - SWIGGY BANGALORE,UPI
TXN_550C1156,2654,2025-02-18,278.56,DEBIT,FOOD,BLINKIT GURGAON,UPI
TXN_67573071,2654,2025-02-28,109.3,DEBIT,FOOD,UPI - ZOMATO HYDERABAD,UPI
TXN_2EC73960,2654,2025-02-26,199.06,DEBIT,FOOD,UPI - ZOMATO HYDERABAD,UPI
TXN_B7BF5756,2654,2025-02-04,473.46,DEBIT,FOOD,UPI - ZOMATO HYDERABAD,UPI
TXN_2504BB45,2654,2025-02-08,387.76,DEBIT,FOOD,UPI - SWIGGY BANGALORE,UPI
TXN_BDAAF742,2654,2025-02-12,283.77,DEBIT,FOOD,BLINKIT GURGAON,UPI
TXN_EE2D4CD8,2654,2025-02-15,393.61,DEBIT,FOOD,UPI - ZOMATO HYDERABAD,UPI
TXN_AD273424,2654,2025-02-20,429.07,DEBIT,FOOD,UPI - SWIGGY BANGALORE,UPI
TXN_D2EE628F,2654,2025-02-10,215.19,DEBIT,FOOD,ZEPTO MUMBAI,UPI
TXN_AC8DDBA2,2654,2025-02-17,220.75,DEBIT,FOOD,ZEPTO MUMBAI,UPI
TXN_A5160DE7,2654,2025-02-27,292.96,DEBIT,FOOD,UPI - ZOMATO HYDERABAD,UPI
TXN_B9EB86F7,2654,2025-02-11,322.63,DEBIT,FOOD,ZEPTO MUMBAI,UPI
TXN_2E31AAF9,2654,2025-02-15,339.25,DEBIT,FOOD,BLINKIT GURGAON,UPI
TXN_1B0DE51A,2654,2025-02-05,426.3,DEBIT,FOOD,UPI - ZOMATO HYDERABAD,UPI
TXN_7C36ED23,2654,2025-03-03,85533.33,CREDIT,SALARY,SALARY CREDIT - TCS CORP,ACH
TXN_50D5FAC1,2654,2025-03-07,16807.3,DEBIT,RENT,NEFT - NOBROKER RENT,UPI
TXN_75FD68E2,2654,2025-03-10,15986.18,DEBIT,INVESTMENT,KFINTECH MF SIP,ACH
TXN_1A0A26B4,2654,2025-03-27,94.63,DEBIT,FOOD,UPI - ZOMATO HYDERABAD,UPI
TXN_59AEEA38,2654,2025-03-10,112.45,DEBIT,FOOD,BLINKIT GURGAON,UPI
TXN_FCAE5F87,2654,2025-03-23,139.21,DEBIT,FOOD,BLINKIT GURGAON,UPI
TXN_991EA520,2654,2025-03-28,74.7,DEBIT,FOOD,UPI - ZOMATO HYDERABAD,UPI
TXN_3711C4BB,2654,2025-03-21,460.79,DEBIT,FOOD,BLINKIT GURGAON,UPI
TXN_77023852,2654,2025-03-05,315.01,DEBIT,FOOD,UPI - SWIGGY BANGALORE,UPI
TXN_8C52282E,2654,2025-03-17,322.03,DEBIT,FOOD,UPI - ZOMATO HYDERABAD,UPI
TXN_3B4A4B05,2654,2025-03-06,329.84,DEBIT,FOOD,BLINKIT GURGAON,UPI
TXN_F06A8E71,2654,2025-03-27,446.53,DEBIT,FOOD,UPI - SWIGGY BANGALORE,UPI
TXN_1E0077F9,2654,2025-03-27,420.06,DEBIT,FOOD,UPI - SWIGGY BANGALORE,UPI
TXN_22DBA3F4,2654,2025-03-02,457.36,DEBIT,FOOD,BLINKIT GURGAON,UPI
TXN_52D08527,2654,2025-03-21,132.76,DEBIT,FOOD,ZEPTO MUMBAI,UPI
TXN_6BDC8222,2654,2025-03-20,321.16,DEBIT,FOOD,ZEPTO MUMBAI,UPI
TXN_806E8A0C,2654,2025-03-21,280.05,DEBIT,FOOD,BLINKIT GURGAON,UPI
TXN_8BCA4CFC,2654,2025-03-16,147.75,DEBIT,FOOD,ZEPTO MUMBAI,UPI
TXN_D30B19ED,2654,2025-03-10,239.56,DEBIT,FOOD,UPI - SWIGGY BANGALORE,UPI
TXN_58D2FBA3,2654,2025-04-02,85533.33,CREDIT,SALARY,SALARY CREDIT - TCS CORP,ACH
TXN_B15179AB,2654,2025-04-06,16807.3,DEBIT,RENT,NEFT - NOBROKER RENT,UPI
TXN_B946F677,2654,2025-04-09,15986.18,DEBIT,INVESTMENT,GROWW MUTUAL FUND,ACH
TXN_6ED0B70D,2654,2025-04-15,129.77,DEBIT,FOOD,UPI - ZOMATO HYDERABAD,UPI
TXN_92E38C8D,2654,2025-04-11,419.05,DEBIT,FOOD,BLINKIT GURGAON,UPI
TXN_660A25D2,2654,2025-04-24,474.73,DEBIT,FOOD,BLINKIT GURGAON,UPI
TXN_E18D951B,2654,2025-04-13,97.54,DEBIT,FOOD,BLINKIT GURGAON,UPI
TXN_56ED3E54,2654,2025-04-17,287.13,DEBIT,FOOD,BLINKIT GURGAON,UPI
TXN_B7D492E9,2654,2025-04-08,245.25,DEBIT,FOOD,BLINKIT GURGAON,UPI
TXN_9E34B0AC,2654,2025-04-15,149.08,DEBIT,FOOD,UPI - SWIGGY BANGALORE,UPI
TXN_C42937EE,2654,2025-04-02,167.69,DEBIT,FOOD,ZEPTO MUMBAI,UPI
TXN_2966D499,2654,2025-04-28,310.77,DEBIT,FOOD,UPI - ZOMATO HYDERABAD,UPI
TXN_B355CB6A,2654,2025-04-28,437.02,DEBIT,FOOD,BLINKIT GURGAON,UPI
TXN_2F39CA39,2654,2025-04-19,357.3,DEBIT,FOOD,UPI - ZOMATO HYDERABAD,UPI
TXN_C5F5D213,2654,2025-04-25,110.11,DEBIT,FOOD,ZEPTO MUMBAI,UPI
TXN_BDF9666A,2654,2025-04-16,426.79,DEBIT,FOOD,ZEPTO MUMBAI,UPI
TXN_AB32A155,2654,2025-04-01,79.62,DEBIT,FOOD,ZEPTO MUMBAI,UPI
TXN_0F7A64D0,2654,2025-04-17,241.18,DEBIT,FOOD,UPI - ZOMATO HYDERABAD,UPI
TXN_874CF5B7,2654,2025-04-07,296.67,DEBIT,FOOD,UPI - SWIGGY BANGALORE,UPI
TXN_BDCC892E,2654,2025-04-02,163.8,DEBIT,FOOD,ZEPTO MUMBAI,UPI
TXN_D828C6DE,2654,2025-04-10,276.14,DEBIT,FOOD,UPI - SWIGGY BANGALORE,UPI
TXN_44887683,2654,2025-04-14,98.93,DEBIT,FOOD,BLINKIT GURGAON,UPI
TXN_3EEFA1DA,2654,2025-04-24,200.94,DEBIT,FOOD,ZEPTO MUMBAI,UPI
TXN_7A378C4B,2654,2025-04-12,59.91,DEBIT,FOOD,UPI - SWIGGY BANGALORE,UPI
TXN_0008D7CF,2654,2025-04-19,287.2,DEBIT,FOOD,BLINKIT GURGAON,UPI
TXN_0BE4F3F5,2654,2025-04-18,166.98,DEBIT,FOOD,ZEPTO MUMBAI,UPI
TXN_9E52A4C9,2654,2025-04-17,238.16,DEBIT,FOOD,BLINKIT GURGAON,UPI
TXN_B4040631,2654,2025-04-27,475.2,DEBIT,FOOD,UPI - SWIGGY BANGALORE,UPI
TXN_7FA9948C,2654,2025-04-05,469.04,DEBIT,FOOD,ZEPTO MUMBAI,UPI
TXN_E9E7765D,2654,2025-04-12,389.75,DEBIT,FOOD,BLINKIT GURGAON,UPI
TXN_C2150DCE,2654,2025-04-18,453.14,DEBIT,FOOD,UPI - ZOMATO HYDERABAD,UPI
TXN_BB9224DC,2654,2025-04-07,305.08,DEBIT,FOOD,ZEPTO MUMBAI,UPI
TXN_5779F4DA,2654,2025-04-17,57.71,DEBIT,FOOD,UPI - SWIGGY BANGALORE,UPI
TXN_1F4695D0,2654,2025-05-02,85533.33,CREDIT,SALARY,SALARY CREDIT - TCS CORP,ACH
TXN_2AB4FEC7,2654,2025-05-06,16807.3,DEBIT,RENT,CRED RENT PAY,UPI
TXN_DC35BC2E,2654,2025-05-09,15986.18,DEBIT,INVESTMENT,GROWW MUTUAL FUND,ACH
TXN_0FD1B5A4,2654,2025-05-17,241.07,DEBIT,FOOD,UPI - ZOMATO HYDERABAD,UPI
TXN_E32F08CC,2654,2025-05-11,449.8,DEBIT,FOOD,BLINKIT GURGAON,UPI
TXN_B191424D,2654,2025-05-06,212.9,DEBIT,FOOD,BLINKIT GURGAON,UPI
TXN_A045F66D,2654,2025-05-19,188.0,DEBIT,FOOD,ZEPTO MUMBAI,UPI
TXN_A60FAC81,2654,2025-05-23,287.69,DEBIT,FOOD,ZEPTO MUMBAI,UPI
TXN_5B7A2ECA,2654,2025-05-27,47.32,DEBIT,FOOD,BLINKIT GURGAON,UPI
TXN_7B74E74C,2654,2025-05-22,88.23,DEBIT,FOOD,ZEPTO MUMBAI,UPI
TXN_E130F448,2654,2025-05-19,175.38,DEBIT,FOOD,UPI - SWIGGY BANGALORE,UPI
TXN_728A8DB4,2654,2025-05-20,248.82,DEBIT,FOOD,UPI - ZOMATO HYDERABAD,UPI
TXN_294998CC,2654,2025-05-24,62.6,DEBIT,FOOD,ZEPTO MUMBAI,UPI
TXN_8FC0A90B,2654,2025-05-06,270.66,DEBIT,FOOD,ZEPTO MUMBAI,UPI
TXN_A8F48371,2654,2025-05-05,401.53,DEBIT,FOOD,UPI - ZOMATO HYDERABAD,UPI
TXN_93FD17D5,2654,2025-05-02,291.93,DEBIT,FOOD,UPI - SWIGGY BANGALORE,UPI
TXN_F0274378,2654,2025-05-07,48.33,DEBIT,FOOD,BLINKIT GURGAON,UPI
TXN_EDB49406,2654,2025-05-14,106.63,DEBIT,FOOD,UPI - ZOMATO HYDERABAD,UPI
TXN_45348CE7,2654,2025-05-14,260.8,DEBIT,FOOD,ZEPTO MUMBAI,UPI
TXN_BBA793E4,2654,2025-05-28,413.29,DEBIT,FOOD,UPI - SWIGGY BANGALORE,UPI
TXN_FA5E219A,2654,2025-05-23,100.76,DEBIT,FOOD,UPI - ZOMATO HYDERABAD,UPI
TXN_DFFABBE9,2654,2025-05-18,183.02,DEBIT,FOOD,ZEPTO MUMBAI,UPI
TXN_1C1E86B7,2654,2025-05-17,205.8,DEBIT,FOOD,UPI - ZOMATO HYDERABAD,UPI
TXN_35BFCFA4,2654,2025-05-15,441.33,DEBIT,FOOD,BLINKIT GURGAON,UPI
TXN_B25A4F21,2654,2025-05-18,195.89,DEBIT,FOOD,BLINKIT GURGAON,UPI
TXN_01E46799,2654,2025-05-20,253.04,DEBIT,FOOD,UPI - ZOMATO HYDERABAD,UPI
TXN_D296E9AB,2654,2025-05-09,285.56,DEBIT,FOOD,UPI - ZOMATO HYDERABAD,UPI
TXN_565956E6,2654,2025-05-10,379.32,DEBIT,FOOD,UPI - ZOMATO HYDERABAD,UPI
TXN_549F5284,2654,2025-05-23,350.19,DEBIT,FOOD,BLINKIT GURGAON,UPI
TXN_6F7010E9,2654,2025-05-16,193.47,DEBIT,FOOD,BLINKIT GURGAON,UPI
TXN_5FBAF581,2654,2025-05-10,93.62,DEBIT,FOOD,ZEPTO MUMBAI,UPI
TXN_C7657187,2654,2025-05-13,400.09,DEBIT,FOOD,UPI - ZOMATO HYDERABAD,UPI
TXN_DDAE0B03,2654,2025-05-10,58.51,DEBIT,FOOD,UPI - SWIGGY BANGALORE,UPI
TXN_C65D1B5F,2654,2025-06-01,85533.33,CREDIT,SALARY,NEFT CR - GOOGLE INDIA,ACH
TXN_16A84562,2654,2025-06-05,16807.3,DEBIT,RENT,NEFT - NOBROKER RENT,UPI
TXN_64F87F04,2654,2025-06-08,15986.18,DEBIT,INVESTMENT,KFINTECH MF SIP,ACH
TXN_57BF1C3F,2654,2025-06-24,250.79,DEBIT,FOOD,UPI - ZOMATO HYDERABAD,UPI
TXN_9EC4E015,2654,2025-06-27,276.97,DEBIT,FOOD,BLINKIT GURGAON,UPI
TXN_854B1721,2654,2025-06-05,88.06,DEBIT,FOOD,UPI - ZOMATO HYDERABAD,UPI
TXN_7FBB3F74,2654,2025-06-08,62.34,DEBIT,FOOD,UPI - ZOMATO HYDERABAD,UPI
TXN_A4DEB4CC,2654,2025-06-21,142.45,DEBIT,FOOD,UPI - SWIGGY BANGALORE,UPI
TXN_4D05A1DE,2654,2025-06-14,185.33,DEBIT,FOOD,ZEPTO MUMBAI,UPI
TXN_E7A47167,2654,2025-06-04,339.72,DEBIT,FOOD,UPI - ZOMATO HYDERABAD,UPI
TXN_03273402,2654,2025-06-01,464.39,DEBIT,FOOD,UPI - ZOMATO HYDERABAD,UPI
TXN_10C3EEF5,2654,2025-06-14,327.27,DEBIT,FOOD,ZEPTO MUMBAI,UPI
TXN_65865F5F,2654,2025-06-16,326.24,DEBIT,FOOD,BLINKIT GURGAON,UPI
TXN_8664BEA8,2654,2025-06-11,165.58,DEBIT,FOOD,UPI - SWIGGY BANGALORE,UPI
TXN_AF1CCBF5,2654,2025-06-25,79.36,DEBIT,FOOD,UPI - ZOMATO HYDERABAD,UPI
TXN_71421FF1,2654,2025-06-18,365.02,DEBIT,FOOD,UPI - SWIGGY BANGALORE,UPI
TXN_869E0E60,2654,2025-06-06,223.87,DEBIT,FOOD,UPI - ZOMATO HYDERABAD,UPI
TXN_B0686F83,2654,2025-06-02,478.76,DEBIT,FOOD,ZEPTO MUMBAI,UPI
TXN_92C3A868,2654,2025-06-26,257.97,DEBIT,FOOD,BLINKIT GURGAON,UPI
TXN_A13582A8,2654,2025-06-02,44.08,DEBIT,FOOD,UPI - SWIGGY BANGALORE,UPI
TXN_FF2E6834,2654,2025-06-11,165.21,DEBIT,FOOD,ZEPTO MUMBAI,UPI
TXN_6E40024E,2654,2025-06-05,414.47,DEBIT,FOOD,ZEPTO MUMBAI,UPI
TXN_7F1CC5F1,2654,2025-06-09,124.84,DEBIT,FOOD,UPI - SWIGGY BANGALORE,UPI
TXN_2825B221,2654,2025-06-11,111.5,DEBIT,FOOD,ZEPTO MUMBAI,UPI
TXN_2A6FD4E6,2654,2025-06-21,153.2,DEBIT,FOOD,UPI - ZOMATO HYDERABAD,UPI
TXN_D723FD2B,2654,2025-06-01,364.11,DEBIT,FOOD,BLINKIT GURGAON,UPI
TXN_EEF1453A,2654,2025-07-01,85533.33,CREDIT,SALARY,SALARY CREDIT - TCS CORP,ACH
TXN_EAFFFB49,2654,2025-07-05,16807.3,DEBIT,RENT,UPI - RENT TO LANDLORD,UPI
TXN_77C0491E,2654,2025-07-08,15986.18,DEBIT,INVESTMENT,KFINTECH MF SIP,ACH
TXN_5BEAF578,2654,2025-07-27,228.19,DEBIT,FOOD,BLINKIT GURGAON,UPI
TXN_C0EA47BC,2654,2025-07-03,216.37,DEBIT,FOOD,UPI - SWIGGY BANGALORE,UPI
TXN_4035DA4E,2654,2025-07-06,471.94,DEBIT,FOOD,ZEPTO MUMBAI,UPI
TXN_862B08CA,2654,2025-07-11,451.76,DEBIT,FOOD,UPI - SWIGGY BANGALORE,UPI
TXN_5C7F1543,2654,2025-07-09,208.77,DEBIT,FOOD,ZEPTO MUMBAI,UPI
TXN_C256FE70,2654,2025-07-25,157.48,DEBIT,FOOD,BLINKIT GURGAON,UPI
TXN_11A4FFCC,2654,2025-07-10,296.28,DEBIT,FOOD,UPI - SWIGGY BANGALORE,UPI
TXN_12304DA9,2654,2025-07-09,327.62,DEBIT,FOOD,UPI - ZOMATO HYDERABAD,UPI
TXN_37A0DE45,2654,2025-07-02,333.83,DEBIT,FOOD,ZEPTO MUMBAI,UPI
TXN_F388B6CD,2654,2025-07-10,110.28,DEBIT,FOOD,BLINKIT GURGAON,UPI
TXN_9122A713,2654,2025-07-23,91.66,DEBIT,FOOD,BLINKIT GURGAON,UPI
TXN_ABBB5A7C,2654,2025-07-12,310.44,DEBIT,FOOD,UPI - ZOMATO HYDERABAD,UPI
TXN_D2A22460,2654,2025-07-05,250.4,DEBIT,FOOD,ZEPTO MUMBAI,UPI
TXN_8D19DBC6,2654,2025-07-24,475.09,DEBIT,FOOD,BLINKIT GURGAON,UPI
TXN_08A74BB9,2654,2025-07-14,348.85,DEBIT,FOOD,ZEPTO MUMBAI,UPI
TXN_32EF68D9,2654,2025-07-25,276.51,DEBIT,FOOD,UPI - ZOMATO HYDERABAD,UPI
TXN_0979A91E,2654,2025-07-25,148.88,DEBIT,FOOD,UPI - SWIGGY BANGALORE,UPI
TXN_543601AE,2654,2025-07-17,236.57,DEBIT,FOOD,BLINKIT GURGAON,UPI
TXN_B9DC459E,2654,2025-07-03,443.59,DEBIT,FOOD,UPI - SWIGGY BANGALORE,UPI
TXN_823EEBCD,2654,2025-07-02,404.66,DEBIT,FOOD,UPI - ZOMATO HYDERABAD,UPI
TXN_317BC3CF,2654,2025-07-19,276.13,DEBIT,FOOD,UPI - ZOMATO HYDERABAD,UPI
TXN_B3F0AAA2,2654,2025-07-11,415.97,DEBIT,FOOD,ZEPTO MUMBAI,UPI
TXN_165F4626,2654,2025-07-04,339.33,DEBIT,FOOD,ZEPTO MUMBAI,UPI
TXN_98F05C8C,2654,2025-07-03,435.51,DEBIT,FOOD,ZEPTO MUMBAI,UPI
TXN_283F939A,2654,2025-07-26,64.48,DEBIT,FOOD,UPI - ZOMATO HYDERABAD,UPI
TXN_6FABD3D1,2654,2025-07-17,222.79,DEBIT,FOOD,UPI - SWIGGY BANGALORE,UPI
TXN_02298D6D,2654,2025-07-18,243.45,DEBIT,FOOD,BLINKIT GURGAON,UPI
TXN_0FEB396E,2654,2025-07-31,85533.33,CREDIT,SALARY,ACH CR - INFOSYS LTD,ACH
TXN_3DC462B3,2654,2025-08-04,16807.3,DEBIT,RENT,NEFT - NOBROKER RENT,UPI
TXN_660F5D43,2654,2025-08-07,15986.18,DEBIT,INVESTMENT,GROWW MUTUAL FUND,ACH
TXN_817E8790,2654,2025-07-24,135.88,DEBIT,FOOD,UPI - SWIGGY BANGALORE,UPI
TXN_FCCCD305,2654,2025-07-02,226.43,DEBIT,FOOD,UPI - SWIGGY BANGALORE,UPI
TXN_BDB1405E,2654,2025-07-18,477.41,DEBIT,FOOD,UPI - SWIGGY BANGALORE,UPI
TXN_7978ED4B,2654,2025-07-16,53.96,DEBIT,FOOD,ZEPTO MUMBAI,UPI
TXN_0BA08EE2,2654,2025-07-06,378.35,DEBIT,FOOD,ZEPTO MUMBAI,UPI
TXN_12F4C2DC,2654,2025-07-12,476.86,DEBIT,FOOD,ZEPTO MUMBAI,UPI
TXN_32B67EC0,2654,2025-07-15,422.63,DEBIT,FOOD,ZEPTO MUMBAI,UPI
TXN_C5926E4E,2654,2025-07-13,75.31,DEBIT,FOOD,UPI - ZOMATO HYDERABAD,UPI
TXN_DEB701FC,2654,2025-07-21,418.53,DEBIT,FOOD,UPI - SWIGGY BANGALORE,UPI
TXN_3831DE41,2654,2025-07-06,476.85,DEBIT,FOOD,ZEPTO MUMBAI,UPI
TXN_59835A10,2654,2025-07-17,96.03,DEBIT,FOOD,UPI - ZOMATO HYDERABAD,UPI
TXN_EFD5E2FE,2654,2025-07-27,41.53,DEBIT,FOOD,UPI - SWIGGY BANGALORE,UPI
TXN_0E645D4B,2654,2025-07-10,243.72,DEBIT,FOOD,ZEPTO MUMBAI,UPI
TXN_D8BE97CA,2654,2025-07-18,206.88,DEBIT,FOOD,UPI - ZOMATO HYDERABAD,UPI
TXN_A488352F,2654,2025-07-08,242.68,DEBIT,FOOD,UPI - ZOMATO HYDERABAD,UPI
TXN_BB107DD6,2654,2025-08-30,85533.33,CREDIT,SALARY,NEFT CR - GOOGLE INDIA,ACH
TXN_3A323C30,2654,2025-09-03,16807.3,DEBIT,RENT,UPI - RENT TO LANDLORD,UPI
TXN_60179F14,2654,2025-09-06,15986.18,DEBIT,INVESTMENT,KFINTECH MF SIP,ACH
TXN_2637EA94,2654,2025-08-02,396.17,DEBIT,FOOD,ZEPTO MUMBAI,UPI
TXN_9B9C097D,2654,2025-08-20,377.06,DEBIT,FOOD,UPI - SWIGGY BANGALORE,UPI
TXN_D1742ED1,2654,2025-08-08,130.68,DEBIT,FOOD,UPI - SWIGGY BANGALORE,UPI
TXN_F93C04B7,2654,2025-08-20,54.77,DEBIT,FOOD,UPI - SWIGGY BANGALORE,UPI
TXN_86B861C0,2654,2025-08-08,365.84,DEBIT,FOOD,ZEPTO MUMBAI,UPI
TXN_2877873E,2654,2025-08-15,143.11,DEBIT,FOOD,UPI - ZOMATO HYDERABAD,UPI
TXN_682AB8DD,2654,2025-08-25,420.04,DEBIT,FOOD,UPI - SWIGGY BANGALORE,UPI
TXN_52B80203,2654,2025-08-05,261.71,DEBIT,FOOD,BLINKIT GURGAON,UPI
TXN_231E180B,2654,2025-08-08,398.95,DEBIT,FOOD,BLINKIT GURGAON,UPI
TXN_C9E0848A,2654,2025-08-19,303.08,DEBIT,FOOD,BLINKIT GURGAON,UPI
TXN_346A7C87,2654,2025-08-08,172.78,DEBIT,FOOD,UPI - ZOMATO HYDERABAD,UPI
TXN_09D23B77,2654,2025-08-22,269.35,DEBIT,FOOD,ZEPTO MUMBAI,UPI
TXN_0F9D1A46,2654,2025-08-10,161.07,DEBIT,FOOD,UPI - ZOMATO HYDERABAD,UPI
TXN_69C83EAD,2654,2025-08-21,338.65,DEBIT,FOOD,ZEPTO MUMBAI,UPI
TXN_CEC3D02D,2654,2025-08-02,467.81,DEBIT,FOOD,ZEPTO MUMBAI,UPI
TXN_3AD3CB79,2654,2025-08-26,270.76,DEBIT,FOOD,ZEPTO MUMBAI,UPI
TXN_A70A059D,2654,2025-08-14,105.66,DEBIT,FOOD,ZEPTO MUMBAI,UPI
TXN_6EA96C75,2654,2025-08-06,371.94,DEBIT,FOOD,ZEPTO MUMBAI,UPI
TXN_40873054,2654,2025-09-29,85533.33,CREDIT,SALARY,SALARY CREDIT - TCS CORP,ACH
TXN_2631CCA7,2654,2025-10-03,16807.3,DEBIT,RENT,UPI - RENT TO LANDLORD,UPI
TXN_575898B4,2654,2025-10-06,15986.18,DEBIT,INVESTMENT,GROWW MUTUAL FUND,ACH
TXN_B4F4F1E3,2654,2025-09-26,243.73,DEBIT,FOOD,UPI - SWIGGY BANGALORE,UPI
TXN_470E9C6D,2654,2025-09-18,221.58,DEBIT,FOOD,ZEPTO MUMBAI,UPI
TXN_CAC1A69C,2654,2025-09-18,273.2,DEBIT,FOOD,ZEPTO MUMBAI,UPI
TXN_6A18D3C2,2654,2025-09-08,152.2,DEBIT,FOOD,BLINKIT GURGAON,UPI
TXN_2B583169,2654,2025-09-21,74.79,DEBIT,FOOD,ZEPTO MUMBAI,UPI
TXN_3ED69FE1,2654,2025-09-28,203.27,DEBIT,FOOD,UPI - ZOMATO HYDERABAD,UPI
TXN_048AD826,2654,2025-09-02,158.12,DEBIT,FOOD,UPI - SWIGGY BANGALORE,UPI
TXN_87922B76,2654,2025-09-28,72.03,DEBIT,FOOD,UPI - ZOMATO HYDERABAD,UPI
TXN_F83B7012,2654,2025-09-16,131.91,DEBIT,FOOD,BLINKIT GURGAON,UPI
TXN_45D64653,2654,2025-09-10,461.09,DEBIT,FOOD,UPI - SWIGGY BANGALORE,UPI
TXN_4E1682B3,2654,2025-09-07,452.35,DEBIT,FOOD,UPI - SWIGGY BANGALORE,UPI
TXN_35051A37,2654,2025-09-24,479.81,DEBIT,FOOD,ZEPTO MUMBAI,UPI
TXN_D76802E5,2654,2025-09-08,346.08,DEBIT,FOOD,UPI - ZOMATO HYDERABAD,UPI
TXN_3045A8E0,2654,2025-09-13,442.66,DEBIT,FOOD,BLINKIT GURGAON,UPI
TXN_7854508F,2654,2025-09-25,164.55,DEBIT,FOOD,ZEPTO MUMBAI,UPI
TXN_78056ACE,2654,2025-09-18,325.44,DEBIT,FOOD,BLINKIT GURGAON,UPI
TXN_67EF96F8,2654,2025-09-09,198.24,DEBIT,FOOD,ZEPTO MUMBAI,UPI
TXN_6F85E7B8,2654,2025-09-15,83.39,DEBIT,FOOD,ZEPTO MUMBAI,UPI
TXN_3DAF39FE,2654,2025-09-25,409.48,DEBIT,FOOD,UPI - ZOMATO HYDERABAD,UPI
TXN_D747790B,2654,2025-10-29,85533.33,CREDIT,SALARY,NEFT CR - GOOGLE INDIA,ACH
TXN_0E40424C,2654,2025-11-02,16807.3,DEBIT,RENT,NEFT - NOBROKER RENT,UPI
TXN_DD371EC0,2654,2025-11-05,15986.18,DEBIT,INVESTMENT,GROWW MUTUAL FUND,ACH
TXN_A06AFC12,2654,2025-10-19,420.2,DEBIT,FOOD,UPI - ZOMATO HYDERABAD,UPI
TXN_B79F4E36,2654,2025-10-01,154.74,DEBIT,FOOD,ZEPTO MUMBAI,UPI
TXN_C37A204D,2654,2025-10-10,107.06,DEBIT,FOOD,BLINKIT GURGAON,UPI
TXN_2E4AED31,2654,2025-10-08,207.13,DEBIT,FOOD,UPI - ZOMATO HYDERABAD,UPI
TXN_81DB3043,2654,2025-10-16,282.28,DEBIT,FOOD,BLINKIT GURGAON,UPI
TXN_37786836,2654,2025-10-09,375.88,DEBIT,FOOD,ZEPTO MUMBAI,UPI
TXN_2331FEF8,2654,2025-10-24,322.35,DEBIT,FOOD,ZEPTO MUMBAI,UPI
TXN_F79F2520,2654,2025-10-15,114.02,DEBIT,FOOD,BLINKIT GURGAON,UPI
TXN_744DFFAC,2654,2025-10-06,101.58,DEBIT,FOOD,ZEPTO MUMBAI,UPI
TXN_85BC7253,2654,2025-10-06,443.44,DEBIT,FOOD,UPI - SWIGGY BANGALORE,UPI
TXN_D5C2A9D8,2654,2025-10-17,54.88,DEBIT,FOOD,UPI - SWIGGY BANGALORE,UPI
TXN_6053DA63,2654,2025-10-27,334.01,DEBIT,FOOD,UPI - SWIGGY BANGALORE,UPI
TXN_D9A2A9E2,2654,2025-10-14,100.5,DEBIT,FOOD,UPI - ZOMATO HYDERABAD,UPI
TXN_9658B2AF,2654,2025-10-03,351.15,DEBIT,FOOD,UPI - SWIGGY BANGALORE,UPI
TXN_A5921EC9,2654,2025-10-07,262.52,DEBIT,FOOD,BLINKIT GURGAON,UPI
TXN_F70EC1EB,2654,2025-10-02,311.85,DEBIT,FOOD,ZEPTO MUMBAI,UPI
TXN_3BFC7005,2654,2025-11-28,85533.33,CREDIT,SALARY,CMS SALARY CR - WIPRO,ACH
TXN_4B336C50,2654,2025-12-02,16807.3,DEBIT,RENT,UPI - RENT TO LANDLORD,UPI
TXN_38A29AF4,2654,2025-12-05,15986.18,DEBIT,INVESTMENT,ACH DR - ZERODHA SIP,ACH
TXN_755F3D30,2654,2025-11-01,47.36,DEBIT,FOOD,BLINKIT GURGAON,UPI
TXN_37E1446E,2654,2025-11-18,470.09,DEBIT,FOOD,UPI - SWIGGY BANGALORE,UPI
TXN_9C797B2C,2654,2025-11-17,397.79,DEBIT,FOOD,ZEPTO MUMBAI,UPI
TXN_5D7DAA65,2654,2025-11-26,453.47,DEBIT,FOOD,UPI - ZOMATO HYDERABAD,UPI
TXN_628E01E9,2654,2025-11-04,443.94,DEBIT,FOOD,UPI - ZOMATO HYDERABAD,UPI
TXN_4A338C70,2654,2025-11-08,124.45,DEBIT,FOOD,BLINKIT GURGAON,UPI
TXN_D0E5977D,2654,2025-11-27,195.95,DEBIT,FOOD,ZEPTO MUMBAI,UPI
TXN_C76274AA,2654,2025-11-03,204.14,DEBIT,FOOD,ZEPTO MUMBAI,UPI
TXN_BC160D07,2654,2025-11-15,288.6,DEBIT,FOOD,UPI - ZOMATO HYDERABAD,UPI
TXN_545C0E99,2654,2025-11-10,340.98,DEBIT,FOOD,UPI - SWIGGY BANGALORE,UPI
TXN_793A0FC7,2654,2025-11-21,476.34,DEBIT,FOOD,UPI - SWIGGY BANGALORE,UPI
TXN_09BB5C44,2654,2025-11-03,218.32,DEBIT,FOOD,ZEPTO MUMBAI,UPI
TXN_B6BDB4A0,2654,2025-11-18,249.44,DEBIT,FOOD,UPI - SWIGGY BANGALORE,UPI
TXN_3DF32955,2654,2025-11-23,115.41,DEBIT,FOOD,ZEPTO MUMBAI,UPI
TXN_F216DF39,2654,2025-11-28,230.92,DEBIT,FOOD,BLINKIT GURGAON,UPI
TXN_82417C70,2654,2025-11-19,470.02,DEBIT,FOOD,UPI - SWIGGY BANGALORE,UPI
TXN_912B79FA,2654,2025-11-17,444.43,DEBIT,FOOD,UPI - ZOMATO HYDERABAD,UPI
TXN_F268F81C,2654,2025-11-07,436.56,DEBIT,FOOD,ZEPTO MUMBAI,UPI
TXN_77571A19,2654,2025-11-09,60.49,DEBIT,FOOD,UPI - SWIGGY BANGALORE,UPI
TXN_BFC93054,2654,2025-11-22,447.26,DEBIT,FOOD,UPI - SWIGGY BANGALORE,UPI
TXN_B85D44EB,2654,2025-11-06,448.66,DEBIT,FOOD,BLINKIT GURGAON,UPI
TXN_90D68A47,2654,2025-11-01,463.05,DEBIT,FOOD,UPI - ZOMATO HYDERABAD,UPI
TXN_F43A7708,2654,2025-11-25,401.1,DEBIT,FOOD,ZEPTO MUMBAI,UPI
TXN_F30EE2DB,2654,2025-11-03,171.68,DEBIT,FOOD,UPI - ZOMATO HYDERABAD,UPI
TXN_597576CD,2654,2025-11-19,407.25,DEBIT,FOOD,ZEPTO MUMBAI,UPI
TXN_309F1BAC,2654,2025-11-22,434.47,DEBIT,FOOD,BLINKIT GURGAON,UPI
TXN_DF7E75B6,2654,2025-11-13,372.47,DEBIT,FOOD,UPI - ZOMATO HYDERABAD,UPI
TXN_81B5E78A,2654,2025-11-26,474.93,DEBIT,FOOD,UPI - SWIGGY BANGALORE,UPI
TXN_DE432F40,1056,2025-01-02,144666.67,CREDIT,SALARY,NEFT CR - GOOGLE INDIA,ACH
TXN_89127FB7,1056,2025-01-06,36837.92,DEBIT,RENT,UPI - RENT TO LANDLORD,UPI
TXN_20783C60,1056,2025-01-09,22423.33,DEBIT,INVESTMENT,ACH DR - ZERODHA SIP,ACH
TXN_44FDD3E9,1056,2025-01-08,409.02,DEBIT,FOOD,BLINKIT GURGAON,UPI
TXN_CCC45B3E,1056,2025-01-20,378.36,DEBIT,FOOD,ZEPTO MUMBAI,UPI
TXN_DD02667E,1056,2025-01-25,183.61,DEBIT,FOOD,BLINKIT GURGAON,UPI
TXN_BEA33BBF,1056,2025-01-26,476.74,DEBIT,FOOD,ZEPTO MUMBAI,UPI
TXN_31900964,1056,2025-01-08,196.56,DEBIT,FOOD,ZEPTO MUMBAI,UPI
TXN_0E8DE455,1056,2025-01-14,121.72,DEBIT,FOOD,ZEPTO MUMBAI,UPI
TXN_13BAD878,1056,2025-01-03,379.75,DEBIT,FOOD,BLINKIT GURGAON,UPI
TXN_4F0E6D8A,1056,2025-01-26,148.44,DEBIT,FOOD,UPI - SWIGGY BANGALORE,UPI
TXN_F0F3FBBF,1056,2025-01-03,157.91,DEBIT,FOOD,ZEPTO MUMBAI,UPI
TXN_DEF25CC7,1056,2025-01-23,384.91,DEBIT,FOOD,UPI - ZOMATO HYDERABAD,UPI
TXN_F1713883,1056,2025-01-24,211.43,DEBIT,FOOD,BLINKIT GURGAON,UPI
TXN_134D9572,1056,2025-01-04,80.27,DEBIT,FOOD,BLINKIT GURGAON,UPI
TXN_E5776E04,1056,2025-01-15,198.36,DEBIT,FOOD,BLINKIT GURGAON,UPI
TXN_7CBF88E8,1056,2025-01-04,98.3,DEBIT,FOOD,UPI - ZOMATO HYDERABAD,UPI
TXN_619C8553,1056,2025-01-14,237.49,DEBIT,FOOD,ZEPTO MUMBAI,UPI
TXN_6047F848,1056,2025-01-04,51.56,DEBIT,FOOD,BLINKIT GURGAON,UPI
TXN_E083C7A2,1056,2025-01-18,80.95,DEBIT,FOOD,BLINKIT GURGAON,UPI
TXN_124B269B,1056,2025-01-28,209.5,DEBIT,FOOD,BLINKIT GURGAON,UPI
TXN_21566052,1056,2025-01-14,210.63,DEBIT,FOOD,UPI - SWIGGY BANGALORE,UPI
TXN_40602413,1056,2025-01-24,436.5,DEBIT,FOOD,UPI - ZOMATO HYDERABAD,UPI
TXN_86291637,1056,2025-01-19,269.29,DEBIT,FOOD,ZEPTO MUMBAI,UPI
TXN_890A01ED,1056,2025-01-06,101.09,DEBIT,FOOD,BLINKIT GURGAON,UPI
TXN_4A4F9054,1056,2025-01-09,256.97,DEBIT,FOOD,UPI - SWIGGY BANGALORE,UPI
TXN_136C6556,1056,2025-01-06,231.26,DEBIT,FOOD,ZEPTO MUMBAI,UPI
TXN_64988DC7,1056,2025-01-10,253.06,DEBIT,FOOD,UPI - SWIGGY BANGALORE,UPI
TXN_4B82CD29,1056,2025-01-12,150.75,DEBIT,FOOD,UPI - ZOMATO HYDERABAD,UPI
TXN_75D16439,1056,2025-01-24,315.01,DEBIT,FOOD,UPI - ZOMATO HYDERABAD,UPI
TXN_47B8E8A2,1056,2025-01-15,87.07,DEBIT,FOOD,BLINKIT GURGAON,UPI
TXN_E7D51070,1056,2025-02-01,144666.67,CREDIT,SALARY,ACH CR - INFOSYS LTD,ACH
TXN_03A7BEAB,1056,2025-02-05,36837.92,DEBIT,RENT,NEFT - NOBROKER RENT,UPI
TXN_BBC85C0F,1056,2025-02-08,22423.33,DEBIT,INVESTMENT,GROWW MUTUAL FUND,ACH
TXN_94D5F4D8,1056,2025-02-26,419.37,DEBIT,FOOD,ZEPTO MUMBAI,UPI
TXN_D9EE3901,1056,2025-02-11,229.47,DEBIT,FOOD,UPI - ZOMATO HYDERABAD,UPI
TXN_8FD6E5EF,1056,2025-02-10,181.09,DEBIT,FOOD,UPI - ZOMATO HYDERABAD,UPI
TXN_FD5419EB,1056,2025-02-16,178.24,DEBIT,FOOD,ZEPTO MUMBAI,UPI
TXN_AB8A9559,1056,2025-02-11,168.24,DEBIT,FOOD,ZEPTO MUMBAI,UPI
TXN_AFD9D720,1056,2025-02-19,384.07,DEBIT,FOOD,BLINKIT GURGAON,UPI
TXN_D3764477,1056,2025-02-13,163.33,DEBIT,FOOD,ZEPTO MUMBAI,UPI
TXN_643262EE,1056,2025-02-12,90.11,DEBIT,FOOD,UPI - ZOMATO HYDERABAD,UPI
TXN_055D1891,1056,2025-02-19,478.8,DEBIT,FOOD,UPI - ZOMATO HYDERABAD,UPI
TXN_679CB596,1056,2025-02-22,377.75,DEBIT,FOOD,UPI - SWIGGY BANGALORE,UPI
TXN_BC53263D,1056,2025-02-24,243.11,DEBIT,FOOD,UPI - ZOMATO HYDERABAD,UPI
TXN_CC80909B,1056,2025-02-15,390.98,DEBIT,FOOD,UPI - SWIGGY BANGALORE,UPI
TXN_42FD5745,1056,2025-02-27,413.03,DEBIT,FOOD,ZEPTO MUMBAI,UPI
TXN_31D0E807,1056,2025-02-22,259.69,DEBIT,FOOD,BLINKIT GURGAON,UPI
TXN_BCB5BC73,1056,2025-02-08,151.18,DEBIT,FOOD,UPI - ZOMATO HYDERABAD,UPI
TXN_3C50030B,1056,2025-02-23,226.18,DEBIT,FOOD,ZEPTO MUMBAI,UPI
TXN_1358FD2D,1056,2025-02-03,237.59,DEBIT,FOOD,ZEPTO MUMBAI,UPI
TXN_F525E0AB,1056,2025-02-19,216.35,DEBIT,FOOD,ZEPTO MUMBAI,UPI
TXN_58BC379E,1056,2025-02-18,56.18,DEBIT,FOOD,BLINKIT GURGAON,UPI
TXN_72D9D8E5,1056,2025-02-23,434.02,DEBIT,FOOD,UPI - SWIGGY BANGALORE,UPI
TXN_E00B4E72,1056,2025-02-04,378.34,DEBIT,FOOD,BLINKIT GURGAON,UPI
TXN_25D5BE0F,1056,2025-02-06,324.68,DEBIT,FOOD,UPI - SWIGGY BANGALORE,UPI
TXN_FE7676F9,1056,2025-02-19,472.79,DEBIT,FOOD,ZEPTO MUMBAI,UPI
TXN_9D718A88,1056,2025-02-25,185.9,DEBIT,FOOD,ZEPTO MUMBAI,UPI
TXN_17D6C820,1056,2025-02-04,44.64,DEBIT,FOOD,BLINKIT GURGAON,UPI
TXN_33187456,1056,2025-02-08,264.7,DEBIT,FOOD,UPI - ZOMATO HYDERABAD,UPI
TXN_C414C936,1056,2025-02-15,204.61,DEBIT,FOOD,ZEPTO MUMBAI,UPI
TXN_704B5066,1056,2025-03-03,144666.67,CREDIT,SALARY,SALARY CREDIT - TCS CORP,ACH
TXN_C8A9F829,1056,2025-03-07,36837.92,DEBIT,RENT,NEFT - NOBROKER RENT,UPI
TXN_C3875137,1056,2025-03-10,22423.33,DEBIT,INVESTMENT,ACH DR - ZERODHA SIP,ACH
TXN_C74C4D78,1056,2025-03-04,169.99,DEBIT,FOOD,UPI - SWIGGY BANGALORE,UPI
TXN_1088B7BE,1056,2025-03-04,405.78,DEBIT,FOOD,UPI - ZOMATO HYDERABAD,UPI
TXN_D583DFCB,1056,2025-03-12,177.23,DEBIT,FOOD,ZEPTO MUMBAI,UPI
TXN_4CA7A705,1056,2025-03-26,131.02,DEBIT,FOOD,ZEPTO MUMBAI,UPI
TXN_B19623DC,1056,2025-03-12,249.51,DEBIT,FOOD,ZEPTO MUMBAI,UPI
TXN_37A038B7,1056,2025-03-24,346.58,DEBIT,FOOD,BLINKIT GURGAON,UPI
TXN_5738ECCC,1056,2025-03-03,172.12,DEBIT,FOOD,UPI - SWIGGY BANGALORE,UPI
TXN_7F86A271,1056,2025-03-01,413.64,DEBIT,FOOD,UPI - SWIGGY BANGALORE,UPI
TXN_DFBA6215,1056,2025-03-22,392.02,DEBIT,FOOD,UPI - ZOMATO HYDERABAD,UPI
TXN_DCC6CED2,1056,2025-03-17,116.76,DEBIT,FOOD,UPI - ZOMATO HYDERABAD,UPI
TXN_4A47AA37,1056,2025-03-11,286.33,DEBIT,FOOD,ZEPTO MUMBAI,UPI
TXN_E37F1F9A,1056,2025-03-08,391.01,DEBIT,FOOD,UPI - ZOMATO HYDERABAD,UPI
TXN_AB2CD4AD,1056,2025-03-06,321.81,DEBIT,FOOD,ZEPTO MUMBAI,UPI
TXN_8BDC4A1F,1056,2025-03-13,52.84,DEBIT,FOOD,UPI - ZOMATO HYDERABAD,UPI
TXN_2754CB07,1056,2025-03-15,300.57,DEBIT,FOOD,ZEPTO MUMBAI,UPI
TXN_3795A819,1056,2025-03-01,350.08,DEBIT,FOOD,UPI - ZOMATO HYDERABAD,UPI
TXN_5307804E,1056,2025-03-09,371.02,DEBIT,FOOD,UPI - SWIGGY BANGALORE,UPI
TXN_1C77EA6C,1056,2025-03-19,84.77,DEBIT,FOOD,UPI - ZOMATO HYDERABAD,UPI
TXN_D674AAE4,1056,2025-03-12,183.43,DEBIT,FOOD,ZEPTO MUMBAI,UPI
TXN_17E98D52,1056,2025-03-04,155.44,DEBIT,FOOD,ZEPTO MUMBAI,UPI
TXN_A65902C5,1056,2025-03-17,465.0,DEBIT,FOOD,BLINKIT GURGAON,UPI
TXN_281F0CC0,1056,2025-03-20,211.0,DEBIT,FOOD,ZEPTO MUMBAI,UPI
TXN_524C68BF,1056,2025-03-19,90.26,DEBIT,FOOD,BLINKIT GURGAON,UPI
TXN_51E97B0C,1056,2025-03-28,241.46,DEBIT,FOOD,UPI - ZOMATO HYDERABAD,UPI
TXN_9CCC0CF2,1056,2025-03-27,336.38,DEBIT,FOOD,BLINKIT GURGAON,UPI
TXN_BF8087D4,1056,2025-03-20,299.67,DEBIT,FOOD,UPI - ZOMATO HYDERABAD,UPI
TXN_37643CDE,1056,2025-03-11,91.86,DEBIT,FOOD,BLINKIT GURGAON,UPI
TXN_4E9F3F48,1056,2025-03-04,120.54,DEBIT,FOOD,UPI - ZOMATO HYDERABAD,UPI
TXN_C2F409DE,1056,2025-03-17,210.92,DEBIT,FOOD,UPI - ZOMATO HYDERABAD,UPI
TXN_11D14953,1056,2025-03-19,208.83,DEBIT,FOOD,UPI - ZOMATO HYDERABAD,UPI
TXN_EA9A8D48,1056,2025-04-02,144666.67,CREDIT,SALARY,CMS SALARY CR - WIPRO,ACH
TXN_8FB7AF4E,1056,2025-04-06,36837.92,DEBIT,RENT,CRED RENT PAY,UPI
TXN_1B4CD48D,1056,2025-04-09,22423.33,DEBIT,INVESTMENT,KFINTECH MF SIP,ACH
TXN_379BE71E,1056,2025-04-18,113.42,DEBIT,FOOD,BLINKIT GURGAON,UPI
TXN_EA623AF9,1056,2025-04-05,122.32,DEBIT,FOOD,ZEPTO MUMBAI,UPI
TXN_1E7E3FDC,1056,2025-04-20,63.59,DEBIT,FOOD,BLINKIT GURGAON,UPI
TXN_F164E7E2,1056,2025-04-01,253.23,DEBIT,FOOD,UPI - ZOMATO HYDERABAD,UPI
TXN_BAF6AF29,1056,2025-04-27,208.94,DEBIT,FOOD,ZEPTO MUMBAI,UPI
TXN_74E206B6,1056,2025-04-14,341.27,DEBIT,FOOD,ZEPTO MUMBAI,UPI
TXN_8E3C0516,1056,2025-04-23,409.55,DEBIT,FOOD,ZEPTO MUMBAI,UPI
TXN_9A745FD2,1056,2025-04-06,76.38,DEBIT,FOOD,UPI - SWIGGY BANGALORE,UPI
TXN_1DD713D4,1056,2025-04-26,374.86,DEBIT,FOOD,BLINKIT GURGAON,UPI
TXN_FF95A33E,1056,2025-04-02,160.94,DEBIT,FOOD,BLINKIT GURGAON,UPI
TXN_30E56063,1056,2025-04-06,383.53,DEBIT,FOOD,ZEPTO MUMBAI,UPI
TXN_B3C06639,1056,2025-04-18,264.75,DEBIT,FOOD,UPI - SWIGGY BANGALORE,UPI
TXN_FACCA3D2,1056,2025-04-09,381.05,DEBIT,FOOD,BLINKIT GURGAON,UPI
TXN_27C6EFCB,1056,2025-04-18,401.95,DEBIT,FOOD,UPI - SWIGGY BANGALORE,UPI
TXN_AED1DDBF,1056,2025-04-25,356.35,DEBIT,FOOD,UPI - ZOMATO HYDERABAD,UPI
TXN_9D64BFF2,1056,2025-04-14,85.06,DEBIT,FOOD,UPI - ZOMATO HYDERABAD,UPI
TXN_F3A716DE,1056,2025-04-10,424.92,DEBIT,FOOD,UPI - SWIGGY BANGALORE,UPI
TXN_263229DF,1056,2025-04-15,155.64,DEBIT,FOOD,UPI - SWIGGY BANGALORE,UPI
TXN_6346B387,1056,2025-04-15,420.73,DEBIT,FOOD,UPI - SWIGGY BANGALORE,UPI
TXN_294F5808,1056,2025-04-25,397.23,DEBIT,FOOD,UPI - ZOMATO HYDERABAD,UPI
TXN_C7CB4D66,1056,2025-05-02,144666.67,CREDIT,SALARY,NEFT CR - GOOGLE INDIA,ACH
TXN_13F18B55,1056,2025-05-06,36837.92,DEBIT,RENT,CRED RENT PAY,UPI
TXN_EA49CDD0,1056,2025-05-09,22423.33,DEBIT,INVESTMENT,KFINTECH MF SIP,ACH
TXN_FFFF128D,1056,2025-05-06,311.11,DEBIT,FOOD,UPI - ZOMATO HYDERABAD,UPI
TXN_23B9578E,1056,2025-05-27,131.05,DEBIT,FOOD,UPI - SWIGGY BANGALORE,UPI
TXN_0B401B3D,1056,2025-05-19,194.36,DEBIT,FOOD,BLINKIT GURGAON,UPI
TXN_B8F64F23,1056,2025-05-20,277.06,DEBIT,FOOD,BLINKIT GURGAON,UPI
TXN_3928983D,1056,2025-05-23,168.76,DEBIT,FOOD,BLINKIT GURGAON,UPI
TXN_5D9BA126,1056,2025-05-28,266.34,DEBIT,FOOD,UPI - SWIGGY BANGALORE,UPI
TXN_A7CD971F,1056,2025-05-05,463.62,DEBIT,FOOD,ZEPTO MUMBAI,UPI
TXN_B945459B,1056,2025-05-02,476.69,DEBIT,FOOD,UPI - ZOMATO HYDERABAD,UPI
TXN_A41B1114,1056,2025-05-23,421.07,DEBIT,FOOD,UPI - ZOMATO HYDERABAD,UPI
TXN_45635A1C,1056,2025-05-05,353.01,DEBIT,FOOD,UPI - ZOMATO HYDERABAD,UPI
TXN_F0207F0F,1056,2025-05-25,411.16,DEBIT,FOOD,ZEPTO MUMBAI,UPI
TXN_81B7F5D7,1056,2025-05-16,102.56,DEBIT,FOOD,BLINKIT GURGAON,UPI
TXN_A1517F11,1056,2025-05-21,222.26,DEBIT,FOOD,ZEPTO MUMBAI,UPI
TXN_54E30B01,1056,2025-05-03,318.8,DEBIT,FOOD,UPI - SWIGGY BANGALORE,UPI
TXN_FFD1D3FF,1056,2025-05-13,266.87,DEBIT,FOOD,BLINKIT GURGAON,UPI
TXN_CFE06224,1056,2025-05-23,451.99,DEBIT,FOOD,BLINKIT GURGAON,UPI
TXN_980A89A8,1056,2025-05-15,458.11,DEBIT,FOOD,BLINKIT GURGAON,UPI
TXN_88469B6C,1056,2025-05-19,41.09,DEBIT,FOOD,UPI - SWIGGY BANGALORE,UPI
TXN_8098BB0A,1056,2025-05-24,467.75,DEBIT,FOOD,BLINKIT GURGAON,UPI
TXN_5C3B15FA,1056,2025-05-28,67.87,DEBIT,FOOD,ZEPTO MUMBAI,UPI
TXN_37BE9FE0,1056,2025-05-07,465.98,DEBIT,FOOD,UPI - ZOMATO HYDERABAD,UPI
TXN_54BD0E5C,1056,2025-05-16,158.16,DEBIT,FOOD,BLINKIT GURGAON,UPI
TXN_4A45C86F,1056,2025-05-11,280.82,DEBIT,FOOD,UPI - ZOMATO HYDERABAD,UPI
TXN_61F3FE6F,1056,2025-05-19,415.07,DEBIT,FOOD,BLINKIT GURGAON,UPI
TXN_5278B4CC,1056,2025-05-22,375.39,DEBIT,FOOD,UPI - SWIGGY BANGALORE,UPI
TXN_A025B4CC,1056,2025-05-04,315.52,DEBIT,FOOD,ZEPTO MUMBAI,UPI
TXN_0A3E8CC5,1056,2025-05-01,94.66,DEBIT,FOOD,UPI - ZOMATO HYDERABAD,UPI
TXN_B8B87CE0,1056,2025-05-15,240.87,DEBIT,FOOD,ZEPTO MUMBAI,UPI
TXN_B2014043,1056,2025-06-01,144666.67,CREDIT,SALARY,SALARY CREDIT - TCS CORP,ACH
TXN_8BD11280,1056,2025-06-05,36837.92,DEBIT,RENT,CRED RENT PAY,UPI
TXN_69241E64,1056,2025-06-08,22423.33,DEBIT,INVESTMENT,ACH DR - ZERODHA SIP,ACH
TXN_20438AF0,1056,2025-06-06,424.75,DEBIT,FOOD,BLINKIT GURGAON,UPI
TXN_F59A1FAA,1056,2025-06-03,328.02,DEBIT,FOOD,BLINKIT GURGAON,UPI
TXN_998489A1,1056,2025-06-03,203.61,DEBIT,FOOD,UPI - ZOMATO HYDERABAD,UPI
TXN_18FD483C,1056,2025-06-02,214.39,DEBIT,FOOD,BLINKIT GURGAON,UPI
TXN_5134A88E,1056,2025-06-24,347.75,DEBIT,FOOD,UPI - ZOMATO HYDERABAD,UPI
TXN_8E2B9B61,1056,2025-06-14,328.41,DEBIT,FOOD,UPI - SWIGGY BANGALORE,UPI
TXN_DD9D17A2,1056,2025-06-01,133.91,DEBIT,FOOD,UPI - SWIGGY BANGALORE,UPI
TXN_219DEDB3,1056,2025-06-05,301.22,DEBIT,FOOD,ZEPTO MUMBAI,UPI
TXN_9960CA43,1056,2025-06-01,43.55,DEBIT,FOOD,BLINKIT GURGAON,UPI
TXN_BFBA5922,1056,2025-06-27,93.06,DEBIT,FOOD,ZEPTO MUMBAI,UPI
TXN_57D235D0,1056,2025-06-23,98.16,DEBIT,FOOD,UPI - SWIGGY BANGALORE,UPI
TXN_D614F75D,1056,2025-06-08,208.55,DEBIT,FOOD,UPI - SWIGGY BANGALORE,UPI
TXN_94B480EE,1056,2025-06-04,177.87,DEBIT,FOOD,BLINKIT GURGAON,UPI
TXN_FB8CAF0F,1056,2025-06-05,208.4,DEBIT,FOOD,UPI - ZOMATO HYDERABAD,UPI
TXN_F69A0E9D,1056,2025-06-21,476.89,DEBIT,FOOD,UPI - ZOMATO HYDERABAD,UPI
TXN_07A3D115,1056,2025-06-03,273.42,DEBIT,FOOD,UPI - SWIGGY BANGALORE,UPI
TXN_180D094F,1056,2025-06-20,326.01,DEBIT,FOOD,ZEPTO MUMBAI,UPI
TXN_A458B45B,1056,2025-06-12,357.87,DEBIT,FOOD,UPI - ZOMATO HYDERABAD,UPI
TXN_C2C00E0E,1056,2025-06-14,311.07,DEBIT,FOOD,ZEPTO MUMBAI,UPI
TXN_3231D0CC,1056,2025-06-28,135.59,DEBIT,FOOD,UPI - SWIGGY BANGALORE,UPI
TXN_20E33D26,1056,2025-06-05,371.08,DEBIT,FOOD,ZEPTO MUMBAI,UPI
TXN_82D080E9,1056,2025-06-12,463.83,DEBIT,FOOD,BLINKIT GURGAON,UPI
TXN_88FC51B8,1056,2025-06-26,101.53,DEBIT,FOOD,BLINKIT GURGAON,UPI
TXN_96BA7196,1056,2025-06-21,77.07,DEBIT,FOOD,BLINKIT GURGAON,UPI
TXN_E2CDDD37,1056,2025-07-01,144666.67,CREDIT,SALARY,ACH CR - INFOSYS LTD,ACH
TXN_0C05FD8F,1056,2025-07-05,36837.92,DEBIT,RENT,CRED RENT PAY,UPI
TXN_42C468B0,1056,2025-07-08,22423.33,DEBIT,INVESTMENT,GROWW MUTUAL FUND,ACH
TXN_861F6BCB,1056,2025-07-17,307.05,DEBIT,FOOD,UPI - ZOMATO HYDERABAD,UPI
TXN_87FA84A9,1056,2025-07-24,212.37,DEBIT,FOOD,UPI - SWIGGY BANGALORE,UPI
TXN_04EA8586,1056,2025-07-26,435.08,DEBIT,FOOD,UPI - ZOMATO HYDERABAD,UPI
TXN_D095B174,1056,2025-07-16,209.79,DEBIT,FOOD,UPI - ZOMATO HYDERABAD,UPI
TXN_29BB9706,1056,2025-07-16,320.76,DEBIT,FOOD,UPI - SWIGGY BANGALORE,UPI
TXN_91C1BB07,1056,2025-07-17,431.04,DEBIT,FOOD,UPI - SWIGGY BANGALORE,UPI
TXN_0E09C7E7,1056,2025-07-12,450.93,DEBIT,FOOD,UPI - ZOMATO HYDERABAD,UPI
TXN_0392F04F,1056,2025-07-13,418.76,DEBIT,FOOD,ZEPTO MUMBAI,UPI
TXN_00074801,1056,2025-07-12,280.4,DEBIT,FOOD,UPI - ZOMATO HYDERABAD,UPI
TXN_CC03A780,1056,2025-07-25,247.25,DEBIT,FOOD,UPI - SWIGGY BANGALORE,UPI
TXN_C21AD98A,1056,2025-07-01,298.44,DEBIT,FOOD,UPI - SWIGGY BANGALORE,UPI
TXN_D9644BFF,1056,2025-07-09,134.93,DEBIT,FOOD,UPI - SWIGGY BANGALORE,UPI
TXN_A1D2FE3F,1056,2025-07-26,215.11,DEBIT,FOOD,BLINKIT GURGAON,UPI
TXN_39446C1D,1056,2025-07-21,353.56,DEBIT,FOOD,ZEPTO MUMBAI,UPI
TXN_8152B710,1056,2025-07-14,348.8,DEBIT,FOOD,UPI - SWIGGY BANGALORE,UPI
TXN_F2CCC8B4,1056,2025-07-21,276.09,DEBIT,FOOD,UPI - ZOMATO HYDERABAD,UPI
TXN_5B26D7AE,1056,2025-07-09,76.78,DEBIT,FOOD,UPI - SWIGGY BANGALORE,UPI
TXN_D70E03B2,1056,2025-07-17,445.21,DEBIT,FOOD,UPI - ZOMATO HYDERABAD,UPI
TXN_C20D3DBC,1056,2025-07-18,183.77,DEBIT,FOOD,UPI - SWIGGY BANGALORE,UPI
TXN_8426C87F,1056,2025-07-10,347.42,DEBIT,FOOD,UPI - ZOMATO HYDERABAD,UPI
TXN_1BAE32CA,1056,2025-07-02,147.57,DEBIT,FOOD,ZEPTO MUMBAI,UPI
TXN_784604F0,1056,2025-07-31,144666.67,CREDIT,SALARY,ACH CR - INFOSYS LTD,ACH
TXN_171A214B,1056,2025-08-04,36837.92,DEBIT,RENT,NEFT - NOBROKER RENT,UPI
TXN_07C61B3A,1056,2025-08-07,22423.33,DEBIT,INVESTMENT,KFINTECH MF SIP,ACH
TXN_FBBDF03F,1056,2025-07-10,333.08,DEBIT,FOOD,UPI - ZOMATO HYDERABAD,UPI
TXN_81D6E40D,1056,2025-07-04,45.57,DEBIT,FOOD,UPI - ZOMATO HYDERABAD,UPI
TXN_16DEE8D3,1056,2025-07-23,44.99,DEBIT,FOOD,ZEPTO MUMBAI,UPI
TXN_BFF7F0A4,1056,2025-07-12,270.12,DEBIT,FOOD,BLINKIT GURGAON,UPI
TXN_9EF7A4FB,1056,2025-07-06,203.62,DEBIT,FOOD,BLINKIT GURGAON,UPI
TXN_E48D1694,1056,2025-07-24,430.02,DEBIT,FOOD,UPI - SWIGGY BANGALORE,UPI
TXN_D14B422E,1056,2025-07-11,395.13,DEBIT,FOOD,BLINKIT GURGAON,UPI
TXN_535A9DB7,1056,2025-07-17,68.1,DEBIT,FOOD,UPI - SWIGGY BANGALORE,UPI
TXN_5E160CF1,1056,2025-07-16,240.29,DEBIT,FOOD,BLINKIT GURGAON,UPI
TXN_3ECEDCC8,1056,2025-07-02,259.83,DEBIT,FOOD,UPI - ZOMATO HYDERABAD,UPI
TXN_31606E56,1056,2025-07-12,109.22,DEBIT,FOOD,UPI - SWIGGY BANGALORE,UPI
TXN_A1E2D15B,1056,2025-07-19,336.61,DEBIT,FOOD,UPI - SWIGGY BANGALORE,UPI
TXN_9B43B749,1056,2025-07-08,365.94,DEBIT,FOOD,UPI - SWIGGY BANGALORE,UPI
TXN_68BC83C3,1056,2025-07-02,417.82,DEBIT,FOOD,UPI - SWIGGY BANGALORE,UPI
TXN_0D0C17F7,1056,2025-07-08,60.23,DEBIT,FOOD,BLINKIT GURGAON,UPI
TXN_26FFD24C,1056,2025-07-13,444.9,DEBIT,FOOD,UPI - ZOMATO HYDERABAD,UPI
TXN_53357BF5,1056,2025-08-30,144666.67,CREDIT,SALARY,ACH CR - INFOSYS LTD,ACH
TXN_6D768765,1056,2025-09-03,36837.92,DEBIT,RENT,CRED RENT PAY,UPI
TXN_C09C87A1,1056,2025-09-06,22423.33,DEBIT,INVESTMENT,KFINTECH MF SIP,ACH
TXN_8D77CF55,1056,2025-08-08,181.59,DEBIT,FOOD,ZEPTO MUMBAI,UPI
TXN_B670E940,1056,2025-08-24,180.77,DEBIT,FOOD,UPI - SWIGGY BANGALORE,UPI
TXN_AA7BA056,1056,2025-08-19,204.04,DEBIT,FOOD,UPI - SWIGGY BANGALORE,UPI
TXN_4D50A79E,1056,2025-08-06,138.2,DEBIT,FOOD,UPI - SWIGGY BANGALORE,UPI
TXN_508AD1BB,1056,2025-08-13,70.33,DEBIT,FOOD,ZEPTO MUMBAI,UPI
TXN_16E3BCA6,1056,2025-08-28,164.22,DEBIT,FOOD,BLINKIT GURGAON,UPI
TXN_65F43614,1056,2025-08-11,78.01,DEBIT,FOOD,ZEPTO MUMBAI,UPI
TXN_3CABA50E,1056,2025-08-01,202.32,DEBIT,FOOD,BLINKIT GURGAON,UPI
TXN_FE4667BF,1056,2025-08-19,385.18,DEBIT,FOOD,UPI - ZOMATO HYDERABAD,UPI
TXN_41E855EC,1056,2025-08-15,202.04,DEBIT,FOOD,ZEPTO MUMBAI,UPI
TXN_7D11E633,1056,2025-08-25,381.39,DEBIT,FOOD,UPI - ZOMATO HYDERABAD,UPI
TXN_26F0CB0E,1056,2025-08-05,42.81,DEBIT,FOOD,ZEPTO MUMBAI,UPI
TXN_47948676,1056,2025-08-01,142.52,DEBIT,FOOD,BLINKIT GURGAON,UPI
TXN_73C1950F,1056,2025-08-21,409.41,DEBIT,FOOD,UPI - SWIGGY BANGALORE,UPI
TXN_74456361,1056,2025-08-11,40.64,DEBIT,FOOD,ZEPTO MUMBAI,UPI
TXN_2B17792D,1056,2025-08-28,364.76,DEBIT,FOOD,BLINKIT GURGAON,UPI
TXN_4BF5490B,1056,2025-08-04,130.29,DEBIT,FOOD,UPI - ZOMATO HYDERABAD,UPI
TXN_B238F074,1056,2025-08-14,256.49,DEBIT,FOOD,UPI - SWIGGY BANGALORE,UPI
TXN_1F81F372,1056,2025-08-05,353.13,DEBIT,FOOD,UPI - SWIGGY BANGALORE,UPI
TXN_FCBEC847,1056,2025-08-02,445.36,DEBIT,FOOD,ZEPTO MUMBAI,UPI
TXN_8120F02F,1056,2025-08-23,434.05,DEBIT,FOOD,ZEPTO MUMBAI,UPI
TXN_706EEEAE,1056,2025-08-24,77.36,DEBIT,FOOD,UPI - SWIGGY BANGALORE,UPI
TXN_230A02B1,1056,2025-08-17,98.75,DEBIT,FOOD,ZEPTO MUMBAI,UPI
TXN_526A76F4,1056,2025-08-03,300.43,DEBIT,FOOD,UPI - SWIGGY BANGALORE,UPI
TXN_A74F7508,1056,2025-08-14,331.48,DEBIT,FOOD,UPI - ZOMATO HYDERABAD,UPI
TXN_BB3C347E,1056,2025-08-08,168.34,DEBIT,FOOD,BLINKIT GURGAON,UPI
TXN_1DC93471,1056,2025-08-26,212.9,DEBIT,FOOD,BLINKIT GURGAON,UPI
TXN_F95DC73D,1056,2025-08-11,239.21,DEBIT,FOOD,UPI - ZOMATO HYDERABAD,UPI
TXN_1BD9A423,1056,2025-09-29,144666.67,CREDIT,SALARY,ACH CR - INFOSYS LTD,ACH
TXN_29C88FF3,1056,2025-10-03,36837.92,DEBIT,RENT,UPI - RENT TO LANDLORD,UPI
TXN_0140947C,1056,2025-10-06,22423.33,DEBIT,INVESTMENT,ACH DR - ZERODHA SIP,ACH
TXN_F0C0D6F9,1056,2025-09-05,86.49,DEBIT,FOOD,ZEPTO MUMBAI,UPI
TXN_047A794A,1056,2025-09-15,178.17,DEBIT,FOOD,UPI - SWIGGY BANGALORE,UPI
TXN_BDF4ABD9,1056,2025-09-18,197.65,DEBIT,FOOD,UPI - ZOMATO HYDERABAD,UPI
TXN_DA9F86F9,1056,2025-09-15,175.66,DEBIT,FOOD,BLINKIT GURGAON,UPI
TXN_60D07FF6,1056,2025-09-28,92.76,DEBIT,FOOD,UPI - ZOMATO HYDERABAD,UPI
TXN_EF2EB7C0,1056,2025-09-26,341.86,DEBIT,FOOD,UPI - SWIGGY BANGALORE,UPI
TXN_F2934AD1,1056,2025-09-07,407.81,DEBIT,FOOD,BLINKIT GURGAON,UPI
TXN_046923A1,1056,2025-09-05,80.13,DEBIT,FOOD,UPI - ZOMATO HYDERABAD,UPI
TXN_FA6BD080,1056,2025-09-12,214.35,DEBIT,FOOD,UPI - SWIGGY BANGALORE,UPI
TXN_BB4C2F8E,1056,2025-09-22,171.49,DEBIT,FOOD,UPI - ZOMATO HYDERABAD,UPI
TXN_E89362C4,1056,2025-09-01,458.92,DEBIT,FOOD,ZEPTO MUMBAI,UPI
TXN_08663824,1056,2025-09-18,369.15,DEBIT,FOOD,UPI - ZOMATO HYDERABAD,UPI
TXN_CCD64D53,1056,2025-09-04,243.3,DEBIT,FOOD,UPI - ZOMATO HYDERABAD,UPI
TXN_F98FBC0F,1056,2025-09-04,45.26,DEBIT,FOOD,UPI - ZOMATO HYDERABAD,UPI
TXN_87138162,1056,2025-09-05,127.18,DEBIT,FOOD,ZEPTO MUMBAI,UPI
TXN_00248839,1056,2025-09-12,341.97,DEBIT,FOOD,UPI - SWIGGY BANGALORE,UPI
TXN_8CB21575,1056,2025-09-19,297.89,DEBIT,FOOD,UPI - SWIGGY BANGALORE,UPI
TXN_11850806,1056,2025-09-01,478.75,DEBIT,FOOD,UPI - ZOMATO HYDERABAD,UPI
TXN_3EDE28F8,1056,2025-10-29,144666.67,CREDIT,SALARY,CMS SALARY CR - WIPRO,ACH
TXN_5C240461,1056,2025-11-02,36837.92,DEBIT,RENT,UPI - RENT TO LANDLORD,UPI
TXN_E22B92E6,1056,2025-11-05,22423.33,DEBIT,INVESTMENT,ACH DR - ZERODHA SIP,ACH
TXN_FAB81546,1056,2025-10-04,58.79,DEBIT,FOOD,ZEPTO MUMBAI,UPI
TXN_9A56C6F7,1056,2025-10-02,113.92,DEBIT,FOOD,ZEPTO MUMBAI,UPI
TXN_9DDE6DD5,1056,2025-10-27,358.75,DEBIT,FOOD,ZEPTO MUMBAI,UPI
TXN_49B4F585,1056,2025-10-01,208.4,DEBIT,FOOD,ZEPTO MUMBAI,UPI
TXN_E9A36D88,1056,2025-10-06,195.74,DEBIT,FOOD,UPI - ZOMATO HYDERABAD,UPI
TXN_89B56D10,1056,2025-10-09,163.14,DEBIT,FOOD,UPI - ZOMATO HYDERABAD,UPI
TXN_D516269D,1056,2025-10-02,310.21,DEBIT,FOOD,UPI - ZOMATO HYDERABAD,UPI
TXN_3BD3EDAF,1056,2025-10-21,169.85,DEBIT,FOOD,ZEPTO MUMBAI,UPI
TXN_6D4F4EF4,1056,2025-10-18,250.77,DEBIT,FOOD,UPI - SWIGGY BANGALORE,UPI
TXN_90A1E566,1056,2025-10-09,208.53,DEBIT,FOOD,ZEPTO MUMBAI,UPI
TXN_136A517F,1056,2025-10-07,322.77,DEBIT,FOOD,UPI - ZOMATO HYDERABAD,UPI
TXN_E9DAAC6F,1056,2025-10-21,477.4,DEBIT,FOOD,UPI - SWIGGY BANGALORE,UPI
TXN_1B9C07DF,1056,2025-10-13,384.04,DEBIT,FOOD,BLINKIT GURGAON,UPI
TXN_7246C50E,1056,2025-10-16,279.59,DEBIT,FOOD,ZEPTO MUMBAI,UPI
TXN_7A65A8C5,1056,2025-10-12,441.58,DEBIT,FOOD,BLINKIT GURGAON,UPI
TXN_330AC872,1056,2025-10-13,158.99,DEBIT,FOOD,UPI - SWIGGY BANGALORE,UPI
TXN_C681823C,1056,2025-10-11,302.73,DEBIT,FOOD,UPI - SWIGGY BANGALORE,UPI
TXN_8910F674,1056,2025-10-26,382.56,DEBIT,FOOD,UPI - SWIGGY BANGALORE,UPI
TXN_A0FD9BE4,1056,2025-10-26,476.27,DEBIT,FOOD,BLINKIT GURGAON,UPI
TXN_8A0C3FBB,1056,2025-10-25,296.96,DEBIT,FOOD,UPI - ZOMATO HYDERABAD,UPI
TXN_C21B8065,1056,2025-10-06,84.06,DEBIT,FOOD,UPI - ZOMATO HYDERABAD,UPI
TXN_0FF975ED,1056,2025-10-09,274.82,DEBIT,FOOD,UPI - SWIGGY BANGALORE,UPI
TXN_A190DAF2,1056,2025-10-25,478.41,DEBIT,FOOD,UPI - ZOMATO HYDERABAD,UPI
TXN_D350D8F0,1056,2025-10-19,412.46,DEBIT,FOOD,ZEPTO MUMBAI,UPI
TXN_5E6C3D34,1056,2025-10-12,451.49,DEBIT,FOOD,UPI - ZOMATO HYDERABAD,UPI
TXN_CC5DEBCB,1056,2025-11-28,144666.67,CREDIT,SALARY,SALARY CREDIT - TCS CORP,ACH
TXN_708A077D,1056,2025-12-02,36837.92,DEBIT,RENT,UPI - RENT TO LANDLORD,UPI
TXN_E2053846,1056,2025-12-05,22423.33,DEBIT,INVESTMENT,KFINTECH MF SIP,ACH
TXN_32A43B3E,1056,2025-11-26,364.77,DEBIT,FOOD,BLINKIT GURGAON,UPI
TXN_B5223DF0,1056,2025-11-19,52.41,DEBIT,FOOD,BLINKIT GURGAON,UPI
TXN_AB271E1B,1056,2025-11-19,287.99,DEBIT,FOOD,UPI - ZOMATO HYDERABAD,UPI
TXN_FDCC3CE6,1056,2025-11-27,474.72,DEBIT,FOOD,ZEPTO MUMBAI,UPI
TXN_B5AB17F4,1056,2025-11-18,175.98,DEBIT,FOOD,ZEPTO MUMBAI,UPI
TXN_9D80221B,1056,2025-11-02,79.71,DEBIT,FOOD,UPI - ZOMATO HYDERABAD,UPI
TXN_EAB7EC79,1056,2025-11-20,136.28,DEBIT,FOOD,ZEPTO MUMBAI,UPI
TXN_C7D87D6B,1056,2025-11-01,185.96,DEBIT,FOOD,UPI - ZOMATO HYDERABAD,UPI
TXN_85DF95C7,1056,2025-11-26,97.42,DEBIT,FOOD,UPI - ZOMATO HYDERABAD,UPI
TXN_E35F04C8,1056,2025-11-26,411.48,DEBIT,FOOD,BLINKIT GURGAON,UPI
TXN_0117BF72,1056,2025-11-02,49.64,DEBIT,FOOD,UPI - ZOMATO HYDERABAD,UPI
TXN_207759A6,1056,2025-11-25,88.81,DEBIT,FOOD,BLINKIT GURGAON,UPI
TXN_88F87338,1056,2025-11-03,204.38,DEBIT,FOOD,ZEPTO MUMBAI,UPI
TXN_001C3E26,1056,2025-11-19,84.45,DEBIT,FOOD,BLINKIT GURGAON,UPI
TXN_C0045188,1056,2025-11-11,100.04,DEBIT,FOOD,UPI - ZOMATO HYDERABAD,UPI
TXN_578FE453,1056,2025-11-24,457.43,DEBIT,FOOD,ZEPTO MUMBAI,UPI
TXN_8CE68F61,1056,2025-11-21,179.6,DEBIT,FOOD,BLINKIT GURGAON,UPI
TXN_5FA63FE0,1056,2025-11-08,332.83,DEBIT,FOOD,UPI - ZOMATO HYDERABAD,UPI
TXN_0BAB4AD0,1056,2025-11-13,175.0,DEBIT,FOOD,BLINKIT GURGAON,UPI
TXN_F7FD56F7,1056,2025-11-05,118.19,DEBIT,FOOD,UPI - SWIGGY BANGALORE,UPI
TXN_D45BC9CE,1056,2025-11-23,457.43,DEBIT,FOOD,ZEPTO MUMBAI,UPI
TXN_D3ACB592,1056,2025-11-28,477.48,DEBIT,FOOD,UPI - SWIGGY BANGALORE,UPI
TXN_19A30ECC,1056,2025-11-06,305.05,DEBIT,FOOD,UPI - ZOMATO HYDERABAD,UPI
TXN_084B1516,1056,2025-11-21,288.84,DEBIT,FOOD,ZEPTO MUMBAI,UPI
TXN_6FD88383,1056,2025-11-05,185.71,DEBIT,FOOD,UPI - SWIGGY BANGALORE,UPI
TXN_BFA4AEB3,706,2025-01-02,39641.67,CREDIT,SALARY,SALARY CREDIT - TCS CORP,ACH
TXN_E18259F9,706,2025-01-06,9544.92,DEBIT,RENT,NEFT - NOBROKER RENT,UPI
TXN_A58AEB4C,706,2025-01-06,319.92,DEBIT,FOOD,UPI - SWIGGY BANGALORE,UPI
TXN_41C06CE2,706,2025-01-27,351.94,DEBIT,FOOD,BLINKIT GURGAON,UPI
TXN_F40DB680,706,2025-01-15,45.01,DEBIT,FOOD,UPI - ZOMATO HYDERABAD,UPI
TXN_04F1A996,706,2025-01-08,345.0,DEBIT,FOOD,BLINKIT GURGAON,UPI
TXN_8628D7F0,706,2025-01-09,386.29,DEBIT,FOOD,UPI - SWIGGY BANGALORE,UPI
TXN_17CA3A90,706,2025-01-02,209.81,DEBIT,FOOD,ZEPTO MUMBAI,UPI
TXN_AF91DFD2,706,2025-01-06,429.2,DEBIT,FOOD,ZEPTO MUMBAI,UPI
TXN_4DB76F79,706,2025-01-13,194.54,DEBIT,FOOD,ZEPTO MUMBAI,UPI
TXN_97F95EC1,706,2025-01-04,404.68,DEBIT,FOOD,UPI - ZOMATO HYDERABAD,UPI
TXN_D2D35701,706,2025-01-06,238.57,DEBIT,FOOD,UPI - SWIGGY BANGALORE,UPI
TXN_2A3D8D32,706,2025-01-10,48.83,DEBIT,FOOD,BLINKIT GURGAON,UPI
TXN_4A07D0FE,706,2025-01-04,72.65,DEBIT,FOOD,UPI - ZOMATO HYDERABAD,UPI
TXN_B5854079,706,2025-01-13,110.8,DEBIT,FOOD,UPI - SWIGGY BANGALORE,UPI
TXN_DDAB5D89,706,2025-01-18,454.41,DEBIT,FOOD,UPI - SWIGGY BANGALORE,UPI
TXN_AF3BC7F9,706,2025-01-11,301.37,DEBIT,FOOD,ZEPTO MUMBAI,UPI
TXN_82B4CA21,706,2025-01-23,53.64,DEBIT,FOOD,UPI - ZOMATO HYDERABAD,UPI
TXN_580346D5,706,2025-01-20,431.49,DEBIT,FOOD,UPI - ZOMATO HYDERABAD,UPI
TXN_E2C4A603,706,2025-01-02,84.55,DEBIT,FOOD,UPI - ZOMATO HYDERABAD,UPI
TXN_AE0CB3FA,706,2025-01-07,220.08,DEBIT,FOOD,BLINKIT GURGAON,UPI
TXN_BAC3E7E4,706,2025-01-22,163.87,DEBIT,FOOD,UPI - ZOMATO HYDERABAD,UPI
TXN_19350F80,706,2025-01-04,61.84,DEBIT,FOOD,ZEPTO MUMBAI,UPI
TXN_5E3AC176,706,2025-01-05,63.98,DEBIT,FOOD,UPI - SWIGGY BANGALORE,UPI
TXN_9E01A28F,706,2025-01-14,78.56,DEBIT,FOOD,ZEPTO MUMBAI,UPI
TXN_04453ECD,706,2025-01-07,82.67,DEBIT,FOOD,UPI - ZOMATO HYDERABAD,UPI
TXN_58BE95EA,706,2025-01-06,320.8,DEBIT,FOOD,UPI - SWIGGY BANGALORE,UPI
TXN_EE9C822B,706,2025-02-01,39641.67,CREDIT,SALARY,CMS SALARY CR - WIPRO,ACH
TXN_BBB7D9A6,706,2025-02-05,9544.92,DEBIT,RENT,UPI - RENT TO LANDLORD,UPI
TXN_F7888784,706,2025-02-26,214.89,DEBIT,FOOD,ZEPTO MUMBAI,UPI
TXN_5C4EE239,706,2025-02-22,156.6,DEBIT,FOOD,ZEPTO MUMBAI,UPI
TXN_67F8F873,706,2025-02-06,203.25,DEBIT,FOOD,ZEPTO MUMBAI,UPI
TXN_FA795B3A,706,2025-02-12,122.1,DEBIT,FOOD,UPI - SWIGGY BANGALORE,UPI
TXN_0A99DF02,706,2025-02-09,233.49,DEBIT,FOOD,BLINKIT GURGAON,UPI
TXN_9F7DE32B,706,2025-02-08,408.31,DEBIT,FOOD,UPI - SWIGGY BANGALORE,UPI
TXN_A54D8E5C,706,2025-02-05,370.98,DEBIT,FOOD,UPI - SWIGGY BANGALORE,UPI
TXN_FD1F915D,706,2025-02-03,333.98,DEBIT,FOOD,ZEPTO MUMBAI,UPI
TXN_8332629F,706,2025-02-25,299.48,DEBIT,FOOD,UPI - SWIGGY BANGALORE,UPI
TXN_B6D7A7A3,706,2025-02-27,210.33,DEBIT,FOOD,ZEPTO MUMBAI,UPI
TXN_31966347,706,2025-02-18,342.31,DEBIT,FOOD,ZEPTO MUMBAI,UPI
TXN_DEEBF220,706,2025-02-19,427.93,DEBIT,FOOD,ZEPTO MUMBAI,UPI
TXN_17CF11D4,706,2025-02-10,74.74,DEBIT,FOOD,UPI - SWIGGY BANGALORE,UPI
TXN_09B0E39C,706,2025-02-17,291.34,DEBIT,FOOD,UPI - ZOMATO HYDERABAD,UPI
TXN_65D1EF0B,706,2025-02-04,457.67,DEBIT,FOOD,ZEPTO MUMBAI,UPI
TXN_B6FD0430,706,2025-02-06,457.59,DEBIT,FOOD,UPI - ZOMATO HYDERABAD,UPI
TXN_05D4F41D,706,2025-02-07,395.72,DEBIT,FOOD,UPI - ZOMATO HYDERABAD,UPI
TXN_D3F7A441,706,2025-02-02,226.28,DEBIT,FOOD,ZEPTO MUMBAI,UPI
TXN_BB6116A0,706,2025-02-07,478.8,DEBIT,FOOD,UPI - ZOMATO HYDERABAD,UPI
TXN_C096800C,706,2025-02-27,301.82,DEBIT,FOOD,BLINKIT GURGAON,UPI
TXN_5B80F233,706,2025-02-24,442.24,DEBIT,FOOD,UPI - SWIGGY BANGALORE,UPI
TXN_8054F035,706,2025-02-03,210.76,DEBIT,FOOD,ZEPTO MUMBAI,UPI
TXN_5DDF1C25,706,2025-02-18,183.5,DEBIT,FOOD,BLINKIT GURGAON,UPI
TXN_6642BFCB,706,2025-02-17,241.59,DEBIT,FOOD,UPI - SWIGGY BANGALORE,UPI
TXN_0D252058,706,2025-03-03,39641.67,CREDIT,SALARY,CMS SALARY CR - WIPRO,ACH
TXN_43C5BDB9,706,2025-03-07,9544.92,DEBIT,RENT,UPI - RENT TO LANDLORD,UPI
TXN_48EBF44F,706,2025-03-05,105.21,DEBIT,FOOD,UPI - SWIGGY BANGALORE,UPI
TXN_0EFF2DFB,706,2025-03-04,287.58,DEBIT,FOOD,UPI - SWIGGY BANGALORE,UPI
TXN_565394C2,706,2025-03-26,165.88,DEBIT,FOOD,BLINKIT GURGAON,UPI
TXN_D9702723,706,2025-03-14,156.22,DEBIT,FOOD,ZEPTO MUMBAI,UPI
TXN_F606482A,706,2025-03-19,307.94,DEBIT,FOOD,UPI - SWIGGY BANGALORE,UPI
TXN_4660B111,706,2025-03-06,161.18,DEBIT,FOOD,UPI - ZOMATO HYDERABAD,UPI
TXN_80CCE226,706,2025-03-20,307.81,DEBIT,FOOD,ZEPTO MUMBAI,UPI
TXN_044E1C1B,706,2025-03-02,214.15,DEBIT,FOOD,BLINKIT GURGAON,UPI
TXN_458CFA46,706,2025-03-23,144.53,DEBIT,FOOD,ZEPTO MUMBAI,UPI
TXN_2236547A,706,2025-03-09,434.69,DEBIT,FOOD,UPI - SWIGGY BANGALORE,UPI
TXN_D55A6E2F,706,2025-03-11,399.65,DEBIT,FOOD,BLINKIT GURGAON,UPI
TXN_40FFD1C2,706,2025-03-10,163.35,DEBIT,FOOD,ZEPTO MUMBAI,UPI
TXN_C72E7918,706,2025-03-28,346.32,DEBIT,FOOD,UPI - SWIGGY BANGALORE,UPI
TXN_AC02E28F,706,2025-03-28,140.3,DEBIT,FOOD,BLINKIT GURGAON,UPI
TXN_83907248,706,2025-03-24,234.97,DEBIT,FOOD,BLINKIT GURGAON,UPI
TXN_9E377572,706,2025-03-09,360.67,DEBIT,FOOD,UPI - SWIGGY BANGALORE,UPI
TXN_E71A889E,706,2025-03-07,234.36,DEBIT,FOOD,ZEPTO MUMBAI,UPI
TXN_921EDF1E,706,2025-03-24,253.16,DEBIT,FOOD,BLINKIT GURGAON,UPI
TXN_B0BC7245,706,2025-03-27,64.73,DEBIT,FOOD,UPI - ZOMATO HYDERABAD,UPI
TXN_9A37366C,706,2025-03-03,176.89,DEBIT,FOOD,ZEPTO MUMBAI,UPI
TXN_5A0F6240,706,2025-03-05,383.43,DEBIT,FOOD,UPI - SWIGGY BANGALORE,UPI
TXN_AB8E712C,706,2025-03-06,124.82,DEBIT,FOOD,UPI - ZOMATO HYDERABAD,UPI
TXN_BB6D4413,706,2025-03-27,65.36,DEBIT,FOOD,UPI - SWIGGY BANGALORE,UPI
TXN_4462CDF1,706,2025-03-15,62.25,DEBIT,FOOD,BLINKIT GURGAON,UPI
TXN_28B20351,706,2025-03-23,127.61,DEBIT,FOOD,BLINKIT GURGAON,UPI
TXN_F942A069,706,2025-03-27,244.26,DEBIT,FOOD,ZEPTO MUMBAI,UPI
TXN_CA019085,706,2025-03-21,446.15,DEBIT,FOOD,UPI - SWIGGY BANGALORE,UPI
TXN_AD6333AD,706,2025-03-08,203.89,DEBIT,FOOD,ZEPTO MUMBAI,UPI
TXN_394F1ED9,706,2025-04-02,39641.67,CREDIT,SALARY,SALARY CREDIT - TCS CORP,ACH
TXN_142F16C8,706,2025-04-06,9544.92,DEBIT,RENT,NEFT - NOBROKER RENT,UPI
TXN_51DA98BB,706,2025-04-12,111.95,DEBIT,FOOD,BLINKIT GURGAON,UPI
TXN_06CE0882,706,2025-04-24,405.58,DEBIT,FOOD,UPI - SWIGGY BANGALORE,UPI
TXN_A4554A23,706,2025-04-10,52.08,DEBIT,FOOD,UPI - SWIGGY BANGALORE,UPI
TXN_16BA195A,706,2025-04-06,415.68,DEBIT,FOOD,UPI - ZOMATO HYDERABAD,UPI
TXN_5B6741B9,706,2025-04-28,137.39,DEBIT,FOOD,UPI - ZOMATO HYDERABAD,UPI
TXN_9A31C9FA,706,2025-04-22,130.96,DEBIT,FOOD,ZEPTO MUMBAI,UPI
TXN_EEE51AF1,706,2025-04-17,48.82,DEBIT,FOOD,UPI - SWIGGY BANGALORE,UPI
TXN_07C95795,706,2025-04-16,441.07,DEBIT,FOOD,UPI - ZOMATO HYDERABAD,UPI
TXN_94A7684C,706,2025-04-20,392.38,DEBIT,FOOD,UPI - ZOMATO HYDERABAD,UPI
TXN_555D7DFC,706,2025-04-09,307.67,DEBIT,FOOD,BLINKIT GURGAON,UPI
TXN_84DB129B,706,2025-04-23,465.49,DEBIT,FOOD,BLINKIT GURGAON,UPI
TXN_F1EE35A9,706,2025-04-14,434.01,DEBIT,FOOD,BLINKIT GURGAON,UPI
TXN_980C8577,706,2025-04-15,150.88,DEBIT,FOOD,ZEPTO MUMBAI,UPI
TXN_B0365D8D,706,2025-04-10,337.97,DEBIT,FOOD,ZEPTO MUMBAI,UPI
TXN_C5ADE41E,706,2025-04-19,85.02,DEBIT,FOOD,BLINKIT GURGAON,UPI
TXN_485FC6CA,706,2025-04-18,324.83,DEBIT,FOOD,BLINKIT GURGAON,UPI
TXN_A487CE51,706,2025-04-10,341.14,DEBIT,FOOD,ZEPTO MUMBAI,UPI
TXN_37E04319,706,2025-04-03,187.96,DEBIT,FOOD,BLINKIT GURGAON,UPI
TXN_5D2BCE4C,706,2025-04-21,183.06,DEBIT,FOOD,BLINKIT GURGAON,UPI
TXN_FF95D77A,706,2025-04-09,328.69,DEBIT,FOOD,BLINKIT GURGAON,UPI
TXN_E6BA32EE,706,2025-04-07,105.97,DEBIT,FOOD,UPI - ZOMATO HYDERABAD,UPI
TXN_86C3AC2E,706,2025-04-02,394.39,DEBIT,FOOD,ZEPTO MUMBAI,UPI
TXN_90241588,706,2025-04-22,180.62,DEBIT,FOOD,UPI - ZOMATO HYDERABAD,UPI
TXN_CD05A30A,706,2025-04-24,51.2,DEBIT,FOOD,ZEPTO MUMBAI,UPI
TXN_1B74BD2D,706,2025-04-10,154.15,DEBIT,FOOD,ZEPTO MUMBAI,UPI
TXN_DA24E816,706,2025-04-13,210.84,DEBIT,FOOD,UPI - SWIGGY BANGALORE,UPI
TXN_83013BCF,706,2025-05-02,39641.67,CREDIT,SALARY,SALARY CREDIT - TCS CORP,ACH
TXN_1892ECDA,706,2025-05-06,9544.92,DEBIT,RENT,NEFT - NOBROKER RENT,UPI
TXN_EEB222EC,706,2025-05-22,275.24,DEBIT,FOOD,ZEPTO MUMBAI,UPI
TXN_3038E9A6,706,2025-05-22,197.74,DEBIT,FOOD,BLINKIT GURGAON,UPI
TXN_72888E02,706,2025-05-28,114.79,DEBIT,FOOD,UPI - ZOMATO HYDERABAD,UPI
TXN_3A9F8A31,706,2025-05-10,82.95,DEBIT,FOOD,UPI - ZOMATO HYDERABAD,UPI
TXN_B2A63AE1,706,2025-05-24,153.81,DEBIT,FOOD,UPI - ZOMATO HYDERABAD,UPI
TXN_27D2324A,706,2025-05-22,435.82,DEBIT,FOOD,UPI - SWIGGY BANGALORE,UPI
TXN_8D0A77DB,706,2025-05-08,196.32,DEBIT,FOOD,BLINKIT GURGAON,UPI
TXN_B6E04D69,706,2025-05-14,386.76,DEBIT,FOOD,BLINKIT GURGAON,UPI
TXN_77389DDE,706,2025-05-12,154.65,DEBIT,FOOD,BLINKIT GURGAON,UPI
TXN_6D1ED53A,706,2025-05-15,414.53,DEBIT,FOOD,ZEPTO MUMBAI,UPI
TXN_BDA97659,706,2025-05-02,421.21,DEBIT,FOOD,UPI - SWIGGY BANGALORE,UPI
TXN_66DE74B4,706,2025-05-16,431.35,DEBIT,FOOD,UPI - SWIGGY BANGALORE,UPI
TXN_6D329A03,706,2025-05-28,339.51,DEBIT,FOOD,BLINKIT GURGAON,UPI
TXN_09920397,706,2025-05-14,63.79,DEBIT,FOOD,UPI - ZOMATO HYDERABAD,UPI
TXN_0619BFA2,706,2025-05-05,476.63,DEBIT,FOOD,BLINKIT GURGAON,UPI
TXN_EAA8F387,706,2025-05-14,474.36,DEBIT,FOOD,ZEPTO MUMBAI,UPI
TXN_D7C6AAE6,706,2025-05-05,179.21,DEBIT,FOOD,UPI - ZOMATO HYDERABAD,UPI
TXN_39F184E0,706,2025-05-25,75.56,DEBIT,FOOD,BLINKIT GURGAON,UPI
TXN_D5D1BD6E,706,2025-05-21,474.12,DEBIT,FOOD,BLINKIT GURGAON,UPI
TXN_DD9B6259,706,2025-05-21,65.53,DEBIT,FOOD,ZEPTO MUMBAI,UPI
TXN_22EAC842,706,2025-05-09,132.13,DEBIT,FOOD,UPI - ZOMATO HYDERABAD,UPI
TXN_58ABDA1C,706,2025-05-19,376.37,DEBIT,FOOD,ZEPTO MUMBAI,UPI
TXN_09046A60,706,2025-06-01,39641.67,CREDIT,SALARY,ACH CR - INFOSYS LTD,ACH
TXN_3DCD20D6,706,2025-06-05,9544.92,DEBIT,RENT,UPI - RENT TO LANDLORD,UPI
TXN_D0138CE6,706,2025-06-21,228.94,DEBIT,FOOD,ZEPTO MUMBAI,UPI
TXN_BEFB2F18,706,2025-06-16,208.66,DEBIT,FOOD,UPI - SWIGGY BANGALORE,UPI
TXN_ADE4A0FD,706,2025-06-18,127.74,DEBIT,FOOD,BLINKIT GURGAON,UPI
TXN_3168C42C,706,2025-06-01,432.48,DEBIT,FOOD,UPI - ZOMATO HYDERABAD,UPI
TXN_3CA7719C,706,2025-06-01,337.77,DEBIT,FOOD,UPI - ZOMATO HYDERABAD,UPI
TXN_BB7E6069,706,2025-06-08,345.15,DEBIT,FOOD,BLINKIT GURGAON,UPI
TXN_8CD496A0,706,2025-06-10,96.73,DEBIT,FOOD,ZEPTO MUMBAI,UPI
TXN_C4843192,706,2025-06-17,299.02,DEBIT,FOOD,UPI - ZOMATO HYDERABAD,UPI
TXN_6BD7B86F,706,2025-06-03,402.49,DEBIT,FOOD,BLINKIT GURGAON,UPI
TXN_90CC01AD,706,2025-06-10,240.61,DEBIT,FOOD,BLINKIT GURGAON,UPI
TXN_A831ADA0,706,2025-06-14,430.71,DEBIT,FOOD,UPI - ZOMATO HYDERABAD,UPI
TXN_C5584665,706,2025-06-11,478.3,DEBIT,FOOD,ZEPTO MUMBAI,UPI
TXN_ECE002F0,706,2025-06-12,370.05,DEBIT,FOOD,UPI - ZOMATO HYDERABAD,UPI
TXN_2EDEBFF8,706,2025-06-26,217.49,DEBIT,FOOD,UPI - ZOMATO HYDERABAD,UPI
TXN_A31709DC,706,2025-06-08,359.95,DEBIT,FOOD,UPI - ZOMATO HYDERABAD,UPI
TXN_F30FBEF5,706,2025-06-07,362.99,DEBIT,FOOD,UPI - ZOMATO HYDERABAD,UPI
TXN_2D6028A5,706,2025-06-04,201.3,DEBIT,FOOD,UPI - SWIGGY BANGALORE,UPI
TXN_678C6AE4,706,2025-06-13,425.68,DEBIT,FOOD,BLINKIT GURGAON,UPI
TXN_3362EE55,706,2025-06-25,275.28,DEBIT,FOOD,UPI - SWIGGY BANGALORE,UPI
TXN_42E71D9E,706,2025-06-20,477.66,DEBIT,FOOD,UPI - SWIGGY BANGALORE,UPI
TXN_A5F2DB95,706,2025-06-21,407.89,DEBIT,FOOD,UPI - SWIGGY BANGALORE,UPI
TXN_3F16A3A8,706,2025-06-23,90.95,DEBIT,FOOD,ZEPTO MUMBAI,UPI
TXN_31D38EC6,706,2025-06-13,94.38,DEBIT,FOOD,BLINKIT GURGAON,UPI
TXN_4CA0B48A,706,2025-06-16,348.82,DEBIT,FOOD,UPI - ZOMATO HYDERABAD,UPI
TXN_DFDC1FC7,706,2025-06-23,341.73,DEBIT,FOOD,UPI - SWIGGY BANGALORE,UPI
TXN_D81F0487,706,2025-06-10,225.18,DEBIT,FOOD,UPI - SWIGGY BANGALORE,UPI
TXN_1C09CC59,706,2025-06-22,268.94,DEBIT,FOOD,UPI - ZOMATO HYDERABAD,UPI
TXN_EFB2AB34,706,2025-06-14,405.49,DEBIT,FOOD,UPI - SWIGGY BANGALORE,UPI
TXN_80A1B36E,706,2025-07-01,39641.67,CREDIT,SALARY,ACH CR - INFOSYS LTD,ACH
TXN_F87A5BC8,706,2025-07-05,9544.92,DEBIT,RENT,NEFT - NOBROKER RENT,UPI
TXN_E10D14FD,706,2025-07-26,86.76,DEBIT,FOOD,UPI - ZOMATO HYDERABAD,UPI
TXN_A695664F,706,2025-07-20,127.89,DEBIT,FOOD,BLINKIT GURGAON,UPI
TXN_AD6D1C67,706,2025-07-27,270.18,DEBIT,FOOD,UPI - ZOMATO HYDERABAD,UPI
TXN_B89D6618,706,2025-07-12,349.51,DEBIT,FOOD,BLINKIT GURGAON,UPI
TXN_70DD5A28,706,2025-07-06,57.34,DEBIT,FOOD,ZEPTO MUMBAI,UPI
TXN_5821CF41,706,2025-07-07,342.81,DEBIT,FOOD,ZEPTO MUMBAI,UPI
TXN_A2248429,706,2025-07-11,143.18,DEBIT,FOOD,UPI - SWIGGY BANGALORE,UPI
TXN_84A6F1A8,706,2025-07-22,79.16,DEBIT,FOOD,UPI - SWIGGY BANGALORE,UPI
TXN_F0351064,706,2025-07-27,292.63,DEBIT,FOOD,ZEPTO MUMBAI,UPI
TXN_90D54979,706,2025-07-05,457.76,DEBIT,FOOD,UPI - SWIGGY BANGALORE,UPI
TXN_F8C73CED,706,2025-07-24,358.37,DEBIT,FOOD,BLINKIT GURGAON,UPI
TXN_6BB359FF,706,2025-07-21,141.71,DEBIT,FOOD,BLINKIT GURGAON,UPI
TXN_0B9A7223,706,2025-07-09,244.28,DEBIT,FOOD,UPI - SWIGGY BANGALORE,UPI
TXN_44469A25,706,2025-07-27,116.87,DEBIT,FOOD,UPI - SWIGGY BANGALORE,UPI
TXN_1D6A7C42,706,2025-07-28,167.85,DEBIT,FOOD,BLINKIT GURGAON,UPI
TXN_12DDDB05,706,2025-07-14,364.96,DEBIT,FOOD,UPI - SWIGGY BANGALORE,UPI
TXN_9061708C,706,2025-07-28,373.61,DEBIT,FOOD,UPI - SWIGGY BANGALORE,UPI
TXN_D97D5CEF,706,2025-07-01,414.88,DEBIT,FOOD,UPI - ZOMATO HYDERABAD,UPI
TXN_563F03AF,706,2025-07-31,39641.67,CREDIT,SALARY,NEFT CR - GOOGLE INDIA,ACH
TXN_EE39560D,706,2025-08-04,9544.92,DEBIT,RENT,NEFT - NOBROKER RENT,UPI
TXN_477C5B32,706,2025-07-20,158.06,DEBIT,FOOD,UPI - SWIGGY BANGALORE,UPI
TXN_83C2AAB3,706,2025-07-12,398.58,DEBIT,FOOD,UPI - ZOMATO HYDERABAD,UPI
TXN_308C828A,706,2025-07-04,216.34,DEBIT,FOOD,ZEPTO MUMBAI,UPI
TXN_97B06DCD,706,2025-07-09,407.71,DEBIT,FOOD,ZEPTO MUMBAI,UPI
TXN_5D2F6B92,706,2025-07-26,225.57,DEBIT,FOOD,UPI - ZOMATO HYDERABAD,UPI
TXN_73C17302,706,2025-07-04,98.31,DEBIT,FOOD,UPI - SWIGGY BANGALORE,UPI
TXN_5C12155E,706,2025-07-28,110.13,DEBIT,FOOD,ZEPTO MUMBAI,UPI
TXN_2713730F,706,2025-07-19,252.38,DEBIT,FOOD,ZEPTO MUMBAI,UPI
TXN_023A1C31,706,2025-07-06,308.98,DEBIT,FOOD,BLINKIT GURGAON,UPI
TXN_2E6E9FFE,706,2025-07-20,52.68,DEBIT,FOOD,UPI - ZOMATO HYDERABAD,UPI
TXN_BB0E8084,706,2025-07-16,444.98,DEBIT,FOOD,UPI - SWIGGY BANGALORE,UPI
TXN_3E89DF38,706,2025-07-14,233.9,DEBIT,FOOD,UPI - SWIGGY BANGALORE,UPI
TXN_3D817665,706,2025-07-09,328.19,DEBIT,FOOD,UPI - SWIGGY BANGALORE,UPI
TXN_959CC429,706,2025-07-23,422.07,DEBIT,FOOD,UPI - ZOMATO HYDERABAD,UPI
TXN_6DC98B3C,706,2025-07-22,424.18,DEBIT,FOOD,UPI - SWIGGY BANGALORE,UPI
TXN_89EAFF89,706,2025-07-14,331.15,DEBIT,FOOD,UPI - ZOMATO HYDERABAD,UPI
TXN_7EC92727,706,2025-07-16,192.13,DEBIT,FOOD,ZEPTO MUMBAI,UPI
TXN_34F09CE2,706,2025-07-05,409.17,DEBIT,FOOD,UPI - SWIGGY BANGALORE,UPI
TXN_D79F8CAC,706,2025-07-01,323.1,DEBIT,FOOD,UPI - ZOMATO HYDERABAD,UPI
TXN_7DC9DCA2,706,2025-07-17,413.49,DEBIT,FOOD,ZEPTO MUMBAI,UPI
TXN_E22A25CC,706,2025-07-28,112.78,DEBIT,FOOD,ZEPTO MUMBAI,UPI
TXN_F4EFDFC2,706,2025-07-11,145.99,DEBIT,FOOD,BLINKIT GURGAON,UPI
TXN_21E480C7,706,2025-07-02,263.05,DEBIT,FOOD,ZEPTO MUMBAI,UPI
TXN_75EE433D,706,2025-07-13,399.53,DEBIT,FOOD,UPI - SWIGGY BANGALORE,UPI
TXN_B7FADD97,706,2025-07-15,235.44,DEBIT,FOOD,ZEPTO MUMBAI,UPI
TXN_6D472797,706,2025-07-03,416.9,DEBIT,FOOD,ZEPTO MUMBAI,UPI
TXN_86C9F6B0,706,2025-07-11,92.23,DEBIT,FOOD,ZEPTO MUMBAI,UPI
TXN_C6A9E93F,706,2025-07-24,327.48,DEBIT,FOOD,UPI - SWIGGY BANGALORE,UPI
TXN_97D648A3,706,2025-07-13,221.43,DEBIT,FOOD,UPI - SWIGGY BANGALORE,UPI
TXN_0DA9C7EE,706,2025-08-30,39641.67,CREDIT,SALARY,ACH CR - INFOSYS LTD,ACH
TXN_EDEBB849,706,2025-09-03,9544.92,DEBIT,RENT,CRED RENT PAY,UPI
TXN_B9E3996F,706,2025-08-17,287.43,DEBIT,FOOD,ZEPTO MUMBAI,UPI
TXN_856922C9,706,2025-08-11,199.87,DEBIT,FOOD,UPI - SWIGGY BANGALORE,UPI
TXN_A7B8B7CA,706,2025-08-27,138.08,DEBIT,FOOD,ZEPTO MUMBAI,UPI
TXN_A0F62559,706,2025-08-11,286.47,DEBIT,FOOD,ZEPTO MUMBAI,UPI
TXN_39E2A30C,706,2025-08-23,329.15,DEBIT,FOOD,ZEPTO MUMBAI,UPI
TXN_7A4438E6,706,2025-08-04,82.87,DEBIT,FOOD,UPI - ZOMATO HYDERABAD,UPI
TXN_B18A1C0B,706,2025-08-01,190.2,DEBIT,FOOD,BLINKIT GURGAON,UPI
TXN_BB0C2BFF,706,2025-08-18,269.67,DEBIT,FOOD,UPI - SWIGGY BANGALORE,UPI
TXN_E2E0EDCD,706,2025-08-02,434.63,DEBIT,FOOD,ZEPTO MUMBAI,UPI
TXN_48248D18,706,2025-08-05,401.61,DEBIT,FOOD,ZEPTO MUMBAI,UPI
TXN_84CB1ADF,706,2025-08-04,151.89,DEBIT,FOOD,UPI - ZOMATO HYDERABAD,UPI
TXN_41CB69A9,706,2025-08-07,93.13,DEBIT,FOOD,ZEPTO MUMBAI,UPI
TXN_9C6E0293,706,2025-08-07,241.1,DEBIT,FOOD,UPI - ZOMATO HYDERABAD,UPI
TXN_57929BAC,706,2025-08-23,188.69,DEBIT,FOOD,ZEPTO MUMBAI,UPI
TXN_2FA1F656,706,2025-08-02,447.72,DEBIT,FOOD,UPI - SWIGGY BANGALORE,UPI
TXN_25C7123B,706,2025-08-25,432.37,DEBIT,FOOD,ZEPTO MUMBAI,UPI
TXN_FBB57819,706,2025-08-22,299.3,DEBIT,FOOD,UPI - ZOMATO HYDERABAD,UPI
TXN_9B98DC86,706,2025-08-16,41.91,DEBIT,FOOD,UPI - SWIGGY BANGALORE,UPI
TXN_DA82BFBE,706,2025-08-18,451.54,DEBIT,FOOD,ZEPTO MUMBAI,UPI
TXN_6055EE7D,706,2025-08-17,383.68,DEBIT,FOOD,UPI - ZOMATO HYDERABAD,UPI
TXN_DD52ED9D,706,2025-08-23,294.56,DEBIT,FOOD,UPI - ZOMATO HYDERABAD,UPI
TXN_596F1B33,706,2025-08-04,210.46,DEBIT,FOOD,BLINKIT GURGAON,UPI
TXN_5155ADF3,706,2025-08-17,427.81,DEBIT,FOOD,ZEPTO MUMBAI,UPI
TXN_444F0622,706,2025-08-20,443.0,DEBIT,FOOD,UPI - ZOMATO HYDERABAD,UPI
TXN_838132B8,706,2025-09-29,39641.67,CREDIT,SALARY,NEFT CR - GOOGLE INDIA,ACH
TXN_F53B7C21,706,2025-10-03,9544.92,DEBIT,RENT,NEFT - NOBROKER RENT,UPI
TXN_28CE039F,706,2025-09-10,239.25,DEBIT,FOOD,UPI - ZOMATO HYDERABAD,UPI
TXN_44A71CE5,706,2025-09-05,221.61,DEBIT,FOOD,BLINKIT GURGAON,UPI
TXN_CF988467,706,2025-09-27,348.66,DEBIT,FOOD,BLINKIT GURGAON,UPI
TXN_031F2307,706,2025-09-23,364.2,DEBIT,FOOD,UPI - ZOMATO HYDERABAD,UPI
TXN_D08F56DC,706,2025-09-07,132.27,DEBIT,FOOD,BLINKIT GURGAON,UPI
TXN_C7228FCC,706,2025-09-22,191.93,DEBIT,FOOD,UPI - ZOMATO HYDERABAD,UPI
TXN_1DDD0E30,706,2025-09-23,326.04,DEBIT,FOOD,UPI - ZOMATO HYDERABAD,UPI
TXN_5727A8D9,706,2025-09-17,278.7,DEBIT,FOOD,BLINKIT GURGAON,UPI
TXN_ABB25DB8,706,2025-09-23,90.78,DEBIT,FOOD,BLINKIT GURGAON,UPI
TXN_3047FD28,706,2025-09-18,251.36,DEBIT,FOOD,ZEPTO MUMBAI,UPI
TXN_A8A54F5C,706,2025-09-22,369.06,DEBIT,FOOD,BLINKIT GURGAON,UPI
TXN_FDF9B1CE,706,2025-09-28,225.85,DEBIT,FOOD,UPI - SWIGGY BANGALORE,UPI
TXN_75A6E59F,706,2025-09-17,86.85,DEBIT,FOOD,ZEPTO MUMBAI,UPI
TXN_B1162CCC,706,2025-09-05,63.35,DEBIT,FOOD,UPI - SWIGGY BANGALORE,UPI
TXN_1EFF5880,706,2025-09-07,157.47,DEBIT,FOOD,UPI - ZOMATO HYDERABAD,UPI
TXN_E7DB9595,706,2025-09-10,340.69,DEBIT,FOOD,UPI - ZOMATO HYDERABAD,UPI
TXN_B4CE98A7,706,2025-09-27,67.29,DEBIT,FOOD,BLINKIT GURGAON,UPI
TXN_418C9452,706,2025-09-07,371.58,DEBIT,FOOD,UPI - SWIGGY BANGALORE,UPI
TXN_6FA804F9,706,2025-09-12,398.17,DEBIT,FOOD,UPI - SWIGGY BANGALORE,UPI
TXN_3F772005,706,2025-09-20,421.94,DEBIT,FOOD,UPI - ZOMATO HYDERABAD,UPI
TXN_00EE9F74,706,2025-09-24,324.73,DEBIT,FOOD,ZEPTO MUMBAI,UPI
TXN_46580117,706,2025-09-08,264.81,DEBIT,FOOD,BLINKIT GURGAON,UPI
TXN_C4CC8694,706,2025-09-23,332.38,DEBIT,FOOD,ZEPTO MUMBAI,UPI
TXN_142835E6,706,2025-09-13,223.29,DEBIT,FOOD,BLINKIT GURGAON,UPI
TXN_C4FAF8AA,706,2025-09-18,63.67,DEBIT,FOOD,BLINKIT GURGAON,UPI
TXN_F3EE0193,706,2025-10-29,39641.67,CREDIT,SALARY,SALARY CREDIT - TCS CORP,ACH
TXN_D9DD0BA4,706,2025-11-02,9544.92,DEBIT,RENT,CRED RENT PAY,UPI
TXN_4C099375,706,2025-10-27,139.24,DEBIT,FOOD,BLINKIT GURGAON,UPI
TXN_61ED5006,706,2025-10-25,298.89,DEBIT,FOOD,UPI - ZOMATO HYDERABAD,UPI
TXN_E8AC0C81,706,2025-10-25,358.96,DEBIT,FOOD,UPI - ZOMATO HYDERABAD,UPI
TXN_29ADDE89,706,2025-10-10,237.48,DEBIT,FOOD,UPI - SWIGGY BANGALORE,UPI
TXN_DB20F2B3,706,2025-10-06,463.49,DEBIT,FOOD,UPI - SWIGGY BANGALORE,UPI
TXN_28F12C7D,706,2025-10-13,57.88,DEBIT,FOOD,BLINKIT GURGAON,UPI
TXN_F0D87EBB,706,2025-10-18,156.27,DEBIT,FOOD,UPI - ZOMATO HYDERABAD,UPI
TXN_509584E8,706,2025-10-19,412.25,DEBIT,FOOD,UPI - SWIGGY BANGALORE,UPI
TXN_E75DF420,706,2025-10-11,245.19,DEBIT,FOOD,UPI - ZOMATO HYDERABAD,UPI
TXN_4FA20A93,706,2025-10-02,107.63,DEBIT,FOOD,BLINKIT GURGAON,UPI
TXN_C1123635,706,2025-10-20,62.38,DEBIT,FOOD,BLINKIT GURGAON,UPI
TXN_0B3D3094,706,2025-10-16,387.56,DEBIT,FOOD,BLINKIT GURGAON,UPI
TXN_393AC92E,706,2025-10-03,384.97,DEBIT,FOOD,BLINKIT GURGAON,UPI
TXN_5D03E420,706,2025-10-17,136.78,DEBIT,FOOD,UPI - ZOMATO HYDERABAD,UPI
TXN_F6455539,706,2025-10-17,70.0,DEBIT,FOOD,UPI - ZOMATO HYDERABAD,UPI
TXN_6E310C79,706,2025-10-14,278.96,DEBIT,FOOD,ZEPTO MUMBAI,UPI
TXN_B9A21FE6,706,2025-10-03,193.74,DEBIT,FOOD,UPI - ZOMATO HYDERABAD,UPI
TXN_DD930B3F,706,2025-10-22,186.03,DEBIT,FOOD,BLINKIT GURGAON,UPI
TXN_90B91AA0,706,2025-10-10,136.12,DEBIT,FOOD,ZEPTO MUMBAI,UPI
TXN_43BDFB71,706,2025-10-18,402.42,DEBIT,FOOD,UPI - SWIGGY BANGALORE,UPI
TXN_66C42520,706,2025-10-04,334.33,DEBIT,FOOD,ZEPTO MUMBAI,UPI
TXN_24B0DEA7,706,2025-10-08,437.98,DEBIT,FOOD,UPI - ZOMATO HYDERABAD,UPI
TXN_418088B0,706,2025-10-02,340.32,DEBIT,FOOD,BLINKIT GURGAON,UPI
TXN_0EA64264,706,2025-10-13,443.01,DEBIT,FOOD,UPI - SWIGGY BANGALORE,UPI
TXN_815A1F0F,706,2025-10-13,152.9,DEBIT,FOOD,BLINKIT GURGAON,UPI
TXN_19C95040,706,2025-10-01,440.99,DEBIT,FOOD,BLINKIT GURGAON,UPI
TXN_D8F48C2B,706,2025-10-17,393.24,DEBIT,FOOD,ZEPTO MUMBAI,UPI
TXN_F48BA76C,706,2025-10-16,59.29,DEBIT,FOOD,UPI - ZOMATO HYDERABAD,UPI
TXN_966D0EF4,706,2025-10-11,266.11,DEBIT,FOOD,UPI - SWIGGY BANGALORE,UPI
TXN_D17334C7,706,2025-11-28,39641.67,CREDIT,SALARY,SALARY CREDIT - TCS CORP,ACH
TXN_66409195,706,2025-12-02,9544.92,DEBIT,RENT,CRED RENT PAY,UPI
TXN_DEA4C1F5,706,2025-11-21,68.81,DEBIT,FOOD,UPI - ZOMATO HYDERABAD,UPI
TXN_960E432B,706,2025-11-28,341.58,DEBIT,FOOD,UPI - SWIGGY BANGALORE,UPI
TXN_546173C4,706,2025-11-07,276.61,DEBIT,FOOD,ZEPTO MUMBAI,UPI
TXN_866333A8,706,2025-11-21,399.37,DEBIT,FOOD,UPI - SWIGGY BANGALORE,UPI
TXN_DB6AA468,706,2025-11-24,341.86,DEBIT,FOOD,UPI - SWIGGY BANGALORE,UPI
TXN_B994F456,706,2025-11-15,355.42,DEBIT,FOOD,UPI - SWIGGY BANGALORE,UPI
TXN_7B802D17,706,2025-11-03,72.23,DEBIT,FOOD,UPI - ZOMATO HYDERABAD,UPI
TXN_A1DD291D,706,2025-11-26,150.84,DEBIT,FOOD,UPI - SWIGGY BANGALORE,UPI
TXN_5B8046B4,706,2025-11-19,401.51,DEBIT,FOOD,BLINKIT GURGAON,UPI
TXN_2940758E,706,2025-11-14,210.73,DEBIT,FOOD,ZEPTO MUMBAI,UPI
TXN_6C9666C2,706,2025-11-14,179.22,DEBIT,FOOD,ZEPTO MUMBAI,UPI
TXN_ED1743D4,706,2025-11-22,92.05,DEBIT,FOOD,UPI - SWIGGY BANGALORE,UPI
TXN_66731C0F,706,2025-11-21,356.93,DEBIT,FOOD,UPI - SWIGGY BANGALORE,UPI
TXN_E690E840,706,2025-11-25,368.22,DEBIT,FOOD,UPI - SWIGGY BANGALORE,UPI
TXN_8BEC0007,706,2025-11-23,413.23,DEBIT,FOOD,BLINKIT GURGAON,UPI
